exported_at,pipeline,kind,entity,value,last_changed
2026-08-21T10:38:52,capture_daily_ac_cost,accumulator,input_number.ac_cost_year_acc,167.51,2026-08-21T03:59:45.320780+00:00
2026-08-21T10:38:52,capture_daily_ac_cost,accumulator,input_datetime.ac_cost_capture_last_ok,2026-08-20 23:59:45,2026-08-21T03:59:45.322902+00:00
2026-08-21T10:38:52,capture_daily_ac_min_per_cycle,accumulator,input_number.ac_min_per_cycle_day_1,18.2,2026-08-21T03:55:30.121443+00:00
2026-08-21T10:38:52,capture_daily_ac_min_per_cycle,accumulator,input_number.ac_min_per_cycle_day_2,22.9,2026-08-21T03:55:30.119636+00:00
2026-08-21T10:38:52,capture_daily_ac_min_per_cycle,accumulator,input_number.ac_min_per_cycle_day_3,38.2,2026-08-21T03:55:30.115367+00:00
2026-08-21T10:38:52,capture_daily_ac_min_per_cycle,accumulator,input_number.ac_min_per_cycle_day_4,13.3,2026-08-21T03:55:30.112073+00:00
2026-08-21T10:38:52,capture_daily_ac_min_per_cycle,accumulator,input_number.ac_min_per_cycle_day_5,35.5,2026-08-21T03:55:30.104776+00:00
2026-08-21T10:38:52,capture_daily_ac_min_per_cycle,accumulator,input_number.ac_min_per_cycle_day_6,31.8,2026-08-21T03:55:30.095697+00:00
2026-08-21T10:38:52,capture_daily_ac_min_per_cycle,accumulator,input_number.ac_min_per_cycle_day_7,24.6,2026-08-21T03:55:30.092964+00:00
2026-08-21T10:38:52,capture_daily_ac_min_per_cycle,accumulator,input_datetime.ac_min_per_cycle_capture_last_ok,2026-08-20 23:55:30,2026-08-21T03:55:30.127747+00:00
2026-08-21T10:38:52,capture_daily_ac_watts,spc,input_number.ac_running_watts_day_1,2428.4,2026-08-20T03:59:00.215356+00:00
2026-08-21T10:38:52,capture_daily_ac_watts,spc,input_number.ac_running_watts_day_2,2468.0,2026-08-20T03:59:00.205909+00:00
2026-08-21T10:38:52,capture_daily_ac_watts,spc,input_number.ac_running_watts_day_3,2472.9,2026-08-20T03:59:00.203924+00:00
2026-08-21T10:38:52,capture_daily_ac_watts,spc,input_number.ac_running_watts_day_4,2579.5,2026-08-20T03:59:00.200049+00:00
2026-08-21T10:38:52,capture_daily_ac_watts,spc,input_number.ac_running_watts_day_5,2455.4,2026-08-20T03:59:00.195401+00:00
2026-08-21T10:38:52,capture_daily_ac_watts,spc,input_number.ac_running_watts_day_6,2554.0,2026-08-20T03:59:00.181637+00:00
2026-08-21T10:38:52,capture_daily_ac_watts,spc,input_number.ac_running_watts_day_7,2364.5,2026-08-20T03:59:00.173558+00:00
2026-08-21T10:38:52,capture_daily_ac_watts,spc,input_datetime.ac_spc_last_capture,2026-08-19,2026-08-20T03:59:00.217755+00:00
2026-08-21T10:38:52,capture_daily_cdd,accumulator,input_number.cdd_day_1,5.9,2026-08-21T03:55:15.107989+00:00
2026-08-21T10:38:52,capture_daily_cdd,accumulator,input_number.cdd_day_2,8.6,2026-08-21T03:55:15.105962+00:00
2026-08-21T10:38:52,capture_daily_cdd,accumulator,input_number.cdd_day_3,9.5,2026-08-21T03:55:15.100653+00:00
2026-08-21T10:38:52,capture_daily_cdd,accumulator,input_number.cdd_day_4,5.1,2026-08-21T03:55:15.097388+00:00
2026-08-21T10:38:52,capture_daily_cdd,accumulator,input_number.cdd_day_5,2.4,2026-08-21T03:55:15.090614+00:00
2026-08-21T10:38:52,capture_daily_cdd,accumulator,input_number.cdd_day_6,2.6,2026-08-21T03:55:15.087194+00:00
2026-08-21T10:38:52,capture_daily_cdd,accumulator,input_number.cdd_day_7,5.6,2026-08-21T03:55:15.086387+00:00
2026-08-21T10:38:52,capture_daily_cdd,accumulator,input_datetime.cdd_capture_last_ok,2026-08-20 23:55:15,2026-08-21T03:55:15.117895+00:00
2026-08-21T10:38:52,capture_daily_cooling_kwh_cdd,spc,input_number.cooling_kwh_cdd_day_1,1.41,2026-08-21T03:59:00.362250+00:00
2026-08-21T10:38:52,capture_daily_cooling_kwh_cdd,spc,input_number.cooling_kwh_cdd_day_2,1.5,2026-08-21T03:59:00.359895+00:00
2026-08-21T10:38:52,capture_daily_cooling_kwh_cdd,spc,input_number.cooling_kwh_cdd_day_3,0.87,2026-08-21T03:59:00.342079+00:00
2026-08-21T10:38:52,capture_daily_cooling_kwh_cdd,spc,input_number.cooling_kwh_cdd_day_4,0.22,2026-08-21T03:59:00.338667+00:00
2026-08-21T10:38:52,capture_daily_cooling_kwh_cdd,spc,input_number.cooling_kwh_cdd_day_5,0.48,2026-08-21T03:59:00.331247+00:00
2026-08-21T10:38:52,capture_daily_cooling_kwh_cdd,spc,input_number.cooling_kwh_cdd_day_6,0.23,2026-08-21T03:59:00.314444+00:00
2026-08-21T10:38:52,capture_daily_cooling_kwh_cdd,spc,input_number.cooling_kwh_cdd_day_7,1.34,2026-08-21T03:59:00.306404+00:00
2026-08-21T10:38:52,capture_daily_cooling_kwh_cdd,spc,input_datetime.cooling_kwh_cdd_spc_last_capture,2026-08-20,2026-08-21T03:59:00.365435+00:00
2026-08-21T10:38:52,capture_daily_dehumidifier_cost,accumulator,input_number.dehumidifier_cost_year_acc,49.5,2026-08-21T03:59:30.138577+00:00
2026-08-21T10:38:52,capture_daily_dehumidifier_cost,accumulator,input_datetime.dehumidifier_cost_capture_last_ok,2026-08-20 23:59:30,2026-08-21T03:59:30.140612+00:00
2026-08-21T10:38:52,capture_daily_dehumidifier_duty_kwh,accumulator,input_number.dehumidifier_duty_day_1,6.5,2026-08-21T03:59:30.332531+00:00
2026-08-21T10:38:52,capture_daily_dehumidifier_duty_kwh,accumulator,input_number.dehumidifier_duty_day_2,3.9,2026-08-21T03:59:30.325430+00:00
2026-08-21T10:38:52,capture_daily_dehumidifier_duty_kwh,accumulator,input_number.dehumidifier_duty_day_3,6.4,2026-08-21T03:59:30.323081+00:00
2026-08-21T10:38:52,capture_daily_dehumidifier_duty_kwh,accumulator,input_number.dehumidifier_duty_day_4,8.5,2026-08-21T03:59:30.320464+00:00
2026-08-21T10:38:52,capture_daily_dehumidifier_duty_kwh,accumulator,input_number.dehumidifier_duty_day_5,8.4,2026-08-21T03:59:30.320046+00:00
2026-08-21T10:38:52,capture_daily_dehumidifier_duty_kwh,accumulator,input_number.dehumidifier_duty_day_6,9.4,2026-08-21T03:59:30.319634+00:00
2026-08-21T10:38:52,capture_daily_dehumidifier_duty_kwh,accumulator,input_number.dehumidifier_duty_day_7,11.3,2026-08-21T03:59:30.317784+00:00
2026-08-21T10:38:52,capture_daily_dehumidifier_duty_kwh,accumulator,input_number.dehumidifier_kwh_day_1,0.724,2026-08-21T03:59:30.365591+00:00
2026-08-21T10:38:52,capture_daily_dehumidifier_duty_kwh,accumulator,input_number.dehumidifier_kwh_day_2,0.422,2026-08-21T03:59:30.365028+00:00
2026-08-21T10:38:52,capture_daily_dehumidifier_duty_kwh,accumulator,input_number.dehumidifier_kwh_day_3,0.716,2026-08-21T03:59:30.344783+00:00
2026-08-21T10:38:52,capture_daily_dehumidifier_duty_kwh,accumulator,input_number.dehumidifier_kwh_day_4,0.966,2026-08-21T03:59:30.343591+00:00
2026-08-21T10:38:52,capture_daily_dehumidifier_duty_kwh,accumulator,input_number.dehumidifier_kwh_day_5,0.954,2026-08-21T03:59:30.342113+00:00
2026-08-21T10:38:52,capture_daily_dehumidifier_duty_kwh,accumulator,input_number.dehumidifier_kwh_day_6,1.073,2026-08-21T03:59:30.340055+00:00
2026-08-21T10:38:52,capture_daily_dehumidifier_duty_kwh,accumulator,input_number.dehumidifier_kwh_day_7,1.3,2026-08-21T03:59:30.335463+00:00
2026-08-21T10:38:52,capture_daily_dehumidifier_watts,spc,input_number.dehumidifier_running_watts_day_1,0.0,2026-08-21T13:24:00.924465+00:00
2026-08-21T10:38:52,capture_daily_dehumidifier_watts,spc,input_number.dehumidifier_running_watts_day_2,0.0,2026-08-21T13:24:00.927004+00:00
2026-08-21T10:38:52,capture_daily_dehumidifier_watts,spc,input_number.dehumidifier_running_watts_day_3,0.0,2026-08-21T13:24:00.918620+00:00
2026-08-21T10:38:52,capture_daily_dehumidifier_watts,spc,input_number.dehumidifier_running_watts_day_4,0.0,2026-08-20T01:26:37.783637+00:00
2026-08-21T10:38:52,capture_daily_dehumidifier_watts,spc,input_number.dehumidifier_running_watts_day_5,0.0,2026-08-20T01:26:37.783701+00:00
2026-08-21T10:38:52,capture_daily_dehumidifier_watts,spc,input_number.dehumidifier_running_watts_day_6,0.0,2026-08-20T01:26:37.783770+00:00
2026-08-21T10:38:52,capture_daily_dehumidifier_watts,spc,input_number.dehumidifier_running_watts_day_7,0.0,2026-08-20T01:26:37.783837+00:00
2026-08-21T10:38:52,capture_daily_dehumidifier_watts,spc,input_datetime.dehumidifier_spc_last_capture,1970-01-01,2026-08-21T13:24:00.936697+00:00
2026-08-21T10:38:52,capture_daily_fridge_watts,spc,input_number.fridge_running_watts_day_1,109.1,2026-08-21T03:59:00.240164+00:00
2026-08-21T10:38:52,capture_daily_fridge_watts,spc,input_number.fridge_running_watts_day_2,118.5,2026-08-21T03:59:00.235067+00:00
2026-08-21T10:38:52,capture_daily_fridge_watts,spc,input_number.fridge_running_watts_day_3,106.7,2026-08-21T03:59:00.231782+00:00
2026-08-21T10:38:52,capture_daily_fridge_watts,spc,input_number.fridge_running_watts_day_4,107.3,2026-08-21T03:59:00.223558+00:00
2026-08-21T10:38:52,capture_daily_fridge_watts,spc,input_number.fridge_running_watts_day_5,109.7,2026-08-21T03:59:00.221010+00:00
2026-08-21T10:38:52,capture_daily_fridge_watts,spc,input_number.fridge_running_watts_day_6,110.0,2026-08-21T03:59:00.215654+00:00
2026-08-21T10:38:52,capture_daily_fridge_watts,spc,input_number.fridge_running_watts_day_7,109.5,2026-08-21T03:59:00.208111+00:00
2026-08-21T10:38:52,capture_daily_fridge_watts,spc,input_datetime.fridge_spc_last_capture,2026-08-20,2026-08-21T03:59:00.242470+00:00
2026-08-21T10:38:52,capture_daily_furnace_min_per_cycle,accumulator,input_number.furnace_min_per_cycle_day_1,0.0,2026-08-20T01:26:37.604216+00:00
2026-08-21T10:38:52,capture_daily_furnace_min_per_cycle,accumulator,input_number.furnace_min_per_cycle_day_2,0.0,2026-08-20T01:26:37.604292+00:00
2026-08-21T10:38:52,capture_daily_furnace_min_per_cycle,accumulator,input_number.furnace_min_per_cycle_day_3,0.0,2026-08-20T01:26:37.604372+00:00
2026-08-21T10:38:52,capture_daily_furnace_min_per_cycle,accumulator,input_number.furnace_min_per_cycle_day_4,0.0,2026-08-20T01:26:37.604442+00:00
2026-08-21T10:38:52,capture_daily_furnace_min_per_cycle,accumulator,input_number.furnace_min_per_cycle_day_5,0.0,2026-08-20T01:26:37.604510+00:00
2026-08-21T10:38:52,capture_daily_furnace_min_per_cycle,accumulator,input_number.furnace_min_per_cycle_day_6,0.0,2026-08-20T01:26:37.604589+00:00
2026-08-21T10:38:52,capture_daily_furnace_min_per_cycle,accumulator,input_number.furnace_min_per_cycle_day_7,0.0,2026-08-20T01:26:37.604665+00:00
2026-08-21T10:38:52,capture_daily_furnace_min_per_cycle,accumulator,input_datetime.furnace_cycle_capture_last_ok,1970-01-01 00:00:00,2026-08-20T01:26:37.796117+00:00
2026-08-21T10:38:52,capture_daily_furnace_watts,spc,input_number.furnace_running_watts_day_1,773.2,2026-08-20T03:59:00.392912+00:00
2026-08-21T10:38:52,capture_daily_furnace_watts,spc,input_number.furnace_running_watts_day_2,774.4,2026-08-20T03:59:00.391611+00:00
2026-08-21T10:38:52,capture_daily_furnace_watts,spc,input_number.furnace_running_watts_day_3,778.8,2026-08-20T03:59:00.389135+00:00
2026-08-21T10:38:52,capture_daily_furnace_watts,spc,input_number.furnace_running_watts_day_4,784.2,2026-08-20T03:59:00.387638+00:00
2026-08-21T10:38:52,capture_daily_furnace_watts,spc,input_number.furnace_running_watts_day_5,774.5,2026-08-20T03:59:00.385896+00:00
2026-08-21T10:38:52,capture_daily_furnace_watts,spc,input_number.furnace_running_watts_day_6,767.4,2026-08-20T03:59:00.382134+00:00
2026-08-21T10:38:52,capture_daily_furnace_watts,spc,input_number.furnace_running_watts_day_7,766.8,2026-08-20T03:59:00.379963+00:00
2026-08-21T10:38:52,capture_daily_furnace_watts,spc,input_datetime.furnace_spc_last_capture,2026-08-19,2026-08-20T03:59:00.394096+00:00
2026-08-21T10:38:52,capture_daily_hdd,accumulator,input_number.hdd_day_1,0.0,2026-08-20T01:26:37.599542+00:00
2026-08-21T10:38:52,capture_daily_hdd,accumulator,input_number.hdd_day_2,0.0,2026-08-20T01:26:37.599611+00:00
2026-08-21T10:38:52,capture_daily_hdd,accumulator,input_number.hdd_day_3,0.0,2026-08-20T01:26:37.599679+00:00
2026-08-21T10:38:52,capture_daily_hdd,accumulator,input_number.hdd_day_4,0.0,2026-08-20T01:26:37.599752+00:00
2026-08-21T10:38:52,capture_daily_hdd,accumulator,input_number.hdd_day_5,0.0,2026-08-20T01:26:37.599824+00:00
2026-08-21T10:38:52,capture_daily_hdd,accumulator,input_number.hdd_day_6,0.0,2026-08-20T01:26:37.599892+00:00
2026-08-21T10:38:52,capture_daily_hdd,accumulator,input_number.hdd_day_7,0.0,2026-08-20T01:26:37.599959+00:00
2026-08-21T10:38:52,capture_daily_hdd,accumulator,input_datetime.hdd_capture_last_ok,2026-08-20 23:55:00,2026-08-21T03:55:00.411882+00:00
2026-08-21T10:38:52,capture_daily_hwh_recirc_watts,spc,input_number.hwh_recirc_running_watts_day_1,105.0,2026-08-20T01:26:37.782791+00:00
2026-08-21T10:38:52,capture_daily_hwh_recirc_watts,spc,input_number.hwh_recirc_running_watts_day_2,106.7,2026-08-20T01:26:37.782861+00:00
2026-08-21T10:38:52,capture_daily_hwh_recirc_watts,spc,input_number.hwh_recirc_running_watts_day_3,105.8,2026-08-20T01:26:37.782931+00:00
2026-08-21T10:38:52,capture_daily_hwh_recirc_watts,spc,input_number.hwh_recirc_running_watts_day_4,105.0,2026-08-20T01:26:37.783004+00:00
2026-08-21T10:38:52,capture_daily_hwh_recirc_watts,spc,input_number.hwh_recirc_running_watts_day_5,105.8,2026-08-20T01:26:37.783075+00:00
2026-08-21T10:38:52,capture_daily_hwh_recirc_watts,spc,input_number.hwh_recirc_running_watts_day_6,104.1,2026-08-20T01:26:37.783141+00:00
2026-08-21T10:38:52,capture_daily_hwh_recirc_watts,spc,input_number.hwh_recirc_running_watts_day_7,107.3,2026-08-20T01:26:37.783208+00:00
2026-08-21T10:38:52,capture_daily_hwh_recirc_watts,spc,input_datetime.hwh_recirc_spc_last_capture,2026-08-01,2026-08-20T01:26:37.796888+00:00
2026-08-21T10:38:52,capture_daily_monthly_tracking,accumulator,input_number.ac_cycles_month_acc,110.0,2026-08-21T03:56:30.213114+00:00
2026-08-21T10:38:52,capture_daily_monthly_tracking,accumulator,input_number.ac_cycles_year_acc,561.0,2026-08-21T03:56:30.220236+00:00
2026-08-21T10:38:52,capture_daily_monthly_tracking,accumulator,input_number.ac_runtime_month_acc,49.26,2026-08-21T03:56:30.210720+00:00
2026-08-21T10:38:52,capture_daily_monthly_tracking,accumulator,input_number.ac_runtime_year_acc,258.59,2026-08-21T03:56:30.219929+00:00
2026-08-21T10:38:52,capture_daily_monthly_tracking,accumulator,input_number.cdd_cumulative_month_auto,166.7,2026-08-21T03:56:30.163881+00:00
2026-08-21T10:38:52,capture_daily_monthly_tracking,accumulator,input_number.cdd_cumulative_year_auto,575.8,2026-08-21T03:56:30.165504+00:00
2026-08-21T10:38:52,capture_daily_monthly_tracking,accumulator,input_number.expected_runtime_sum_month,0.0,2026-08-20T01:26:37.605671+00:00
2026-08-21T10:38:52,capture_daily_monthly_tracking,accumulator,input_number.furnace_cycles_month_acc,0.0,2026-08-20T01:26:37.605809+00:00
2026-08-21T10:38:52,capture_daily_monthly_tracking,accumulator,input_number.furnace_runtime_month_acc,0.0,2026-08-20T01:26:37.605738+00:00
2026-08-21T10:38:52,capture_daily_monthly_tracking,accumulator,input_number.hdd_cumulative_month_auto,0.0,2026-08-20T01:26:37.605234+00:00
2026-08-21T10:38:52,capture_daily_monthly_tracking,accumulator,input_number.hdd_cumulative_year_auto,3726.9,2026-08-20T01:26:37.605304+00:00
2026-08-21T10:38:52,capture_daily_monthly_tracking,accumulator,input_number.outdoor_temp_days_month,20.0,2026-08-21T03:56:30.179439+00:00
2026-08-21T10:38:52,capture_daily_monthly_tracking,accumulator,input_number.outdoor_temp_sum_month,1469.8,2026-08-21T03:56:30.166047+00:00
2026-08-21T10:38:52,capture_daily_monthly_tracking,accumulator,input_number.zone_1f_cool_cycles_month_acc,0.0,2026-08-20T01:26:37.606441+00:00
2026-08-21T10:38:52,capture_daily_monthly_tracking,accumulator,input_number.zone_1f_cool_runtime_month_acc,0.0,2026-08-20T01:26:37.606290+00:00
2026-08-21T10:38:52,capture_daily_monthly_tracking,accumulator,input_number.zone_1f_cycles_month_acc,0.0,2026-08-20T01:26:37.606013+00:00
2026-08-21T10:38:52,capture_daily_monthly_tracking,accumulator,input_number.zone_1f_runtime_month_acc,0.0,2026-08-20T01:26:37.605877+00:00
2026-08-21T10:38:52,capture_daily_monthly_tracking,accumulator,input_number.zone_2f_cool_cycles_month_acc,110.0,2026-08-21T03:56:30.219393+00:00
2026-08-21T10:38:52,capture_daily_monthly_tracking,accumulator,input_number.zone_2f_cool_runtime_month_acc,49.26,2026-08-21T03:56:30.218242+00:00
2026-08-21T10:38:52,capture_daily_monthly_tracking,accumulator,input_number.zone_2f_cycles_month_acc,0.0,2026-08-20T01:26:37.606081+00:00
2026-08-21T10:38:52,capture_daily_monthly_tracking,accumulator,input_number.zone_2f_runtime_month_acc,0.0,2026-08-20T01:26:37.605943+00:00
2026-08-21T10:38:52,capture_daily_monthly_tracking,accumulator,input_datetime.monthly_tracking_capture_last_ok,2026-08-20 23:56:30,2026-08-21T03:56:30.151538+00:00
2026-08-21T10:38:52,capture_daily_runtime_per_cdd,accumulator,input_number.runtime_per_cdd_day_1,33.9,2026-08-21T03:56:45.122994+00:00
2026-08-21T10:38:52,capture_daily_runtime_per_cdd,accumulator,input_number.runtime_per_cdd_day_2,34.8,2026-08-21T03:56:45.116264+00:00
2026-08-21T10:38:52,capture_daily_runtime_per_cdd,accumulator,input_number.runtime_per_cdd_day_3,20.2,2026-08-21T03:56:45.105992+00:00
2026-08-21T10:38:52,capture_daily_runtime_per_cdd,accumulator,input_number.runtime_per_cdd_day_4,0.0,2026-08-20T01:26:37.603925+00:00
2026-08-21T10:38:52,capture_daily_runtime_per_cdd,accumulator,input_number.runtime_per_cdd_day_5,0.0,2026-08-20T01:26:37.604002+00:00
2026-08-21T10:38:52,capture_daily_runtime_per_cdd,accumulator,input_number.runtime_per_cdd_day_6,0.0,2026-08-20T01:26:37.604074+00:00
2026-08-21T10:38:52,capture_daily_runtime_per_cdd,accumulator,input_number.runtime_per_cdd_day_7,0.0,2026-08-20T01:26:37.604143+00:00
2026-08-21T10:38:52,capture_daily_runtime_per_cdd,accumulator,input_datetime.runtime_per_cdd_capture_last_ok,2026-08-20 23:56:45,2026-08-21T03:56:45.131270+00:00
2026-08-21T10:38:52,capture_daily_runtime_per_hdd,accumulator,input_number.runtime_per_hdd_day_1,0.0,2026-08-20T01:26:37.600030+00:00
2026-08-21T10:38:52,capture_daily_runtime_per_hdd,accumulator,input_number.runtime_per_hdd_day_2,0.0,2026-08-20T01:26:37.600112+00:00
2026-08-21T10:38:52,capture_daily_runtime_per_hdd,accumulator,input_number.runtime_per_hdd_day_3,0.0,2026-08-20T01:26:37.600180+00:00
2026-08-21T10:38:52,capture_daily_runtime_per_hdd,accumulator,input_number.runtime_per_hdd_day_4,0.0,2026-08-20T01:26:37.600246+00:00
2026-08-21T10:38:52,capture_daily_runtime_per_hdd,accumulator,input_number.runtime_per_hdd_day_5,0.0,2026-08-20T01:26:37.600325+00:00
2026-08-21T10:38:52,capture_daily_runtime_per_hdd,accumulator,input_number.runtime_per_hdd_day_6,0.0,2026-08-20T01:26:37.600403+00:00
2026-08-21T10:38:52,capture_daily_runtime_per_hdd,accumulator,input_number.runtime_per_hdd_day_7,0.0,2026-08-20T01:26:37.600474+00:00
2026-08-21T10:38:52,capture_daily_runtime_per_hdd,accumulator,input_datetime.runtime_per_hdd_capture_last_ok,2026-08-20 23:56:00,2026-08-21T03:56:00.492606+00:00
2026-08-21T10:38:52,capture_daily_ac_cost,accumulator,input_number.ac_cost_year_acc,167.51,2026-08-21T03:59:45.320780+00:00
2026-08-21T10:38:52,capture_daily_ac_cost,accumulator,input_datetime.ac_cost_capture_last_ok,2026-08-20 23:59:45,2026-08-21T03:59:45.322902+00:00
2026-08-21T10:38:52,capture_daily_ac_min_per_cycle,accumulator,input_number.ac_min_per_cycle_day_1,18.2,2026-08-21T03:55:30.121443+00:00
2026-08-21T10:38:52,capture_daily_ac_min_per_cycle,accumulator,input_number.ac_min_per_cycle_day_2,22.9,2026-08-21T03:55:30.119636+00:00
2026-08-21T10:38:52,capture_daily_ac_min_per_cycle,accumulator,input_number.ac_min_per_cycle_day_3,38.2,2026-08-21T03:55:30.115367+00:00
2026-08-21T10:38:52,capture_daily_ac_min_per_cycle,accumulator,input_number.ac_min_per_cycle_day_4,13.3,2026-08-21T03:55:30.112073+00:00
2026-08-21T10:38:52,capture_daily_ac_min_per_cycle,accumulator,input_number.ac_min_per_cycle_day_5,35.5,2026-08-21T03:55:30.104776+00:00
2026-08-21T10:38:52,capture_daily_ac_min_per_cycle,accumulator,input_number.ac_min_per_cycle_day_6,31.8,2026-08-21T03:55:30.095697+00:00
2026-08-21T10:38:52,capture_daily_ac_min_per_cycle,accumulator,input_number.ac_min_per_cycle_day_7,24.6,2026-08-21T03:55:30.092964+00:00
2026-08-21T10:38:52,capture_daily_ac_min_per_cycle,accumulator,input_datetime.ac_min_per_cycle_capture_last_ok,2026-08-20 23:55:30,2026-08-21T03:55:30.127747+00:00
2026-08-21T10:38:52,capture_daily_ac_watts,spc,input_number.ac_running_watts_day_1,2428.4,2026-08-20T03:59:00.215356+00:00
2026-08-21T10:38:52,capture_daily_ac_watts,spc,input_number.ac_running_watts_day_2,2468.0,2026-08-20T03:59:00.205909+00:00
2026-08-21T10:38:52,capture_daily_ac_watts,spc,input_number.ac_running_watts_day_3,2472.9,2026-08-20T03:59:00.203924+00:00
2026-08-21T10:38:52,capture_daily_ac_watts,spc,input_number.ac_running_watts_day_4,2579.5,2026-08-20T03:59:00.200049+00:00
2026-08-21T10:38:52,capture_daily_ac_watts,spc,input_number.ac_running_watts_day_5,2455.4,2026-08-20T03:59:00.195401+00:00
2026-08-21T10:38:52,capture_daily_ac_watts,spc,input_number.ac_running_watts_day_6,2554.0,2026-08-20T03:59:00.181637+00:00
2026-08-21T10:38:52,capture_daily_ac_watts,spc,input_number.ac_running_watts_day_7,2364.5,2026-08-20T03:59:00.173558+00:00
2026-08-21T10:38:52,capture_daily_ac_watts,spc,input_datetime.ac_spc_last_capture,2026-08-19,2026-08-20T03:59:00.217755+00:00
2026-08-21T10:38:52,capture_daily_cdd,accumulator,input_number.cdd_day_1,5.9,2026-08-21T03:55:15.107989+00:00
2026-08-21T10:38:52,capture_daily_cdd,accumulator,input_number.cdd_day_2,8.6,2026-08-21T03:55:15.105962+00:00
2026-08-21T10:38:52,capture_daily_cdd,accumulator,input_number.cdd_day_3,9.5,2026-08-21T03:55:15.100653+00:00
2026-08-21T10:38:52,capture_daily_cdd,accumulator,input_number.cdd_day_4,5.1,2026-08-21T03:55:15.097388+00:00
2026-08-21T10:38:52,capture_daily_cdd,accumulator,input_number.cdd_day_5,2.4,2026-08-21T03:55:15.090614+00:00
2026-08-21T10:38:52,capture_daily_cdd,accumulator,input_number.cdd_day_6,2.6,2026-08-21T03:55:15.087194+00:00
2026-08-21T10:38:52,capture_daily_cdd,accumulator,input_number.cdd_day_7,5.6,2026-08-21T03:55:15.086387+00:00
2026-08-21T10:38:52,capture_daily_cdd,accumulator,input_datetime.cdd_capture_last_ok,2026-08-20 23:55:15,2026-08-21T03:55:15.117895+00:00
2026-08-21T10:38:52,capture_daily_cooling_kwh_cdd,spc,input_number.cooling_kwh_cdd_day_1,1.41,2026-08-21T03:59:00.362250+00:00
2026-08-21T10:38:52,capture_daily_cooling_kwh_cdd,spc,input_number.cooling_kwh_cdd_day_2,1.5,2026-08-21T03:59:00.359895+00:00
2026-08-21T10:38:52,capture_daily_cooling_kwh_cdd,spc,input_number.cooling_kwh_cdd_day_3,0.87,2026-08-21T03:59:00.342079+00:00
2026-08-21T10:38:52,capture_daily_cooling_kwh_cdd,spc,input_number.cooling_kwh_cdd_day_4,0.22,2026-08-21T03:59:00.338667+00:00
2026-08-21T10:38:52,capture_daily_cooling_kwh_cdd,spc,input_number.cooling_kwh_cdd_day_5,0.48,2026-08-21T03:59:00.331247+00:00
2026-08-21T10:38:52,capture_daily_cooling_kwh_cdd,spc,input_number.cooling_kwh_cdd_day_6,0.23,2026-08-21T03:59:00.314444+00:00
2026-08-21T10:38:52,capture_daily_cooling_kwh_cdd,spc,input_number.cooling_kwh_cdd_day_7,1.34,2026-08-21T03:59:00.306404+00:00
2026-08-21T10:38:52,capture_daily_cooling_kwh_cdd,spc,input_datetime.cooling_kwh_cdd_spc_last_capture,2026-08-20,2026-08-21T03:59:00.365435+00:00
2026-08-21T10:38:52,capture_daily_dehumidifier_cost,accumulator,input_number.dehumidifier_cost_year_acc,49.5,2026-08-21T03:59:30.138577+00:00
2026-08-21T10:38:52,capture_daily_dehumidifier_cost,accumulator,input_datetime.dehumidifier_cost_capture_last_ok,2026-08-20 23:59:30,2026-08-21T03:59:30.140612+00:00
2026-08-21T10:38:52,capture_daily_dehumidifier_duty_kwh,accumulator,input_number.dehumidifier_duty_day_1,6.5,2026-08-21T03:59:30.332531+00:00
2026-08-21T10:38:52,capture_daily_dehumidifier_duty_kwh,accumulator,input_number.dehumidifier_duty_day_2,3.9,2026-08-21T03:59:30.325430+00:00
2026-08-21T10:38:52,capture_daily_dehumidifier_duty_kwh,accumulator,input_number.dehumidifier_duty_day_3,6.4,2026-08-21T03:59:30.323081+00:00
2026-08-21T10:38:52,capture_daily_dehumidifier_duty_kwh,accumulator,input_number.dehumidifier_duty_day_4,8.5,2026-08-21T03:59:30.320464+00:00
2026-08-21T10:38:52,capture_daily_dehumidifier_duty_kwh,accumulator,input_number.dehumidifier_duty_day_5,8.4,2026-08-21T03:59:30.320046+00:00
2026-08-21T10:38:52,capture_daily_dehumidifier_duty_kwh,accumulator,input_number.dehumidifier_duty_day_6,9.4,2026-08-21T03:59:30.319634+00:00
2026-08-21T10:38:52,capture_daily_dehumidifier_duty_kwh,accumulator,input_number.dehumidifier_duty_day_7,11.3,2026-08-21T03:59:30.317784+00:00
2026-08-21T10:38:52,capture_daily_dehumidifier_duty_kwh,accumulator,input_number.dehumidifier_kwh_day_1,0.724,2026-08-21T03:59:30.365591+00:00
2026-08-21T10:38:52,capture_daily_dehumidifier_duty_kwh,accumulator,input_number.dehumidifier_kwh_day_2,0.422,2026-08-21T03:59:30.365028+00:00
2026-08-21T10:38:52,capture_daily_dehumidifier_duty_kwh,accumulator,input_number.dehumidifier_kwh_day_3,0.716,2026-08-21T03:59:30.344783+00:00
2026-08-21T10:38:52,capture_daily_dehumidifier_duty_kwh,accumulator,input_number.dehumidifier_kwh_day_4,0.966,2026-08-21T03:59:30.343591+00:00
2026-08-21T10:38:52,capture_daily_dehumidifier_duty_kwh,accumulator,input_number.dehumidifier_kwh_day_5,0.954,2026-08-21T03:59:30.342113+00:00
2026-08-21T10:38:52,capture_daily_dehumidifier_duty_kwh,accumulator,input_number.dehumidifier_kwh_day_6,1.073,2026-08-21T03:59:30.340055+00:00
2026-08-21T10:38:52,capture_daily_dehumidifier_duty_kwh,accumulator,input_number.dehumidifier_kwh_day_7,1.3,2026-08-21T03:59:30.335463+00:00
2026-08-21T10:38:52,capture_daily_dehumidifier_watts,spc,input_number.dehumidifier_running_watts_day_1,0.0,2026-08-21T13:24:00.924465+00:00
2026-08-21T10:38:52,capture_daily_dehumidifier_watts,spc,input_number.dehumidifier_running_watts_day_2,0.0,2026-08-21T13:24:00.927004+00:00
2026-08-21T10:38:52,capture_daily_dehumidifier_watts,spc,input_number.dehumidifier_running_watts_day_3,0.0,2026-08-21T13:24:00.918620+00:00
2026-08-21T10:38:52,capture_daily_dehumidifier_watts,spc,input_number.dehumidifier_running_watts_day_4,0.0,2026-08-20T01:26:37.783637+00:00
2026-08-21T10:38:52,capture_daily_dehumidifier_watts,spc,input_number.dehumidifier_running_watts_day_5,0.0,2026-08-20T01:26:37.783701+00:00
2026-08-21T10:38:52,capture_daily_dehumidifier_watts,spc,input_number.dehumidifier_running_watts_day_6,0.0,2026-08-20T01:26:37.783770+00:00
2026-08-21T10:38:52,capture_daily_dehumidifier_watts,spc,input_number.dehumidifier_running_watts_day_7,0.0,2026-08-20T01:26:37.783837+00:00
2026-08-21T10:38:52,capture_daily_dehumidifier_watts,spc,input_datetime.dehumidifier_spc_last_capture,1970-01-01,2026-08-21T13:24:00.936697+00:00
2026-08-21T10:38:52,capture_daily_fridge_watts,spc,input_number.fridge_running_watts_day_1,109.1,2026-08-21T03:59:00.240164+00:00
2026-08-21T10:38:52,capture_daily_fridge_watts,spc,input_number.fridge_running_watts_day_2,118.5,2026-08-21T03:59:00.235067+00:00
2026-08-21T10:38:52,capture_daily_fridge_watts,spc,input_number.fridge_running_watts_day_3,106.7,2026-08-21T03:59:00.231782+00:00
2026-08-21T10:38:52,capture_daily_fridge_watts,spc,input_number.fridge_running_watts_day_4,107.3,2026-08-21T03:59:00.223558+00:00
2026-08-21T10:38:52,capture_daily_fridge_watts,spc,input_number.fridge_running_watts_day_5,109.7,2026-08-21T03:59:00.221010+00:00
2026-08-21T10:38:52,capture_daily_fridge_watts,spc,input_number.fridge_running_watts_day_6,110.0,2026-08-21T03:59:00.215654+00:00
2026-08-21T10:38:52,capture_daily_fridge_watts,spc,input_number.fridge_running_watts_day_7,109.5,2026-08-21T03:59:00.208111+00:00
2026-08-21T10:38:52,capture_daily_fridge_watts,spc,input_datetime.fridge_spc_last_capture,2026-08-20,2026-08-21T03:59:00.242470+00:00
2026-08-21T10:38:52,capture_daily_furnace_min_per_cycle,accumulator,input_number.furnace_min_per_cycle_day_1,0.0,2026-08-20T01:26:37.604216+00:00
2026-08-21T10:38:52,capture_daily_furnace_min_per_cycle,accumulator,input_number.furnace_min_per_cycle_day_2,0.0,2026-08-20T01:26:37.604292+00:00
2026-08-21T10:38:52,capture_daily_furnace_min_per_cycle,accumulator,input_number.furnace_min_per_cycle_day_3,0.0,2026-08-20T01:26:37.604372+00:00
2026-08-21T10:38:52,capture_daily_furnace_min_per_cycle,accumulator,input_number.furnace_min_per_cycle_day_4,0.0,2026-08-20T01:26:37.604442+00:00
2026-08-21T10:38:52,capture_daily_furnace_min_per_cycle,accumulator,input_number.furnace_min_per_cycle_day_5,0.0,2026-08-20T01:26:37.604510+00:00
2026-08-21T10:38:52,capture_daily_furnace_min_per_cycle,accumulator,input_number.furnace_min_per_cycle_day_6,0.0,2026-08-20T01:26:37.604589+00:00
2026-08-21T10:38:52,capture_daily_furnace_min_per_cycle,accumulator,input_number.furnace_min_per_cycle_day_7,0.0,2026-08-20T01:26:37.604665+00:00
2026-08-21T10:38:52,capture_daily_furnace_min_per_cycle,accumulator,input_datetime.furnace_cycle_capture_last_ok,1970-01-01 00:00:00,2026-08-20T01:26:37.796117+00:00
2026-08-21T10:38:52,capture_daily_furnace_watts,spc,input_number.furnace_running_watts_day_1,773.2,2026-08-20T03:59:00.392912+00:00
2026-08-21T10:38:52,capture_daily_furnace_watts,spc,input_number.furnace_running_watts_day_2,774.4,2026-08-20T03:59:00.391611+00:00
2026-08-21T10:38:52,capture_daily_furnace_watts,spc,input_number.furnace_running_watts_day_3,778.8,2026-08-20T03:59:00.389135+00:00
2026-08-21T10:38:52,capture_daily_furnace_watts,spc,input_number.furnace_running_watts_day_4,784.2,2026-08-20T03:59:00.387638+00:00
2026-08-21T10:38:52,capture_daily_furnace_watts,spc,input_number.furnace_running_watts_day_5,774.5,2026-08-20T03:59:00.385896+00:00
2026-08-21T10:38:52,capture_daily_furnace_watts,spc,input_number.furnace_running_watts_day_6,767.4,2026-08-20T03:59:00.382134+00:00
2026-08-21T10:38:52,capture_daily_furnace_watts,spc,input_number.furnace_running_watts_day_7,766.8,2026-08-20T03:59:00.379963+00:00
2026-08-21T10:38:52,capture_daily_furnace_watts,spc,input_datetime.furnace_spc_last_capture,2026-08-19,2026-08-20T03:59:00.394096+00:00
2026-08-21T10:38:52,capture_daily_hdd,accumulator,input_number.hdd_day_1,0.0,2026-08-20T01:26:37.599542+00:00
2026-08-21T10:38:52,capture_daily_hdd,accumulator,input_number.hdd_day_2,0.0,2026-08-20T01:26:37.599611+00:00
2026-08-21T10:38:52,capture_daily_hdd,accumulator,input_number.hdd_day_3,0.0,2026-08-20T01:26:37.599679+00:00
2026-08-21T10:38:52,capture_daily_hdd,accumulator,input_number.hdd_day_4,0.0,2026-08-20T01:26:37.599752+00:00
2026-08-21T10:38:52,capture_daily_hdd,accumulator,input_number.hdd_day_5,0.0,2026-08-20T01:26:37.599824+00:00
2026-08-21T10:38:52,capture_daily_hdd,accumulator,input_number.hdd_day_6,0.0,2026-08-20T01:26:37.599892+00:00
2026-08-21T10:38:52,capture_daily_hdd,accumulator,input_number.hdd_day_7,0.0,2026-08-20T01:26:37.599959+00:00
2026-08-21T10:38:52,capture_daily_hdd,accumulator,input_datetime.hdd_capture_last_ok,2026-08-20 23:55:00,2026-08-21T03:55:00.411882+00:00
2026-08-21T10:38:52,capture_daily_hwh_recirc_watts,spc,input_number.hwh_recirc_running_watts_day_1,105.0,2026-08-20T01:26:37.782791+00:00
2026-08-21T10:38:52,capture_daily_hwh_recirc_watts,spc,input_number.hwh_recirc_running_watts_day_2,106.7,2026-08-20T01:26:37.782861+00:00
2026-08-21T10:38:52,capture_daily_hwh_recirc_watts,spc,input_number.hwh_recirc_running_watts_day_3,105.8,2026-08-20T01:26:37.782931+00:00
2026-08-21T10:38:52,capture_daily_hwh_recirc_watts,spc,input_number.hwh_recirc_running_watts_day_4,105.0,2026-08-20T01:26:37.783004+00:00
2026-08-21T10:38:52,capture_daily_hwh_recirc_watts,spc,input_number.hwh_recirc_running_watts_day_5,105.8,2026-08-20T01:26:37.783075+00:00
2026-08-21T10:38:52,capture_daily_hwh_recirc_watts,spc,input_number.hwh_recirc_running_watts_day_6,104.1,2026-08-20T01:26:37.783141+00:00
2026-08-21T10:38:52,capture_daily_hwh_recirc_watts,spc,input_number.hwh_recirc_running_watts_day_7,107.3,2026-08-20T01:26:37.783208+00:00
2026-08-21T10:38:52,capture_daily_hwh_recirc_watts,spc,input_datetime.hwh_recirc_spc_last_capture,2026-08-01,2026-08-20T01:26:37.796888+00:00
2026-08-21T10:38:52,capture_daily_monthly_tracking,accumulator,input_number.ac_cycles_month_acc,110.0,2026-08-21T03:56:30.213114+00:00
2026-08-21T10:38:52,capture_daily_monthly_tracking,accumulator,input_number.ac_cycles_year_acc,561.0,2026-08-21T03:56:30.220236+00:00
2026-08-21T10:38:52,capture_daily_monthly_tracking,accumulator,input_number.ac_runtime_month_acc,49.26,2026-08-21T03:56:30.210720+00:00
2026-08-21T10:38:52,capture_daily_monthly_tracking,accumulator,input_number.ac_runtime_year_acc,258.59,2026-08-21T03:56:30.219929+00:00
2026-08-21T10:38:52,capture_daily_monthly_tracking,accumulator,input_number.cdd_cumulative_month_auto,166.7,2026-08-21T03:56:30.163881+00:00
2026-08-21T10:38:52,capture_daily_monthly_tracking,accumulator,input_number.cdd_cumulative_year_auto,575.8,2026-08-21T03:56:30.165504+00:00
2026-08-21T10:38:52,capture_daily_monthly_tracking,accumulator,input_number.expected_runtime_sum_month,0.0,2026-08-20T01:26:37.605671+00:00
2026-08-21T10:38:52,capture_daily_monthly_tracking,accumulator,input_number.furnace_cycles_month_acc,0.0,2026-08-20T01:26:37.605809+00:00
2026-08-21T10:38:52,capture_daily_monthly_tracking,accumulator,input_number.furnace_runtime_month_acc,0.0,2026-08-20T01:26:37.605738+00:00
2026-08-21T10:38:52,capture_daily_monthly_tracking,accumulator,input_number.hdd_cumulative_month_auto,0.0,2026-08-20T01:26:37.605234+00:00
2026-08-21T10:38:52,capture_daily_monthly_tracking,accumulator,input_number.hdd_cumulative_year_auto,3726.9,2026-08-20T01:26:37.605304+00:00
2026-08-21T10:38:52,capture_daily_monthly_tracking,accumulator,input_number.outdoor_temp_days_month,20.0,2026-08-21T03:56:30.179439+00:00
2026-08-21T10:38:52,capture_daily_monthly_tracking,accumulator,input_number.outdoor_temp_sum_month,1469.8,2026-08-21T03:56:30.166047+00:00
2026-08-21T10:38:52,capture_daily_monthly_tracking,accumulator,input_number.zone_1f_cool_cycles_month_acc,0.0,2026-08-20T01:26:37.606441+00:00
2026-08-21T10:38:52,capture_daily_monthly_tracking,accumulator,input_number.zone_1f_cool_runtime_month_acc,0.0,2026-08-20T01:26:37.606290+00:00
2026-08-21T10:38:52,capture_daily_monthly_tracking,accumulator,input_number.zone_1f_cycles_month_acc,0.0,2026-08-20T01:26:37.606013+00:00
2026-08-21T10:38:52,capture_daily_monthly_tracking,accumulator,input_number.zone_1f_runtime_month_acc,0.0,2026-08-20T01:26:37.605877+00:00
2026-08-21T10:38:52,capture_daily_monthly_tracking,accumulator,input_number.zone_2f_cool_cycles_month_acc,110.0,2026-08-21T03:56:30.219393+00:00
2026-08-21T10:38:52,capture_daily_monthly_tracking,accumulator,input_number.zone_2f_cool_runtime_month_acc,49.26,2026-08-21T03:56:30.218242+00:00
2026-08-21T10:38:52,capture_daily_monthly_tracking,accumulator,input_number.zone_2f_cycles_month_acc,0.0,2026-08-20T01:26:37.606081+00:00
2026-08-21T10:38:52,capture_daily_monthly_tracking,accumulator,input_number.zone_2f_runtime_month_acc,0.0,2026-08-20T01:26:37.605943+00:00
2026-08-21T10:38:52,capture_daily_monthly_tracking,accumulator,input_datetime.monthly_tracking_capture_last_ok,2026-08-20 23:56:30,2026-08-21T03:56:30.151538+00:00
2026-08-21T10:38:52,capture_daily_runtime_per_cdd,accumulator,input_number.runtime_per_cdd_day_1,33.9,2026-08-21T03:56:45.122994+00:00
2026-08-21T10:38:52,capture_daily_runtime_per_cdd,accumulator,input_number.runtime_per_cdd_day_2,34.8,2026-08-21T03:56:45.116264+00:00
2026-08-21T10:38:52,capture_daily_runtime_per_cdd,accumulator,input_number.runtime_per_cdd_day_3,20.2,2026-08-21T03:56:45.105992+00:00
2026-08-21T10:38:52,capture_daily_runtime_per_cdd,accumulator,input_number.runtime_per_cdd_day_4,0.0,2026-08-20T01:26:37.603925+00:00
2026-08-21T10:38:52,capture_daily_runtime_per_cdd,accumulator,input_number.runtime_per_cdd_day_5,0.0,2026-08-20T01:26:37.604002+00:00
2026-08-21T10:38:52,capture_daily_runtime_per_cdd,accumulator,input_number.runtime_per_cdd_day_6,0.0,2026-08-20T01:26:37.604074+00:00
2026-08-21T10:38:52,capture_daily_runtime_per_cdd,accumulator,input_number.runtime_per_cdd_day_7,0.0,2026-08-20T01:26:37.604143+00:00
2026-08-21T10:38:52,capture_daily_runtime_per_cdd,accumulator,input_datetime.runtime_per_cdd_capture_last_ok,2026-08-20 23:56:45,2026-08-21T03:56:45.131270+00:00
2026-08-21T10:38:52,capture_daily_runtime_per_hdd,accumulator,input_number.runtime_per_hdd_day_1,0.0,2026-08-20T01:26:37.600030+00:00
2026-08-21T10:38:52,capture_daily_runtime_per_hdd,accumulator,input_number.runtime_per_hdd_day_2,0.0,2026-08-20T01:26:37.600112+00:00
2026-08-21T10:38:52,capture_daily_runtime_per_hdd,accumulator,input_number.runtime_per_hdd_day_3,0.0,2026-08-20T01:26:37.600180+00:00
2026-08-21T10:38:52,capture_daily_runtime_per_hdd,accumulator,input_number.runtime_per_hdd_day_4,0.0,2026-08-20T01:26:37.600246+00:00
2026-08-21T10:38:52,capture_daily_runtime_per_hdd,accumulator,input_number.runtime_per_hdd_day_5,0.0,2026-08-20T01:26:37.600325+00:00
2026-08-21T10:38:52,capture_daily_runtime_per_hdd,accumulator,input_number.runtime_per_hdd_day_6,0.0,2026-08-20T01:26:37.600403+00:00
2026-08-21T10:38:52,capture_daily_runtime_per_hdd,accumulator,input_number.runtime_per_hdd_day_7,0.0,2026-08-20T01:26:37.600474+00:00
2026-08-21T10:38:52,capture_daily_runtime_per_hdd,accumulator,input_datetime.runtime_per_hdd_capture_last_ok,2026-08-20 23:56:00,2026-08-21T03:56:00.492606+00:00
2026-08-22T00:20:00,archive_monthly_cdd,accumulator,input_datetime.cdd_archive_last_ok,2026-08-21 00:00:00,2026-08-22T01:48:03.822446+00:00
2026-08-22T00:20:00,archive_monthly_gas_heat_cost,accumulator,input_datetime.gas_heat_cost_archive_last_ok,2026-08-21 00:00:00,2026-08-22T01:48:03.822552+00:00
2026-08-22T00:20:00,archive_monthly_hdd,accumulator,input_datetime.hdd_archive_last_ok,2026-08-21 00:00:00,2026-08-22T01:48:03.822336+00:00
2026-08-22T00:20:00,capture_daily_ac_cost,accumulator,input_number.ac_cost_year_acc,168.5,2026-08-22T03:59:45.238284+00:00
2026-08-22T00:20:00,capture_daily_ac_cost,accumulator,input_datetime.ac_cost_capture_last_ok,2026-08-21 23:59:45,2026-08-22T03:59:45.240319+00:00
2026-08-22T00:20:00,capture_daily_ac_min_per_cycle,accumulator,input_number.ac_min_per_cycle_day_1,21.0,2026-08-22T03:55:30.359167+00:00
2026-08-22T00:20:00,capture_daily_ac_min_per_cycle,accumulator,input_number.ac_min_per_cycle_day_2,18.2,2026-08-22T03:55:30.355217+00:00
2026-08-22T00:20:00,capture_daily_ac_min_per_cycle,accumulator,input_number.ac_min_per_cycle_day_3,22.9,2026-08-22T03:55:30.334677+00:00
2026-08-22T00:20:00,capture_daily_ac_min_per_cycle,accumulator,input_number.ac_min_per_cycle_day_4,38.2,2026-08-22T03:55:30.330269+00:00
2026-08-22T00:20:00,capture_daily_ac_min_per_cycle,accumulator,input_number.ac_min_per_cycle_day_5,13.3,2026-08-22T03:55:30.323513+00:00
2026-08-22T00:20:00,capture_daily_ac_min_per_cycle,accumulator,input_number.ac_min_per_cycle_day_6,35.5,2026-08-22T03:55:30.313506+00:00
2026-08-22T00:20:00,capture_daily_ac_min_per_cycle,accumulator,input_number.ac_min_per_cycle_day_7,31.8,2026-08-22T03:55:30.304681+00:00
2026-08-22T00:20:00,capture_daily_ac_min_per_cycle,accumulator,input_datetime.ac_min_per_cycle_capture_last_ok,2026-08-21 23:55:30,2026-08-22T03:55:30.364196+00:00
2026-08-22T00:20:00,capture_daily_ac_watts,spc,input_number.ac_running_watts_day_1,2275.3,2026-08-22T03:59:00.318000+00:00
2026-08-22T00:20:00,capture_daily_ac_watts,spc,input_number.ac_running_watts_day_2,2428.4,2026-08-22T03:59:00.316576+00:00
2026-08-22T00:20:00,capture_daily_ac_watts,spc,input_number.ac_running_watts_day_3,2468.0,2026-08-22T03:59:00.314500+00:00
2026-08-22T00:20:00,capture_daily_ac_watts,spc,input_number.ac_running_watts_day_4,2472.9,2026-08-22T03:59:00.312965+00:00
2026-08-22T00:20:00,capture_daily_ac_watts,spc,input_number.ac_running_watts_day_5,2579.5,2026-08-22T03:59:00.310264+00:00
2026-08-22T00:20:00,capture_daily_ac_watts,spc,input_number.ac_running_watts_day_6,2455.4,2026-08-22T03:59:00.308888+00:00
2026-08-22T00:20:00,capture_daily_ac_watts,spc,input_number.ac_running_watts_day_7,2554.0,2026-08-22T03:59:00.307413+00:00
2026-08-22T00:20:00,capture_daily_ac_watts,spc,input_datetime.ac_spc_last_capture,2026-08-21,2026-08-22T03:59:00.321955+00:00
2026-08-22T00:20:00,capture_daily_ac_watts,spc,input_datetime.ac_spc_last_seed,2026-08-21,2026-08-22T01:48:03.825735+00:00
2026-08-22T00:20:00,capture_daily_cdd,accumulator,input_number.cdd_day_1,3.8,2026-08-22T03:55:15.124571+00:00
2026-08-22T00:20:00,capture_daily_cdd,accumulator,input_number.cdd_day_2,5.9,2026-08-22T03:55:15.120671+00:00
2026-08-22T00:20:00,capture_daily_cdd,accumulator,input_number.cdd_day_3,8.6,2026-08-22T03:55:15.117263+00:00
2026-08-22T00:20:00,capture_daily_cdd,accumulator,input_number.cdd_day_4,9.5,2026-08-22T03:55:15.105684+00:00
2026-08-22T00:20:00,capture_daily_cdd,accumulator,input_number.cdd_day_5,5.1,2026-08-22T03:55:15.104202+00:00
2026-08-22T00:20:00,capture_daily_cdd,accumulator,input_number.cdd_day_6,2.4,2026-08-22T03:55:15.102170+00:00
2026-08-22T00:20:00,capture_daily_cdd,accumulator,input_number.cdd_day_7,2.6,2026-08-22T03:55:15.097064+00:00
2026-08-22T00:20:00,capture_daily_cdd,accumulator,input_datetime.cdd_capture_last_ok,2026-08-21 23:55:15,2026-08-22T03:55:15.128169+00:00
2026-08-22T00:20:00,capture_daily_cooling_kwh_cdd,spc,input_number.cooling_kwh_cdd_day_1,1.09,2026-08-22T03:59:00.301529+00:00
2026-08-22T00:20:00,capture_daily_cooling_kwh_cdd,spc,input_number.cooling_kwh_cdd_day_2,1.41,2026-08-22T03:59:00.299989+00:00
2026-08-22T00:20:00,capture_daily_cooling_kwh_cdd,spc,input_number.cooling_kwh_cdd_day_3,1.5,2026-08-22T03:59:00.294896+00:00
2026-08-22T00:20:00,capture_daily_cooling_kwh_cdd,spc,input_number.cooling_kwh_cdd_day_4,0.87,2026-08-22T03:59:00.291042+00:00
2026-08-22T00:20:00,capture_daily_cooling_kwh_cdd,spc,input_number.cooling_kwh_cdd_day_5,0.22,2026-08-22T03:59:00.285639+00:00
2026-08-22T00:20:00,capture_daily_cooling_kwh_cdd,spc,input_number.cooling_kwh_cdd_day_6,0.48,2026-08-22T03:59:00.280380+00:00
2026-08-22T00:20:00,capture_daily_cooling_kwh_cdd,spc,input_number.cooling_kwh_cdd_day_7,0.23,2026-08-22T03:59:00.273489+00:00
2026-08-22T00:20:00,capture_daily_cooling_kwh_cdd,spc,input_datetime.cooling_kwh_cdd_spc_last_capture,2026-08-21,2026-08-22T03:59:00.303099+00:00
2026-08-22T00:20:00,capture_daily_dehumidifier_cost,accumulator,input_number.dehumidifier_cost_year_acc,49.73,2026-08-22T03:59:30.446413+00:00
2026-08-22T00:20:00,capture_daily_dehumidifier_cost,accumulator,input_datetime.dehumidifier_cost_capture_last_ok,2026-08-21 23:59:30,2026-08-22T03:59:30.447908+00:00
2026-08-22T00:20:00,capture_daily_dehumidifier_duty_kwh,accumulator,input_number.dehumidifier_duty_day_1,7.7,2026-08-22T03:59:30.331257+00:00
2026-08-22T00:20:00,capture_daily_dehumidifier_duty_kwh,accumulator,input_number.dehumidifier_duty_day_2,6.5,2026-08-22T03:59:30.325181+00:00
2026-08-22T00:20:00,capture_daily_dehumidifier_duty_kwh,accumulator,input_number.dehumidifier_duty_day_3,3.9,2026-08-22T03:59:30.322762+00:00
2026-08-22T00:20:00,capture_daily_dehumidifier_duty_kwh,accumulator,input_number.dehumidifier_duty_day_4,6.4,2026-08-22T03:59:30.320785+00:00
2026-08-22T00:20:00,capture_daily_dehumidifier_duty_kwh,accumulator,input_number.dehumidifier_duty_day_5,8.5,2026-08-22T03:59:30.320397+00:00
2026-08-22T00:20:00,capture_daily_dehumidifier_duty_kwh,accumulator,input_number.dehumidifier_duty_day_6,8.4,2026-08-22T03:59:30.319953+00:00
2026-08-22T00:20:00,capture_daily_dehumidifier_duty_kwh,accumulator,input_number.dehumidifier_duty_day_7,9.4,2026-08-22T03:59:30.318302+00:00
2026-08-22T00:20:00,capture_daily_dehumidifier_duty_kwh,accumulator,input_number.dehumidifier_kwh_day_1,0.861,2026-08-22T03:59:30.367221+00:00
2026-08-22T00:20:00,capture_daily_dehumidifier_duty_kwh,accumulator,input_number.dehumidifier_kwh_day_2,0.724,2026-08-22T03:59:30.366594+00:00
2026-08-22T00:20:00,capture_daily_dehumidifier_duty_kwh,accumulator,input_number.dehumidifier_kwh_day_3,0.422,2026-08-22T03:59:30.365979+00:00
2026-08-22T00:20:00,capture_daily_dehumidifier_duty_kwh,accumulator,input_number.dehumidifier_kwh_day_4,0.716,2026-08-22T03:59:30.365280+00:00
2026-08-22T00:20:00,capture_daily_dehumidifier_duty_kwh,accumulator,input_number.dehumidifier_kwh_day_5,0.966,2026-08-22T03:59:30.346571+00:00
2026-08-22T00:20:00,capture_daily_dehumidifier_duty_kwh,accumulator,input_number.dehumidifier_kwh_day_6,0.954,2026-08-22T03:59:30.344017+00:00
2026-08-22T00:20:00,capture_daily_dehumidifier_duty_kwh,accumulator,input_number.dehumidifier_kwh_day_7,1.073,2026-08-22T03:59:30.334296+00:00
2026-08-22T00:20:00,capture_daily_dehumidifier_duty_kwh,accumulator,input_datetime.dehumidifier_duty_kwh_capture_last_ok,2026-08-21 23:59:30,2026-08-22T03:59:30.368611+00:00
2026-08-22T00:20:00,capture_daily_dehumidifier_watts,spc,input_number.dehumidifier_running_watts_day_1,466.6,2026-08-22T01:48:40.545607+00:00
2026-08-22T00:20:00,capture_daily_dehumidifier_watts,spc,input_number.dehumidifier_running_watts_day_2,0.0,2026-08-22T01:48:03.797714+00:00
2026-08-22T00:20:00,capture_daily_dehumidifier_watts,spc,input_number.dehumidifier_running_watts_day_3,0.0,2026-08-22T01:48:03.797781+00:00
2026-08-22T00:20:00,capture_daily_dehumidifier_watts,spc,input_number.dehumidifier_running_watts_day_4,0.0,2026-08-22T01:48:03.797847+00:00
2026-08-22T00:20:00,capture_daily_dehumidifier_watts,spc,input_number.dehumidifier_running_watts_day_5,0.0,2026-08-22T01:48:03.797915+00:00
2026-08-22T00:20:00,capture_daily_dehumidifier_watts,spc,input_number.dehumidifier_running_watts_day_6,0.0,2026-08-22T01:48:03.797983+00:00
2026-08-22T00:20:00,capture_daily_dehumidifier_watts,spc,input_number.dehumidifier_running_watts_day_7,0.0,2026-08-22T01:48:03.798051+00:00
2026-08-22T00:20:00,capture_daily_dehumidifier_watts,spc,input_datetime.dehumidifier_spc_last_capture,1970-01-01,2026-08-22T01:48:03.825395+00:00
2026-08-22T00:20:00,capture_daily_dehumidifier_watts,spc,input_datetime.dehumidifier_spc_last_seed,2026-08-21,2026-08-22T01:48:03.825964+00:00
2026-08-22T00:20:00,capture_daily_fridge_watts,spc,input_number.fridge_running_watts_day_1,114.8,2026-08-22T03:59:00.519180+00:00
2026-08-22T00:20:00,capture_daily_fridge_watts,spc,input_number.fridge_running_watts_day_2,109.1,2026-08-22T03:59:00.514099+00:00
2026-08-22T00:20:00,capture_daily_fridge_watts,spc,input_number.fridge_running_watts_day_3,118.5,2026-08-22T03:59:00.512709+00:00
2026-08-22T00:20:00,capture_daily_fridge_watts,spc,input_number.fridge_running_watts_day_4,106.7,2026-08-22T03:59:00.511325+00:00
2026-08-22T00:20:00,capture_daily_fridge_watts,spc,input_number.fridge_running_watts_day_5,107.3,2026-08-22T03:59:00.509795+00:00
2026-08-22T00:20:00,capture_daily_fridge_watts,spc,input_number.fridge_running_watts_day_6,109.7,2026-08-22T03:59:00.507146+00:00
2026-08-22T00:20:00,capture_daily_fridge_watts,spc,input_number.fridge_running_watts_day_7,110.0,2026-08-22T03:59:00.503465+00:00
2026-08-22T00:20:00,capture_daily_fridge_watts,spc,input_datetime.fridge_spc_last_capture,2026-08-21,2026-08-22T03:59:00.520906+00:00
2026-08-22T00:20:00,capture_daily_fridge_watts,spc,input_datetime.fridge_spc_last_seed,2026-08-21,2026-08-22T01:48:03.825507+00:00
2026-08-22T00:20:00,capture_daily_furnace_min_per_cycle,accumulator,input_number.furnace_min_per_cycle_day_1,0.0,2026-08-22T01:48:03.740705+00:00
2026-08-22T00:20:00,capture_daily_furnace_min_per_cycle,accumulator,input_number.furnace_min_per_cycle_day_2,0.0,2026-08-22T01:48:03.740772+00:00
2026-08-22T00:20:00,capture_daily_furnace_min_per_cycle,accumulator,input_number.furnace_min_per_cycle_day_3,0.0,2026-08-22T01:48:03.740841+00:00
2026-08-22T00:20:00,capture_daily_furnace_min_per_cycle,accumulator,input_number.furnace_min_per_cycle_day_4,0.0,2026-08-22T01:48:03.740912+00:00
2026-08-22T00:20:00,capture_daily_furnace_min_per_cycle,accumulator,input_number.furnace_min_per_cycle_day_5,0.0,2026-08-22T01:48:03.740983+00:00
2026-08-22T00:20:00,capture_daily_furnace_min_per_cycle,accumulator,input_number.furnace_min_per_cycle_day_6,0.0,2026-08-22T01:48:03.741049+00:00
2026-08-22T00:20:00,capture_daily_furnace_min_per_cycle,accumulator,input_number.furnace_min_per_cycle_day_7,0.0,2026-08-22T01:48:03.741118+00:00
2026-08-22T00:20:00,capture_daily_furnace_min_per_cycle,accumulator,input_datetime.furnace_cycle_capture_last_ok,1970-01-01 00:00:00,2026-08-22T01:48:03.824403+00:00
2026-08-22T00:20:00,capture_daily_furnace_watts,spc,input_number.furnace_running_watts_day_1,773.8,2026-08-22T03:59:00.473379+00:00
2026-08-22T00:20:00,capture_daily_furnace_watts,spc,input_number.furnace_running_watts_day_2,773.2,2026-08-22T03:59:00.470427+00:00
2026-08-22T00:20:00,capture_daily_furnace_watts,spc,input_number.furnace_running_watts_day_3,774.4,2026-08-22T03:59:00.461470+00:00
2026-08-22T00:20:00,capture_daily_furnace_watts,spc,input_number.furnace_running_watts_day_4,778.8,2026-08-22T03:59:00.448611+00:00
2026-08-22T00:20:00,capture_daily_furnace_watts,spc,input_number.furnace_running_watts_day_5,784.2,2026-08-22T03:59:00.435490+00:00
2026-08-22T00:20:00,capture_daily_furnace_watts,spc,input_number.furnace_running_watts_day_6,774.5,2026-08-22T03:59:00.425842+00:00
2026-08-22T00:20:00,capture_daily_furnace_watts,spc,input_number.furnace_running_watts_day_7,767.4,2026-08-22T03:59:00.414488+00:00
2026-08-22T00:20:00,capture_daily_furnace_watts,spc,input_datetime.furnace_spc_last_capture,2026-08-21,2026-08-22T03:59:00.487216+00:00
2026-08-22T00:20:00,capture_daily_furnace_watts,spc,input_datetime.furnace_spc_last_seed,2026-08-21,2026-08-22T01:48:03.825618+00:00
2026-08-22T00:20:00,capture_daily_hdd,accumulator,input_number.hdd_day_1,0.0,2026-08-22T01:48:03.738407+00:00
2026-08-22T00:20:00,capture_daily_hdd,accumulator,input_number.hdd_day_2,0.0,2026-08-22T01:48:03.738491+00:00
2026-08-22T00:20:00,capture_daily_hdd,accumulator,input_number.hdd_day_3,0.0,2026-08-22T01:48:03.738558+00:00
2026-08-22T00:20:00,capture_daily_hdd,accumulator,input_number.hdd_day_4,0.0,2026-08-22T01:48:03.738627+00:00
2026-08-22T00:20:00,capture_daily_hdd,accumulator,input_number.hdd_day_5,0.0,2026-08-22T01:48:03.738700+00:00
2026-08-22T00:20:00,capture_daily_hdd,accumulator,input_number.hdd_day_6,0.0,2026-08-22T01:48:03.738770+00:00
2026-08-22T00:20:00,capture_daily_hdd,accumulator,input_number.hdd_day_7,0.0,2026-08-22T01:48:03.738949+00:00
2026-08-22T00:20:00,capture_daily_hdd,accumulator,input_datetime.hdd_capture_last_ok,2026-08-21 23:55:00,2026-08-22T03:55:00.349043+00:00
2026-08-22T00:20:00,capture_daily_hwh_recirc_watts,spc,input_number.hwh_recirc_running_watts_day_1,109.5,2026-08-22T03:59:00.533636+00:00
2026-08-22T00:20:00,capture_daily_hwh_recirc_watts,spc,input_number.hwh_recirc_running_watts_day_2,105.0,2026-08-22T03:59:00.531920+00:00
2026-08-22T00:20:00,capture_daily_hwh_recirc_watts,spc,input_number.hwh_recirc_running_watts_day_3,106.7,2026-08-22T03:59:00.529628+00:00
2026-08-22T00:20:00,capture_daily_hwh_recirc_watts,spc,input_number.hwh_recirc_running_watts_day_4,105.8,2026-08-22T03:59:00.527757+00:00
2026-08-22T00:20:00,capture_daily_hwh_recirc_watts,spc,input_number.hwh_recirc_running_watts_day_5,105.0,2026-08-22T03:59:00.526591+00:00
2026-08-22T00:20:00,capture_daily_hwh_recirc_watts,spc,input_number.hwh_recirc_running_watts_day_6,105.8,2026-08-22T03:59:00.524477+00:00
2026-08-22T00:20:00,capture_daily_hwh_recirc_watts,spc,input_number.hwh_recirc_running_watts_day_7,104.1,2026-08-22T03:59:00.522994+00:00
2026-08-22T00:20:00,capture_daily_hwh_recirc_watts,spc,input_datetime.hwh_recirc_spc_last_capture,2026-08-21,2026-08-22T03:59:00.535316+00:00
2026-08-22T00:20:00,capture_daily_hwh_recirc_watts,spc,input_datetime.hwh_recirc_spc_last_seed,2026-08-21,2026-08-22T01:48:03.825850+00:00
2026-08-22T00:20:00,capture_daily_monthly_tracking,accumulator,input_number.ac_cycles_month_acc,115.0,2026-08-22T03:56:30.105203+00:00
2026-08-22T00:20:00,capture_daily_monthly_tracking,accumulator,input_number.ac_cycles_year_acc,566.0,2026-08-22T03:56:30.108050+00:00
2026-08-22T00:20:00,capture_daily_monthly_tracking,accumulator,input_number.ac_runtime_month_acc,51.01,2026-08-22T03:56:30.104283+00:00
2026-08-22T00:20:00,capture_daily_monthly_tracking,accumulator,input_number.ac_runtime_year_acc,260.34,2026-08-22T03:56:30.107751+00:00
2026-08-22T00:20:00,capture_daily_monthly_tracking,accumulator,input_number.cdd_cumulative_month_auto,170.5,2026-08-22T03:56:30.086076+00:00
2026-08-22T00:20:00,capture_daily_monthly_tracking,accumulator,input_number.cdd_cumulative_year_auto,579.6,2026-08-22T03:56:30.089579+00:00
2026-08-22T00:20:00,capture_daily_monthly_tracking,accumulator,input_number.expected_runtime_sum_month,0.0,2026-08-22T01:48:03.742117+00:00
2026-08-22T00:20:00,capture_daily_monthly_tracking,accumulator,input_number.furnace_cycles_month_acc,0.0,2026-08-22T01:48:03.742254+00:00
2026-08-22T00:20:00,capture_daily_monthly_tracking,accumulator,input_number.furnace_runtime_month_acc,0.0,2026-08-22T01:48:03.742186+00:00
2026-08-22T00:20:00,capture_daily_monthly_tracking,accumulator,input_number.hdd_cumulative_month_auto,0.0,2026-08-22T01:48:03.741692+00:00
2026-08-22T00:20:00,capture_daily_monthly_tracking,accumulator,input_number.hdd_cumulative_year_auto,3726.9,2026-08-22T01:48:03.741765+00:00
2026-08-22T00:20:00,capture_daily_monthly_tracking,accumulator,input_number.outdoor_temp_days_month,21.0,2026-08-22T03:56:30.094240+00:00
2026-08-22T00:20:00,capture_daily_monthly_tracking,accumulator,input_number.outdoor_temp_sum_month,1539.4,2026-08-22T03:56:30.090742+00:00
2026-08-22T00:20:00,capture_daily_monthly_tracking,accumulator,input_number.zone_1f_cool_cycles_month_acc,0.0,2026-08-22T01:48:03.742879+00:00
2026-08-22T00:20:00,capture_daily_monthly_tracking,accumulator,input_number.zone_1f_cool_runtime_month_acc,0.0,2026-08-22T01:48:03.742738+00:00
2026-08-22T00:20:00,capture_daily_monthly_tracking,accumulator,input_number.zone_1f_cycles_month_acc,0.0,2026-08-22T01:48:03.742459+00:00
2026-08-22T00:20:00,capture_daily_monthly_tracking,accumulator,input_number.zone_1f_runtime_month_acc,0.0,2026-08-22T01:48:03.742321+00:00
2026-08-22T00:20:00,capture_daily_monthly_tracking,accumulator,input_number.zone_2f_cool_cycles_month_acc,115.0,2026-08-22T03:56:30.107237+00:00
2026-08-22T00:20:00,capture_daily_monthly_tracking,accumulator,input_number.zone_2f_cool_runtime_month_acc,51.01,2026-08-22T03:56:30.106421+00:00
2026-08-22T00:20:00,capture_daily_monthly_tracking,accumulator,input_number.zone_2f_cycles_month_acc,0.0,2026-08-22T01:48:03.742527+00:00
2026-08-22T00:20:00,capture_daily_monthly_tracking,accumulator,input_number.zone_2f_runtime_month_acc,0.0,2026-08-22T01:48:03.742391+00:00
2026-08-22T00:20:00,capture_daily_monthly_tracking,accumulator,input_datetime.monthly_tracking_capture_last_ok,2026-08-21 23:56:30,2026-08-22T03:56:30.071550+00:00
2026-08-22T00:20:00,capture_daily_runtime_per_cdd,accumulator,input_number.runtime_per_cdd_day_1,27.7,2026-08-22T03:56:45.330494+00:00
2026-08-22T00:20:00,capture_daily_runtime_per_cdd,accumulator,input_number.runtime_per_cdd_day_2,33.9,2026-08-22T03:56:45.322722+00:00
2026-08-22T00:20:00,capture_daily_runtime_per_cdd,accumulator,input_number.runtime_per_cdd_day_3,34.8,2026-08-22T03:56:45.314466+00:00
2026-08-22T00:20:00,capture_daily_runtime_per_cdd,accumulator,input_number.runtime_per_cdd_day_4,20.2,2026-08-22T03:56:45.302871+00:00
2026-08-22T00:20:00,capture_daily_runtime_per_cdd,accumulator,input_number.runtime_per_cdd_day_5,0.0,2026-08-22T01:48:03.740494+00:00
2026-08-22T00:20:00,capture_daily_runtime_per_cdd,accumulator,input_number.runtime_per_cdd_day_6,0.0,2026-08-22T01:48:03.740565+00:00
2026-08-22T00:20:00,capture_daily_runtime_per_cdd,accumulator,input_number.runtime_per_cdd_day_7,0.0,2026-08-22T01:48:03.740635+00:00
2026-08-22T00:20:00,capture_daily_runtime_per_cdd,accumulator,input_datetime.runtime_per_cdd_capture_last_ok,2026-08-21 23:56:45,2026-08-22T03:56:45.335875+00:00
2026-08-22T00:20:00,capture_daily_runtime_per_hdd,accumulator,input_number.runtime_per_hdd_day_1,0.0,2026-08-22T01:48:03.739022+00:00
2026-08-22T00:20:00,capture_daily_runtime_per_hdd,accumulator,input_number.runtime_per_hdd_day_2,0.0,2026-08-22T01:48:03.739091+00:00
2026-08-22T00:20:00,capture_daily_runtime_per_hdd,accumulator,input_number.runtime_per_hdd_day_3,0.0,2026-08-22T01:48:03.739160+00:00
2026-08-22T00:20:00,capture_daily_runtime_per_hdd,accumulator,input_number.runtime_per_hdd_day_4,0.0,2026-08-22T01:48:03.739228+00:00
2026-08-22T00:20:00,capture_daily_runtime_per_hdd,accumulator,input_number.runtime_per_hdd_day_5,0.0,2026-08-22T01:48:03.739299+00:00
2026-08-22T00:20:00,capture_daily_runtime_per_hdd,accumulator,input_number.runtime_per_hdd_day_6,0.0,2026-08-22T01:48:03.739374+00:00
2026-08-22T00:20:00,capture_daily_runtime_per_hdd,accumulator,input_number.runtime_per_hdd_day_7,0.0,2026-08-22T01:48:03.739445+00:00
2026-08-22T00:20:00,capture_daily_runtime_per_hdd,accumulator,input_datetime.runtime_per_hdd_capture_last_ok,2026-08-21 23:56:00,2026-08-22T03:56:00.172105+00:00
2026-08-23T00:20:00,archive_monthly_cdd,accumulator,input_datetime.cdd_archive_last_ok,2026-08-21 00:00:00,2026-08-22T23:55:26.140585+00:00
2026-08-23T00:20:00,archive_monthly_gas_heat_cost,accumulator,input_datetime.gas_heat_cost_archive_last_ok,2026-08-21 00:00:00,2026-08-22T23:55:26.140694+00:00
2026-08-23T00:20:00,archive_monthly_hdd,accumulator,input_datetime.hdd_archive_last_ok,2026-08-21 00:00:00,2026-08-22T23:55:26.140478+00:00
2026-08-23T00:20:00,capture_daily_ac_cost,accumulator,input_number.ac_cost_year_acc,168.78,2026-08-23T03:59:45.337084+00:00
2026-08-23T00:20:00,capture_daily_ac_cost,accumulator,input_datetime.ac_cost_capture_last_ok,2026-08-22 23:59:45,2026-08-23T03:59:45.338648+00:00
2026-08-23T00:20:00,capture_daily_ac_min_per_cycle,accumulator,input_number.ac_min_per_cycle_day_1,10.0,2026-08-23T03:55:30.282866+00:00
2026-08-23T00:20:00,capture_daily_ac_min_per_cycle,accumulator,input_number.ac_min_per_cycle_day_2,21.0,2026-08-23T03:55:30.280636+00:00
2026-08-23T00:20:00,capture_daily_ac_min_per_cycle,accumulator,input_number.ac_min_per_cycle_day_3,18.2,2026-08-23T03:55:30.275229+00:00
2026-08-23T00:20:00,capture_daily_ac_min_per_cycle,accumulator,input_number.ac_min_per_cycle_day_4,22.9,2026-08-23T03:55:30.268825+00:00
2026-08-23T00:20:00,capture_daily_ac_min_per_cycle,accumulator,input_number.ac_min_per_cycle_day_5,38.2,2026-08-23T03:55:30.262295+00:00
2026-08-23T00:20:00,capture_daily_ac_min_per_cycle,accumulator,input_number.ac_min_per_cycle_day_6,13.3,2026-08-23T03:55:30.253891+00:00
2026-08-23T00:20:00,capture_daily_ac_min_per_cycle,accumulator,input_number.ac_min_per_cycle_day_7,35.5,2026-08-23T03:55:30.242463+00:00
2026-08-23T00:20:00,capture_daily_ac_min_per_cycle,accumulator,input_datetime.ac_min_per_cycle_capture_last_ok,2026-08-22 23:55:30,2026-08-23T03:55:30.292092+00:00
2026-08-23T00:20:00,capture_daily_ac_watts,spc,input_number.ac_running_watts_day_1,2357.4,2026-08-22T23:55:26.116418+00:00
2026-08-23T00:20:00,capture_daily_ac_watts,spc,input_number.ac_running_watts_day_2,2493.6,2026-08-22T23:55:26.116488+00:00
2026-08-23T00:20:00,capture_daily_ac_watts,spc,input_number.ac_running_watts_day_3,2554.7,2026-08-22T23:55:26.116559+00:00
2026-08-23T00:20:00,capture_daily_ac_watts,spc,input_number.ac_running_watts_day_4,2548.0,2026-08-22T23:55:26.116627+00:00
2026-08-23T00:20:00,capture_daily_ac_watts,spc,input_number.ac_running_watts_day_5,0.0,2026-08-22T23:55:26.116695+00:00
2026-08-23T00:20:00,capture_daily_ac_watts,spc,input_number.ac_running_watts_day_6,0.0,2026-08-22T23:55:26.116769+00:00
2026-08-23T00:20:00,capture_daily_ac_watts,spc,input_number.ac_running_watts_day_7,0.0,2026-08-22T23:55:26.116836+00:00
2026-08-23T00:20:00,capture_daily_ac_watts,spc,input_datetime.ac_spc_last_capture,2026-08-21,2026-08-22T23:55:26.142079+00:00
2026-08-23T00:20:00,capture_daily_ac_watts,spc,input_datetime.ac_spc_last_seed,2026-08-21,2026-08-22T23:55:26.142821+00:00
2026-08-23T00:20:00,capture_daily_cdd,accumulator,input_number.cdd_day_1,1.7,2026-08-23T03:55:15.408934+00:00
2026-08-23T00:20:00,capture_daily_cdd,accumulator,input_number.cdd_day_2,3.8,2026-08-23T03:55:15.407756+00:00
2026-08-23T00:20:00,capture_daily_cdd,accumulator,input_number.cdd_day_3,5.9,2026-08-23T03:55:15.403571+00:00
2026-08-23T00:20:00,capture_daily_cdd,accumulator,input_number.cdd_day_4,8.6,2026-08-23T03:55:15.402606+00:00
2026-08-23T00:20:00,capture_daily_cdd,accumulator,input_number.cdd_day_5,9.5,2026-08-23T03:55:15.397809+00:00
2026-08-23T00:20:00,capture_daily_cdd,accumulator,input_number.cdd_day_6,5.1,2026-08-23T03:55:15.393564+00:00
2026-08-23T00:20:00,capture_daily_cdd,accumulator,input_number.cdd_day_7,2.4,2026-08-23T03:55:15.390187+00:00
2026-08-23T00:20:00,capture_daily_cdd,accumulator,input_datetime.cdd_capture_last_ok,2026-08-22 23:55:15,2026-08-23T03:55:15.410002+00:00
2026-08-23T00:20:00,capture_daily_cooling_kwh_cdd,spc,input_number.cooling_kwh_cdd_day_1,0.7,2026-08-23T03:59:00.486469+00:00
2026-08-23T00:20:00,capture_daily_cooling_kwh_cdd,spc,input_number.cooling_kwh_cdd_day_2,1.09,2026-08-23T03:59:00.483925+00:00
2026-08-23T00:20:00,capture_daily_cooling_kwh_cdd,spc,input_number.cooling_kwh_cdd_day_3,1.41,2026-08-23T03:59:00.482167+00:00
2026-08-23T00:20:00,capture_daily_cooling_kwh_cdd,spc,input_number.cooling_kwh_cdd_day_4,1.5,2026-08-23T03:59:00.479970+00:00
2026-08-23T00:20:00,capture_daily_cooling_kwh_cdd,spc,input_number.cooling_kwh_cdd_day_5,0.87,2026-08-23T03:59:00.476636+00:00
2026-08-23T00:20:00,capture_daily_cooling_kwh_cdd,spc,input_number.cooling_kwh_cdd_day_6,0.22,2026-08-23T03:59:00.471950+00:00
2026-08-23T00:20:00,capture_daily_cooling_kwh_cdd,spc,input_number.cooling_kwh_cdd_day_7,0.48,2026-08-23T03:59:00.469240+00:00
2026-08-23T00:20:00,capture_daily_cooling_kwh_cdd,spc,input_datetime.cooling_kwh_cdd_spc_last_capture,2026-08-22,2026-08-23T03:59:00.488473+00:00
2026-08-23T00:20:00,capture_daily_dehumidifier_cost,accumulator,input_number.dehumidifier_cost_year_acc,49.97,2026-08-23T03:59:30.476114+00:00
2026-08-23T00:20:00,capture_daily_dehumidifier_cost,accumulator,input_datetime.dehumidifier_cost_capture_last_ok,2026-08-22 23:59:30,2026-08-23T03:59:30.477863+00:00
2026-08-23T00:20:00,capture_daily_dehumidifier_duty_kwh,accumulator,input_number.dehumidifier_duty_day_1,8.0,2026-08-23T03:59:30.414234+00:00
2026-08-23T00:20:00,capture_daily_dehumidifier_duty_kwh,accumulator,input_number.dehumidifier_duty_day_2,7.7,2026-08-23T03:59:30.411908+00:00
2026-08-23T00:20:00,capture_daily_dehumidifier_duty_kwh,accumulator,input_number.dehumidifier_duty_day_3,6.5,2026-08-23T03:59:30.406379+00:00
2026-08-23T00:20:00,capture_daily_dehumidifier_duty_kwh,accumulator,input_number.dehumidifier_duty_day_4,3.9,2026-08-23T03:59:30.403657+00:00
2026-08-23T00:20:00,capture_daily_dehumidifier_duty_kwh,accumulator,input_number.dehumidifier_duty_day_5,6.4,2026-08-23T03:59:30.399435+00:00
2026-08-23T00:20:00,capture_daily_dehumidifier_duty_kwh,accumulator,input_number.dehumidifier_duty_day_6,8.5,2026-08-23T03:59:30.396698+00:00
2026-08-23T00:20:00,capture_daily_dehumidifier_duty_kwh,accumulator,input_number.dehumidifier_duty_day_7,8.4,2026-08-23T03:59:30.391378+00:00
2026-08-23T00:20:00,capture_daily_dehumidifier_duty_kwh,accumulator,input_number.dehumidifier_kwh_day_1,0.893,2026-08-23T03:59:30.439699+00:00
2026-08-23T00:20:00,capture_daily_dehumidifier_duty_kwh,accumulator,input_number.dehumidifier_kwh_day_2,0.861,2026-08-23T03:59:30.439216+00:00
2026-08-23T00:20:00,capture_daily_dehumidifier_duty_kwh,accumulator,input_number.dehumidifier_kwh_day_3,0.724,2026-08-23T03:59:30.438686+00:00
2026-08-23T00:20:00,capture_daily_dehumidifier_duty_kwh,accumulator,input_number.dehumidifier_kwh_day_4,0.422,2026-08-23T03:59:30.438084+00:00
2026-08-23T00:20:00,capture_daily_dehumidifier_duty_kwh,accumulator,input_number.dehumidifier_kwh_day_5,0.716,2026-08-23T03:59:30.437433+00:00
2026-08-23T00:20:00,capture_daily_dehumidifier_duty_kwh,accumulator,input_number.dehumidifier_kwh_day_6,0.966,2026-08-23T03:59:30.436465+00:00
2026-08-23T00:20:00,capture_daily_dehumidifier_duty_kwh,accumulator,input_number.dehumidifier_kwh_day_7,0.954,2026-08-23T03:59:30.421511+00:00
2026-08-23T00:20:00,capture_daily_dehumidifier_duty_kwh,accumulator,input_datetime.dehumidifier_duty_kwh_capture_last_ok,2026-08-22 23:59:30,2026-08-23T03:59:30.440494+00:00
2026-08-23T00:20:00,capture_daily_dehumidifier_watts,spc,input_number.dehumidifier_running_watts_day_1,468.7,2026-08-23T03:59:00.274336+00:00
2026-08-23T00:20:00,capture_daily_dehumidifier_watts,spc,input_number.dehumidifier_running_watts_day_2,466.4,2026-08-23T03:59:00.273198+00:00
2026-08-23T00:20:00,capture_daily_dehumidifier_watts,spc,input_number.dehumidifier_running_watts_day_3,466.8,2026-08-23T03:59:00.271787+00:00
2026-08-23T00:20:00,capture_daily_dehumidifier_watts,spc,input_number.dehumidifier_running_watts_day_4,463.2,2026-08-23T03:59:00.270286+00:00
2026-08-23T00:20:00,capture_daily_dehumidifier_watts,spc,input_number.dehumidifier_running_watts_day_5,467.2,2026-08-23T03:59:00.267890+00:00
2026-08-23T00:20:00,capture_daily_dehumidifier_watts,spc,input_number.dehumidifier_running_watts_day_6,472.2,2026-08-23T03:59:00.265859+00:00
2026-08-23T00:20:00,capture_daily_dehumidifier_watts,spc,input_number.dehumidifier_running_watts_day_7,472.9,2026-08-23T03:59:00.264284+00:00
2026-08-23T00:20:00,capture_daily_dehumidifier_watts,spc,input_datetime.dehumidifier_spc_last_capture,2026-08-22,2026-08-23T03:59:00.277126+00:00
2026-08-23T00:20:00,capture_daily_dehumidifier_watts,spc,input_datetime.dehumidifier_spc_last_seed,2026-08-21,2026-08-22T23:55:26.143128+00:00
2026-08-23T00:20:00,capture_daily_fridge_watts,spc,input_number.fridge_running_watts_day_1,123.5,2026-08-23T03:59:00.254682+00:00
2026-08-23T00:20:00,capture_daily_fridge_watts,spc,input_number.fridge_running_watts_day_2,114.2,2026-08-23T03:59:00.251606+00:00
2026-08-23T00:20:00,capture_daily_fridge_watts,spc,input_number.fridge_running_watts_day_3,115.8,2026-08-23T03:59:00.242616+00:00
2026-08-23T00:20:00,capture_daily_fridge_watts,spc,input_number.fridge_running_watts_day_4,125.0,2026-08-23T03:59:00.233652+00:00
2026-08-23T00:20:00,capture_daily_fridge_watts,spc,input_number.fridge_running_watts_day_5,107.9,2026-08-23T03:59:00.227018+00:00
2026-08-23T00:20:00,capture_daily_fridge_watts,spc,input_number.fridge_running_watts_day_6,108.2,2026-08-23T03:59:00.202244+00:00
2026-08-23T00:20:00,capture_daily_fridge_watts,spc,input_number.fridge_running_watts_day_7,121.5,2026-08-23T03:59:00.191438+00:00
2026-08-23T00:20:00,capture_daily_fridge_watts,spc,input_datetime.fridge_spc_last_capture,2026-08-22,2026-08-23T03:59:00.259522+00:00
2026-08-23T00:20:00,capture_daily_fridge_watts,spc,input_datetime.fridge_spc_last_seed,2026-08-21,2026-08-22T23:55:26.142525+00:00
2026-08-23T00:20:00,capture_daily_furnace_min_per_cycle,accumulator,input_number.furnace_min_per_cycle_day_1,0.0,2026-08-22T23:55:26.062526+00:00
2026-08-23T00:20:00,capture_daily_furnace_min_per_cycle,accumulator,input_number.furnace_min_per_cycle_day_2,0.0,2026-08-22T23:55:26.062597+00:00
2026-08-23T00:20:00,capture_daily_furnace_min_per_cycle,accumulator,input_number.furnace_min_per_cycle_day_3,0.0,2026-08-22T23:55:26.062667+00:00
2026-08-23T00:20:00,capture_daily_furnace_min_per_cycle,accumulator,input_number.furnace_min_per_cycle_day_4,0.0,2026-08-22T23:55:26.062737+00:00
2026-08-23T00:20:00,capture_daily_furnace_min_per_cycle,accumulator,input_number.furnace_min_per_cycle_day_5,0.0,2026-08-22T23:55:26.062805+00:00
2026-08-23T00:20:00,capture_daily_furnace_min_per_cycle,accumulator,input_number.furnace_min_per_cycle_day_6,0.0,2026-08-22T23:55:26.062878+00:00
2026-08-23T00:20:00,capture_daily_furnace_min_per_cycle,accumulator,input_number.furnace_min_per_cycle_day_7,0.0,2026-08-22T23:55:26.062947+00:00
2026-08-23T00:20:00,capture_daily_furnace_min_per_cycle,accumulator,input_datetime.furnace_cycle_capture_last_ok,1970-01-01 00:00:00,2026-08-22T23:55:26.141148+00:00
2026-08-23T00:20:00,capture_daily_furnace_watts,spc,input_number.furnace_running_watts_day_1,774.2,2026-08-22T23:55:26.115861+00:00
2026-08-23T00:20:00,capture_daily_furnace_watts,spc,input_number.furnace_running_watts_day_2,772.1,2026-08-22T23:55:26.115932+00:00
2026-08-23T00:20:00,capture_daily_furnace_watts,spc,input_number.furnace_running_watts_day_3,769.9,2026-08-22T23:55:26.116003+00:00
2026-08-23T00:20:00,capture_daily_furnace_watts,spc,input_number.furnace_running_watts_day_4,769.8,2026-08-22T23:55:26.116069+00:00
2026-08-23T00:20:00,capture_daily_furnace_watts,spc,input_number.furnace_running_watts_day_5,0.0,2026-08-22T23:55:26.116136+00:00
2026-08-23T00:20:00,capture_daily_furnace_watts,spc,input_number.furnace_running_watts_day_6,0.0,2026-08-22T23:55:26.116203+00:00
2026-08-23T00:20:00,capture_daily_furnace_watts,spc,input_number.furnace_running_watts_day_7,0.0,2026-08-22T23:55:26.116273+00:00
2026-08-23T00:20:00,capture_daily_furnace_watts,spc,input_datetime.furnace_spc_last_capture,2026-08-21,2026-08-22T23:55:26.141934+00:00
2026-08-23T00:20:00,capture_daily_furnace_watts,spc,input_datetime.furnace_spc_last_seed,2026-08-21,2026-08-22T23:55:26.142671+00:00
2026-08-23T00:20:00,capture_daily_hdd,accumulator,input_number.hdd_day_1,0.0,2026-08-22T23:55:26.060384+00:00
2026-08-23T00:20:00,capture_daily_hdd,accumulator,input_number.hdd_day_2,0.0,2026-08-22T23:55:26.060477+00:00
2026-08-23T00:20:00,capture_daily_hdd,accumulator,input_number.hdd_day_3,0.0,2026-08-22T23:55:26.060570+00:00
2026-08-23T00:20:00,capture_daily_hdd,accumulator,input_number.hdd_day_4,0.0,2026-08-22T23:55:26.060652+00:00
2026-08-23T00:20:00,capture_daily_hdd,accumulator,input_number.hdd_day_5,0.0,2026-08-22T23:55:26.060736+00:00
2026-08-23T00:20:00,capture_daily_hdd,accumulator,input_number.hdd_day_6,0.0,2026-08-22T23:55:26.060814+00:00
2026-08-23T00:20:00,capture_daily_hdd,accumulator,input_number.hdd_day_7,0.0,2026-08-22T23:55:26.060889+00:00
2026-08-23T00:20:00,capture_daily_hdd,accumulator,input_datetime.hdd_capture_last_ok,2026-08-22 23:55:00,2026-08-23T03:55:00.201068+00:00
2026-08-23T00:20:00,capture_daily_hwh_recirc_watts,spc,input_number.hwh_recirc_running_watts_day_1,109.5,2026-08-22T23:55:26.116974+00:00
2026-08-23T00:20:00,capture_daily_hwh_recirc_watts,spc,input_number.hwh_recirc_running_watts_day_2,109.5,2026-08-23T03:59:00.418925+00:00
2026-08-23T00:20:00,capture_daily_hwh_recirc_watts,spc,input_number.hwh_recirc_running_watts_day_3,105.0,2026-08-23T03:59:00.417098+00:00
2026-08-23T00:20:00,capture_daily_hwh_recirc_watts,spc,input_number.hwh_recirc_running_watts_day_4,106.7,2026-08-23T03:59:00.411561+00:00
2026-08-23T00:20:00,capture_daily_hwh_recirc_watts,spc,input_number.hwh_recirc_running_watts_day_5,105.8,2026-08-23T03:59:00.407254+00:00
2026-08-23T00:20:00,capture_daily_hwh_recirc_watts,spc,input_number.hwh_recirc_running_watts_day_6,105.0,2026-08-23T03:59:00.401582+00:00
2026-08-23T00:20:00,capture_daily_hwh_recirc_watts,spc,input_number.hwh_recirc_running_watts_day_7,105.8,2026-08-23T03:59:00.387587+00:00
2026-08-23T00:20:00,capture_daily_hwh_recirc_watts,spc,input_datetime.hwh_recirc_spc_last_capture,2026-08-22,2026-08-23T03:59:00.426426+00:00
2026-08-23T00:20:00,capture_daily_hwh_recirc_watts,spc,input_datetime.hwh_recirc_spc_last_seed,2026-08-21,2026-08-22T23:55:26.142969+00:00
2026-08-23T00:20:00,capture_daily_monthly_tracking,accumulator,input_number.ac_cycles_month_acc,118.0,2026-08-23T03:56:30.384009+00:00
2026-08-23T00:20:00,capture_daily_monthly_tracking,accumulator,input_number.ac_cycles_year_acc,569.0,2026-08-23T03:56:30.397705+00:00
2026-08-23T00:20:00,capture_daily_monthly_tracking,accumulator,input_number.ac_runtime_month_acc,51.51,2026-08-23T03:56:30.374483+00:00
2026-08-23T00:20:00,capture_daily_monthly_tracking,accumulator,input_number.ac_runtime_year_acc,260.84,2026-08-23T03:56:30.397058+00:00
2026-08-23T00:20:00,capture_daily_monthly_tracking,accumulator,input_number.cdd_cumulative_month_auto,172.2,2026-08-23T03:56:30.350549+00:00
2026-08-23T00:20:00,capture_daily_monthly_tracking,accumulator,input_number.cdd_cumulative_year_auto,581.3,2026-08-23T03:56:30.365158+00:00
2026-08-23T00:20:00,capture_daily_monthly_tracking,accumulator,input_number.expected_runtime_sum_month,0.0,2026-08-22T23:55:26.064342+00:00
2026-08-23T00:20:00,capture_daily_monthly_tracking,accumulator,input_number.furnace_cycles_month_acc,0.0,2026-08-22T23:55:26.064511+00:00
2026-08-23T00:20:00,capture_daily_monthly_tracking,accumulator,input_number.furnace_runtime_month_acc,0.0,2026-08-22T23:55:26.064433+00:00
2026-08-23T00:20:00,capture_daily_monthly_tracking,accumulator,input_number.hdd_cumulative_month_auto,0.0,2026-08-22T23:55:26.063529+00:00
2026-08-23T00:20:00,capture_daily_monthly_tracking,accumulator,input_number.hdd_cumulative_year_auto,3726.9,2026-08-22T23:55:26.063606+00:00
2026-08-23T00:20:00,capture_daily_monthly_tracking,accumulator,input_number.outdoor_temp_days_month,22.0,2026-08-23T03:56:30.367366+00:00
2026-08-23T00:20:00,capture_daily_monthly_tracking,accumulator,input_number.outdoor_temp_sum_month,1606.2,2026-08-23T03:56:30.366046+00:00
2026-08-23T00:20:00,capture_daily_monthly_tracking,accumulator,input_number.zone_1f_cool_cycles_month_acc,0.0,2026-08-22T23:55:26.065276+00:00
2026-08-23T00:20:00,capture_daily_monthly_tracking,accumulator,input_number.zone_1f_cool_runtime_month_acc,0.0,2026-08-22T23:55:26.065130+00:00
2026-08-23T00:20:00,capture_daily_monthly_tracking,accumulator,input_number.zone_1f_cycles_month_acc,0.0,2026-08-22T23:55:26.064725+00:00
2026-08-23T00:20:00,capture_daily_monthly_tracking,accumulator,input_number.zone_1f_runtime_month_acc,0.0,2026-08-22T23:55:26.064584+00:00
2026-08-23T00:20:00,capture_daily_monthly_tracking,accumulator,input_number.zone_2f_cool_cycles_month_acc,118.0,2026-08-23T03:56:30.387213+00:00
2026-08-23T00:20:00,capture_daily_monthly_tracking,accumulator,input_number.zone_2f_cool_runtime_month_acc,51.51,2026-08-23T03:56:30.385635+00:00
2026-08-23T00:20:00,capture_daily_monthly_tracking,accumulator,input_number.zone_2f_cycles_month_acc,0.0,2026-08-22T23:55:26.064801+00:00
2026-08-23T00:20:00,capture_daily_monthly_tracking,accumulator,input_number.zone_2f_runtime_month_acc,0.0,2026-08-22T23:55:26.064652+00:00
2026-08-23T00:20:00,capture_daily_monthly_tracking,accumulator,input_datetime.monthly_tracking_capture_last_ok,2026-08-22 23:56:30,2026-08-23T03:56:30.347556+00:00
2026-08-23T00:20:00,capture_daily_runtime_per_cdd,accumulator,input_number.runtime_per_cdd_day_1,17.6,2026-08-23T03:56:45.221292+00:00
2026-08-23T00:20:00,capture_daily_runtime_per_cdd,accumulator,input_number.runtime_per_cdd_day_2,27.7,2026-08-23T03:56:45.219532+00:00
2026-08-23T00:20:00,capture_daily_runtime_per_cdd,accumulator,input_number.runtime_per_cdd_day_3,33.9,2026-08-23T03:56:45.216417+00:00
2026-08-23T00:20:00,capture_daily_runtime_per_cdd,accumulator,input_number.runtime_per_cdd_day_4,34.8,2026-08-23T03:56:45.207268+00:00
2026-08-23T00:20:00,capture_daily_runtime_per_cdd,accumulator,input_number.runtime_per_cdd_day_5,20.2,2026-08-23T03:56:45.200490+00:00
2026-08-23T00:20:00,capture_daily_runtime_per_cdd,accumulator,input_number.runtime_per_cdd_day_6,0.0,2026-08-22T23:55:26.062386+00:00
2026-08-23T00:20:00,capture_daily_runtime_per_cdd,accumulator,input_number.runtime_per_cdd_day_7,0.0,2026-08-22T23:55:26.062457+00:00
2026-08-23T00:20:00,capture_daily_runtime_per_cdd,accumulator,input_datetime.runtime_per_cdd_capture_last_ok,2026-08-22 23:56:45,2026-08-23T03:56:45.223988+00:00
2026-08-23T00:20:00,capture_daily_runtime_per_hdd,accumulator,input_number.runtime_per_hdd_day_1,0.0,2026-08-22T23:55:26.060970+00:00
2026-08-23T00:20:00,capture_daily_runtime_per_hdd,accumulator,input_number.runtime_per_hdd_day_2,0.0,2026-08-22T23:55:26.061050+00:00
2026-08-23T00:20:00,capture_daily_runtime_per_hdd,accumulator,input_number.runtime_per_hdd_day_3,0.0,2026-08-22T23:55:26.061126+00:00
2026-08-23T00:20:00,capture_daily_runtime_per_hdd,accumulator,input_number.runtime_per_hdd_day_4,0.0,2026-08-22T23:55:26.061207+00:00
2026-08-23T00:20:00,capture_daily_runtime_per_hdd,accumulator,input_number.runtime_per_hdd_day_5,0.0,2026-08-22T23:55:26.061288+00:00
2026-08-23T00:20:00,capture_daily_runtime_per_hdd,accumulator,input_number.runtime_per_hdd_day_6,0.0,2026-08-22T23:55:26.061368+00:00
2026-08-23T00:20:00,capture_daily_runtime_per_hdd,accumulator,input_number.runtime_per_hdd_day_7,0.0,2026-08-22T23:55:26.061441+00:00
2026-08-23T00:20:00,capture_daily_runtime_per_hdd,accumulator,input_datetime.runtime_per_hdd_capture_last_ok,2026-08-22 23:56:00,2026-08-23T03:56:00.467968+00:00
2026-08-23T00:20:00,capture_daily_water_overnight,leak,input_number.water_overnight_min_day_1,-1.0,2026-08-22T23:55:26.119791+00:00
2026-08-23T00:20:00,capture_daily_water_overnight,leak,input_number.water_overnight_min_day_2,-1.0,2026-08-22T23:55:26.119862+00:00
2026-08-23T00:20:00,capture_daily_water_overnight,leak,input_number.water_overnight_min_day_3,-1.0,2026-08-22T23:55:26.119930+00:00
2026-08-23T00:20:00,capture_daily_water_overnight,leak,input_number.water_overnight_min_day_4,-1.0,2026-08-22T23:55:26.120003+00:00
2026-08-23T00:20:00,capture_daily_water_overnight,leak,input_number.water_overnight_min_day_5,-1.0,2026-08-22T23:55:26.120076+00:00
2026-08-23T00:20:00,capture_daily_water_overnight,leak,input_number.water_overnight_min_day_6,-1.0,2026-08-22T23:55:26.120146+00:00
2026-08-23T00:20:00,capture_daily_water_overnight,leak,input_number.water_overnight_min_day_7,-1.0,2026-08-22T23:55:26.120217+00:00
2026-08-23T00:20:00,capture_daily_water_overnight,leak,input_datetime.water_overnight_capture_last_ok,1970-01-01 00:00:00,2026-08-22T23:55:26.144000+00:00
2026-08-24T00:20:00,archive_monthly_cdd,accumulator,input_datetime.cdd_archive_last_ok,2026-08-21 00:00:00,2026-08-22T23:55:26.140585+00:00
2026-08-24T00:20:00,archive_monthly_gas_heat_cost,accumulator,input_datetime.gas_heat_cost_archive_last_ok,2026-08-21 00:00:00,2026-08-22T23:55:26.140694+00:00
2026-08-24T00:20:00,archive_monthly_hdd,accumulator,input_datetime.hdd_archive_last_ok,2026-08-21 00:00:00,2026-08-22T23:55:26.140478+00:00
2026-08-24T00:20:00,capture_daily_ac_cost,accumulator,input_number.ac_cost_year_acc,169.79,2026-08-24T03:59:45.336308+00:00
2026-08-24T00:20:00,capture_daily_ac_cost,accumulator,input_datetime.ac_cost_capture_last_ok,2026-08-23 23:59:45,2026-08-24T03:59:45.337799+00:00
2026-08-24T00:20:00,capture_daily_ac_min_per_cycle,accumulator,input_number.ac_min_per_cycle_day_1,20.9,2026-08-24T03:55:30.315357+00:00
2026-08-24T00:20:00,capture_daily_ac_min_per_cycle,accumulator,input_number.ac_min_per_cycle_day_2,10.0,2026-08-24T03:55:30.304731+00:00
2026-08-24T00:20:00,capture_daily_ac_min_per_cycle,accumulator,input_number.ac_min_per_cycle_day_3,21.0,2026-08-24T03:55:30.255342+00:00
2026-08-24T00:20:00,capture_daily_ac_min_per_cycle,accumulator,input_number.ac_min_per_cycle_day_4,18.2,2026-08-24T03:55:30.253412+00:00
2026-08-24T00:20:00,capture_daily_ac_min_per_cycle,accumulator,input_number.ac_min_per_cycle_day_5,22.9,2026-08-24T03:55:30.250463+00:00
2026-08-24T00:20:00,capture_daily_ac_min_per_cycle,accumulator,input_number.ac_min_per_cycle_day_6,38.2,2026-08-24T03:55:30.243232+00:00
2026-08-24T00:20:00,capture_daily_ac_min_per_cycle,accumulator,input_number.ac_min_per_cycle_day_7,13.3,2026-08-24T03:55:30.237416+00:00
2026-08-24T00:20:00,capture_daily_ac_min_per_cycle,accumulator,input_datetime.ac_min_per_cycle_capture_last_ok,2026-08-23 23:55:30,2026-08-24T03:55:30.316882+00:00
2026-08-24T00:20:00,capture_daily_ac_watts,spc,input_number.ac_running_watts_day_1,2439.4,2026-08-24T03:59:00.318517+00:00
2026-08-24T00:20:00,capture_daily_ac_watts,spc,input_number.ac_running_watts_day_2,2357.4,2026-08-24T03:59:00.316802+00:00
2026-08-24T00:20:00,capture_daily_ac_watts,spc,input_number.ac_running_watts_day_3,2493.6,2026-08-24T03:59:00.314200+00:00
2026-08-24T00:20:00,capture_daily_ac_watts,spc,input_number.ac_running_watts_day_4,2554.7,2026-08-24T03:59:00.312816+00:00
2026-08-24T00:20:00,capture_daily_ac_watts,spc,input_number.ac_running_watts_day_5,2548.0,2026-08-24T03:59:00.311349+00:00
2026-08-24T00:20:00,capture_daily_ac_watts,spc,input_number.ac_running_watts_day_6,0.0,2026-08-22T23:55:26.116769+00:00
2026-08-24T00:20:00,capture_daily_ac_watts,spc,input_number.ac_running_watts_day_7,0.0,2026-08-22T23:55:26.116836+00:00
2026-08-24T00:20:00,capture_daily_ac_watts,spc,input_datetime.ac_spc_last_capture,2026-08-23,2026-08-24T03:59:00.320545+00:00
2026-08-24T00:20:00,capture_daily_ac_watts,spc,input_datetime.ac_spc_last_seed,2026-08-21,2026-08-22T23:55:26.142821+00:00
2026-08-24T00:20:00,capture_daily_cdd,accumulator,input_number.cdd_day_1,5.0,2026-08-24T03:55:15.418847+00:00
2026-08-24T00:20:00,capture_daily_cdd,accumulator,input_number.cdd_day_2,1.7,2026-08-24T03:55:15.413408+00:00
2026-08-24T00:20:00,capture_daily_cdd,accumulator,input_number.cdd_day_3,3.8,2026-08-24T03:55:15.411404+00:00
2026-08-24T00:20:00,capture_daily_cdd,accumulator,input_number.cdd_day_4,5.9,2026-08-24T03:55:15.406088+00:00
2026-08-24T00:20:00,capture_daily_cdd,accumulator,input_number.cdd_day_5,8.6,2026-08-24T03:55:15.403286+00:00
2026-08-24T00:20:00,capture_daily_cdd,accumulator,input_number.cdd_day_6,9.5,2026-08-24T03:55:15.397384+00:00
2026-08-24T00:20:00,capture_daily_cdd,accumulator,input_number.cdd_day_7,5.1,2026-08-24T03:55:15.393375+00:00
2026-08-24T00:20:00,capture_daily_cdd,accumulator,input_datetime.cdd_capture_last_ok,2026-08-23 23:55:15,2026-08-24T03:55:15.420180+00:00
2026-08-24T00:20:00,capture_daily_cooling_kwh_cdd,spc,input_number.cooling_kwh_cdd_day_1,0.85,2026-08-24T03:59:00.519017+00:00
2026-08-24T00:20:00,capture_daily_cooling_kwh_cdd,spc,input_number.cooling_kwh_cdd_day_2,0.7,2026-08-24T03:59:00.517186+00:00
2026-08-24T00:20:00,capture_daily_cooling_kwh_cdd,spc,input_number.cooling_kwh_cdd_day_3,1.09,2026-08-24T03:59:00.512908+00:00
2026-08-24T00:20:00,capture_daily_cooling_kwh_cdd,spc,input_number.cooling_kwh_cdd_day_4,1.41,2026-08-24T03:59:00.509548+00:00
2026-08-24T00:20:00,capture_daily_cooling_kwh_cdd,spc,input_number.cooling_kwh_cdd_day_5,1.5,2026-08-24T03:59:00.499637+00:00
2026-08-24T00:20:00,capture_daily_cooling_kwh_cdd,spc,input_number.cooling_kwh_cdd_day_6,0.87,2026-08-24T03:59:00.487401+00:00
2026-08-24T00:20:00,capture_daily_cooling_kwh_cdd,spc,input_number.cooling_kwh_cdd_day_7,0.22,2026-08-24T03:59:00.474869+00:00
2026-08-24T00:20:00,capture_daily_cooling_kwh_cdd,spc,input_datetime.cooling_kwh_cdd_spc_last_capture,2026-08-23,2026-08-24T03:59:00.520598+00:00
2026-08-24T00:20:00,capture_daily_dehumidifier_cost,accumulator,input_number.dehumidifier_cost_year_acc,50.24,2026-08-24T03:59:30.476321+00:00
2026-08-24T00:20:00,capture_daily_dehumidifier_cost,accumulator,input_datetime.dehumidifier_cost_capture_last_ok,2026-08-23 23:59:30,2026-08-24T03:59:30.477587+00:00
2026-08-24T00:20:00,capture_daily_dehumidifier_duty_kwh,accumulator,input_number.dehumidifier_duty_day_1,9.1,2026-08-24T03:59:30.421711+00:00
2026-08-24T00:20:00,capture_daily_dehumidifier_duty_kwh,accumulator,input_number.dehumidifier_duty_day_2,8.0,2026-08-24T03:59:30.416761+00:00
2026-08-24T00:20:00,capture_daily_dehumidifier_duty_kwh,accumulator,input_number.dehumidifier_duty_day_3,7.7,2026-08-24T03:59:30.414326+00:00
2026-08-24T00:20:00,capture_daily_dehumidifier_duty_kwh,accumulator,input_number.dehumidifier_duty_day_4,6.5,2026-08-24T03:59:30.400486+00:00
2026-08-24T00:20:00,capture_daily_dehumidifier_duty_kwh,accumulator,input_number.dehumidifier_duty_day_5,3.9,2026-08-24T03:59:30.397966+00:00
2026-08-24T00:20:00,capture_daily_dehumidifier_duty_kwh,accumulator,input_number.dehumidifier_duty_day_6,6.4,2026-08-24T03:59:30.392379+00:00
2026-08-24T00:20:00,capture_daily_dehumidifier_duty_kwh,accumulator,input_number.dehumidifier_duty_day_7,8.5,2026-08-24T03:59:30.390555+00:00
2026-08-24T00:20:00,capture_daily_dehumidifier_duty_kwh,accumulator,input_number.dehumidifier_kwh_day_1,1.022,2026-08-24T03:59:30.444424+00:00
2026-08-24T00:20:00,capture_daily_dehumidifier_duty_kwh,accumulator,input_number.dehumidifier_kwh_day_2,0.893,2026-08-24T03:59:30.438431+00:00
2026-08-24T00:20:00,capture_daily_dehumidifier_duty_kwh,accumulator,input_number.dehumidifier_kwh_day_3,0.861,2026-08-24T03:59:30.436863+00:00
2026-08-24T00:20:00,capture_daily_dehumidifier_duty_kwh,accumulator,input_number.dehumidifier_kwh_day_4,0.724,2026-08-24T03:59:30.434963+00:00
2026-08-24T00:20:00,capture_daily_dehumidifier_duty_kwh,accumulator,input_number.dehumidifier_kwh_day_5,0.422,2026-08-24T03:59:30.431821+00:00
2026-08-24T00:20:00,capture_daily_dehumidifier_duty_kwh,accumulator,input_number.dehumidifier_kwh_day_6,0.716,2026-08-24T03:59:30.429082+00:00
2026-08-24T00:20:00,capture_daily_dehumidifier_duty_kwh,accumulator,input_number.dehumidifier_kwh_day_7,0.966,2026-08-24T03:59:30.424532+00:00
2026-08-24T00:20:00,capture_daily_dehumidifier_duty_kwh,accumulator,input_datetime.dehumidifier_duty_kwh_capture_last_ok,2026-08-23 23:59:30,2026-08-24T03:59:30.446696+00:00
2026-08-24T00:20:00,capture_daily_dehumidifier_watts,spc,input_number.dehumidifier_running_watts_day_1,466.9,2026-08-24T03:59:00.286273+00:00
2026-08-24T00:20:00,capture_daily_dehumidifier_watts,spc,input_number.dehumidifier_running_watts_day_2,468.7,2026-08-24T03:59:00.284071+00:00
2026-08-24T00:20:00,capture_daily_dehumidifier_watts,spc,input_number.dehumidifier_running_watts_day_3,466.4,2026-08-24T03:59:00.283249+00:00
2026-08-24T00:20:00,capture_daily_dehumidifier_watts,spc,input_number.dehumidifier_running_watts_day_4,466.8,2026-08-24T03:59:00.281654+00:00
2026-08-24T00:20:00,capture_daily_dehumidifier_watts,spc,input_number.dehumidifier_running_watts_day_5,463.2,2026-08-24T03:59:00.276726+00:00
2026-08-24T00:20:00,capture_daily_dehumidifier_watts,spc,input_number.dehumidifier_running_watts_day_6,467.2,2026-08-24T03:59:00.273751+00:00
2026-08-24T00:20:00,capture_daily_dehumidifier_watts,spc,input_number.dehumidifier_running_watts_day_7,472.2,2026-08-24T03:59:00.267423+00:00
2026-08-24T00:20:00,capture_daily_dehumidifier_watts,spc,input_datetime.dehumidifier_spc_last_capture,2026-08-23,2026-08-24T03:59:00.287689+00:00
2026-08-24T00:20:00,capture_daily_dehumidifier_watts,spc,input_datetime.dehumidifier_spc_last_seed,2026-08-21,2026-08-22T23:55:26.143128+00:00
2026-08-24T00:20:00,capture_daily_fridge_watts,spc,input_number.fridge_running_watts_day_1,113.4,2026-08-24T03:59:00.225635+00:00
2026-08-24T00:20:00,capture_daily_fridge_watts,spc,input_number.fridge_running_watts_day_2,123.5,2026-08-24T03:59:00.223804+00:00
2026-08-24T00:20:00,capture_daily_fridge_watts,spc,input_number.fridge_running_watts_day_3,114.2,2026-08-24T03:59:00.220716+00:00
2026-08-24T00:20:00,capture_daily_fridge_watts,spc,input_number.fridge_running_watts_day_4,115.8,2026-08-24T03:59:00.217958+00:00
2026-08-24T00:20:00,capture_daily_fridge_watts,spc,input_number.fridge_running_watts_day_5,125.0,2026-08-24T03:59:00.212995+00:00
2026-08-24T00:20:00,capture_daily_fridge_watts,spc,input_number.fridge_running_watts_day_6,107.9,2026-08-24T03:59:00.202377+00:00
2026-08-24T00:20:00,capture_daily_fridge_watts,spc,input_number.fridge_running_watts_day_7,108.2,2026-08-24T03:59:00.186886+00:00
2026-08-24T00:20:00,capture_daily_fridge_watts,spc,input_datetime.fridge_spc_last_capture,2026-08-23,2026-08-24T03:59:00.236313+00:00
2026-08-24T00:20:00,capture_daily_fridge_watts,spc,input_datetime.fridge_spc_last_seed,2026-08-21,2026-08-22T23:55:26.142525+00:00
2026-08-24T00:20:00,capture_daily_furnace_min_per_cycle,accumulator,input_number.furnace_min_per_cycle_day_1,0.0,2026-08-22T23:55:26.062526+00:00
2026-08-24T00:20:00,capture_daily_furnace_min_per_cycle,accumulator,input_number.furnace_min_per_cycle_day_2,0.0,2026-08-22T23:55:26.062597+00:00
2026-08-24T00:20:00,capture_daily_furnace_min_per_cycle,accumulator,input_number.furnace_min_per_cycle_day_3,0.0,2026-08-22T23:55:26.062667+00:00
2026-08-24T00:20:00,capture_daily_furnace_min_per_cycle,accumulator,input_number.furnace_min_per_cycle_day_4,0.0,2026-08-22T23:55:26.062737+00:00
2026-08-24T00:20:00,capture_daily_furnace_min_per_cycle,accumulator,input_number.furnace_min_per_cycle_day_5,0.0,2026-08-22T23:55:26.062805+00:00
2026-08-24T00:20:00,capture_daily_furnace_min_per_cycle,accumulator,input_number.furnace_min_per_cycle_day_6,0.0,2026-08-22T23:55:26.062878+00:00
2026-08-24T00:20:00,capture_daily_furnace_min_per_cycle,accumulator,input_number.furnace_min_per_cycle_day_7,0.0,2026-08-22T23:55:26.062947+00:00
2026-08-24T00:20:00,capture_daily_furnace_min_per_cycle,accumulator,input_datetime.furnace_cycle_capture_last_ok,1970-01-01 00:00:00,2026-08-22T23:55:26.141148+00:00
2026-08-24T00:20:00,capture_daily_furnace_watts,spc,input_number.furnace_running_watts_day_1,768.0,2026-08-24T03:59:00.306487+00:00
2026-08-24T00:20:00,capture_daily_furnace_watts,spc,input_number.furnace_running_watts_day_2,774.2,2026-08-24T03:59:00.305057+00:00
2026-08-24T00:20:00,capture_daily_furnace_watts,spc,input_number.furnace_running_watts_day_3,772.1,2026-08-24T03:59:00.302012+00:00
2026-08-24T00:20:00,capture_daily_furnace_watts,spc,input_number.furnace_running_watts_day_4,769.9,2026-08-24T03:59:00.300864+00:00
2026-08-24T00:20:00,capture_daily_furnace_watts,spc,input_number.furnace_running_watts_day_5,769.8,2026-08-24T03:59:00.299323+00:00
2026-08-24T00:20:00,capture_daily_furnace_watts,spc,input_number.furnace_running_watts_day_6,0.0,2026-08-22T23:55:26.116203+00:00
2026-08-24T00:20:00,capture_daily_furnace_watts,spc,input_number.furnace_running_watts_day_7,0.0,2026-08-22T23:55:26.116273+00:00
2026-08-24T00:20:00,capture_daily_furnace_watts,spc,input_datetime.furnace_spc_last_capture,2026-08-23,2026-08-24T03:59:00.307918+00:00
2026-08-24T00:20:00,capture_daily_furnace_watts,spc,input_datetime.furnace_spc_last_seed,2026-08-21,2026-08-22T23:55:26.142671+00:00
2026-08-24T00:20:00,capture_daily_hdd,accumulator,input_number.hdd_day_1,0.0,2026-08-22T23:55:26.060384+00:00
2026-08-24T00:20:00,capture_daily_hdd,accumulator,input_number.hdd_day_2,0.0,2026-08-22T23:55:26.060477+00:00
2026-08-24T00:20:00,capture_daily_hdd,accumulator,input_number.hdd_day_3,0.0,2026-08-22T23:55:26.060570+00:00
2026-08-24T00:20:00,capture_daily_hdd,accumulator,input_number.hdd_day_4,0.0,2026-08-22T23:55:26.060652+00:00
2026-08-24T00:20:00,capture_daily_hdd,accumulator,input_number.hdd_day_5,0.0,2026-08-22T23:55:26.060736+00:00
2026-08-24T00:20:00,capture_daily_hdd,accumulator,input_number.hdd_day_6,0.0,2026-08-22T23:55:26.060814+00:00
2026-08-24T00:20:00,capture_daily_hdd,accumulator,input_number.hdd_day_7,0.0,2026-08-22T23:55:26.060889+00:00
2026-08-24T00:20:00,capture_daily_hdd,accumulator,input_datetime.hdd_capture_last_ok,2026-08-23 23:55:00,2026-08-24T03:55:00.198865+00:00
2026-08-24T00:20:00,capture_daily_hwh_recirc_watts,spc,input_number.hwh_recirc_running_watts_day_1,108.7,2026-08-24T03:59:00.397881+00:00
2026-08-24T00:20:00,capture_daily_hwh_recirc_watts,spc,input_number.hwh_recirc_running_watts_day_2,109.5,2026-08-23T03:59:00.418925+00:00
2026-08-24T00:20:00,capture_daily_hwh_recirc_watts,spc,input_number.hwh_recirc_running_watts_day_3,109.5,2026-08-24T03:59:00.392546+00:00
2026-08-24T00:20:00,capture_daily_hwh_recirc_watts,spc,input_number.hwh_recirc_running_watts_day_4,105.0,2026-08-24T03:59:00.389985+00:00
2026-08-24T00:20:00,capture_daily_hwh_recirc_watts,spc,input_number.hwh_recirc_running_watts_day_5,106.7,2026-08-24T03:59:00.385604+00:00
2026-08-24T00:20:00,capture_daily_hwh_recirc_watts,spc,input_number.hwh_recirc_running_watts_day_6,105.8,2026-08-24T03:59:00.384456+00:00
2026-08-24T00:20:00,capture_daily_hwh_recirc_watts,spc,input_number.hwh_recirc_running_watts_day_7,105.0,2026-08-24T03:59:00.383123+00:00
2026-08-24T00:20:00,capture_daily_hwh_recirc_watts,spc,input_datetime.hwh_recirc_spc_last_capture,2026-08-23,2026-08-24T03:59:00.399935+00:00
2026-08-24T00:20:00,capture_daily_hwh_recirc_watts,spc,input_datetime.hwh_recirc_spc_last_seed,2026-08-21,2026-08-22T23:55:26.142969+00:00
2026-08-24T00:20:00,capture_daily_monthly_tracking,accumulator,input_number.ac_cycles_month_acc,123.0,2026-08-24T03:56:30.378789+00:00
2026-08-24T00:20:00,capture_daily_monthly_tracking,accumulator,input_number.ac_cycles_year_acc,574.0,2026-08-24T03:56:30.384207+00:00
2026-08-24T00:20:00,capture_daily_monthly_tracking,accumulator,input_number.ac_runtime_month_acc,53.25,2026-08-24T03:56:30.377427+00:00
2026-08-24T00:20:00,capture_daily_monthly_tracking,accumulator,input_number.ac_runtime_year_acc,262.58,2026-08-24T03:56:30.383524+00:00
2026-08-24T00:20:00,capture_daily_monthly_tracking,accumulator,input_number.cdd_cumulative_month_auto,177.2,2026-08-24T03:56:30.365637+00:00
2026-08-24T00:20:00,capture_daily_monthly_tracking,accumulator,input_number.cdd_cumulative_year_auto,586.3,2026-08-24T03:56:30.367277+00:00
2026-08-24T00:20:00,capture_daily_monthly_tracking,accumulator,input_number.expected_runtime_sum_month,0.0,2026-08-22T23:55:26.064342+00:00
2026-08-24T00:20:00,capture_daily_monthly_tracking,accumulator,input_number.furnace_cycles_month_acc,0.0,2026-08-22T23:55:26.064511+00:00
2026-08-24T00:20:00,capture_daily_monthly_tracking,accumulator,input_number.furnace_runtime_month_acc,0.0,2026-08-22T23:55:26.064433+00:00
2026-08-24T00:20:00,capture_daily_monthly_tracking,accumulator,input_number.hdd_cumulative_month_auto,0.0,2026-08-22T23:55:26.063529+00:00
2026-08-24T00:20:00,capture_daily_monthly_tracking,accumulator,input_number.hdd_cumulative_year_auto,3726.9,2026-08-22T23:55:26.063606+00:00
2026-08-24T00:20:00,capture_daily_monthly_tracking,accumulator,input_number.outdoor_temp_days_month,23.0,2026-08-24T03:56:30.368584+00:00
2026-08-24T00:20:00,capture_daily_monthly_tracking,accumulator,input_number.outdoor_temp_sum_month,1677.5,2026-08-24T03:56:30.367812+00:00
2026-08-24T00:20:00,capture_daily_monthly_tracking,accumulator,input_number.zone_1f_cool_cycles_month_acc,0.0,2026-08-22T23:55:26.065276+00:00
2026-08-24T00:20:00,capture_daily_monthly_tracking,accumulator,input_number.zone_1f_cool_runtime_month_acc,0.0,2026-08-22T23:55:26.065130+00:00
2026-08-24T00:20:00,capture_daily_monthly_tracking,accumulator,input_number.zone_1f_cycles_month_acc,0.0,2026-08-22T23:55:26.064725+00:00
2026-08-24T00:20:00,capture_daily_monthly_tracking,accumulator,input_number.zone_1f_runtime_month_acc,0.0,2026-08-22T23:55:26.064584+00:00
2026-08-24T00:20:00,capture_daily_monthly_tracking,accumulator,input_number.zone_2f_cool_cycles_month_acc,123.0,2026-08-24T03:56:30.381610+00:00
2026-08-24T00:20:00,capture_daily_monthly_tracking,accumulator,input_number.zone_2f_cool_runtime_month_acc,53.25,2026-08-24T03:56:30.380271+00:00
2026-08-24T00:20:00,capture_daily_monthly_tracking,accumulator,input_number.zone_2f_cycles_month_acc,0.0,2026-08-22T23:55:26.064801+00:00
2026-08-24T00:20:00,capture_daily_monthly_tracking,accumulator,input_number.zone_2f_runtime_month_acc,0.0,2026-08-22T23:55:26.064652+00:00
2026-08-24T00:20:00,capture_daily_monthly_tracking,accumulator,input_datetime.monthly_tracking_capture_last_ok,2026-08-23 23:56:30,2026-08-24T03:56:30.354733+00:00
2026-08-24T00:20:00,capture_daily_runtime_per_cdd,accumulator,input_number.runtime_per_cdd_day_1,20.9,2026-08-24T03:56:45.252226+00:00
2026-08-24T00:20:00,capture_daily_runtime_per_cdd,accumulator,input_number.runtime_per_cdd_day_2,17.6,2026-08-24T03:56:45.244280+00:00
2026-08-24T00:20:00,capture_daily_runtime_per_cdd,accumulator,input_number.runtime_per_cdd_day_3,27.7,2026-08-24T03:56:45.238511+00:00
2026-08-24T00:20:00,capture_daily_runtime_per_cdd,accumulator,input_number.runtime_per_cdd_day_4,33.9,2026-08-24T03:56:45.229253+00:00
2026-08-24T00:20:00,capture_daily_runtime_per_cdd,accumulator,input_number.runtime_per_cdd_day_5,34.8,2026-08-24T03:56:45.221021+00:00
2026-08-24T00:20:00,capture_daily_runtime_per_cdd,accumulator,input_number.runtime_per_cdd_day_6,20.2,2026-08-24T03:56:45.207324+00:00
2026-08-24T00:20:00,capture_daily_runtime_per_cdd,accumulator,input_number.runtime_per_cdd_day_7,0.0,2026-08-22T23:55:26.062457+00:00
2026-08-24T00:20:00,capture_daily_runtime_per_cdd,accumulator,input_datetime.runtime_per_cdd_capture_last_ok,2026-08-23 23:56:45,2026-08-24T03:56:45.263660+00:00
2026-08-24T00:20:00,capture_daily_runtime_per_hdd,accumulator,input_number.runtime_per_hdd_day_1,0.0,2026-08-22T23:55:26.060970+00:00
2026-08-24T00:20:00,capture_daily_runtime_per_hdd,accumulator,input_number.runtime_per_hdd_day_2,0.0,2026-08-22T23:55:26.061050+00:00
2026-08-24T00:20:00,capture_daily_runtime_per_hdd,accumulator,input_number.runtime_per_hdd_day_3,0.0,2026-08-22T23:55:26.061126+00:00
2026-08-24T00:20:00,capture_daily_runtime_per_hdd,accumulator,input_number.runtime_per_hdd_day_4,0.0,2026-08-22T23:55:26.061207+00:00
2026-08-24T00:20:00,capture_daily_runtime_per_hdd,accumulator,input_number.runtime_per_hdd_day_5,0.0,2026-08-22T23:55:26.061288+00:00
2026-08-24T00:20:00,capture_daily_runtime_per_hdd,accumulator,input_number.runtime_per_hdd_day_6,0.0,2026-08-22T23:55:26.061368+00:00
2026-08-24T00:20:00,capture_daily_runtime_per_hdd,accumulator,input_number.runtime_per_hdd_day_7,0.0,2026-08-22T23:55:26.061441+00:00
2026-08-24T00:20:00,capture_daily_runtime_per_hdd,accumulator,input_datetime.runtime_per_hdd_capture_last_ok,2026-08-23 23:56:00,2026-08-24T03:56:00.459038+00:00
2026-08-24T00:20:00,capture_daily_water_overnight,leak,input_number.water_overnight_min_day_1,0.0,2026-08-23T09:00:45.175696+00:00
2026-08-24T00:20:00,capture_daily_water_overnight,leak,input_number.water_overnight_min_day_2,-1.0,2026-08-22T23:55:26.119862+00:00
2026-08-24T00:20:00,capture_daily_water_overnight,leak,input_number.water_overnight_min_day_3,-1.0,2026-08-22T23:55:26.119930+00:00
2026-08-24T00:20:00,capture_daily_water_overnight,leak,input_number.water_overnight_min_day_4,-1.0,2026-08-22T23:55:26.120003+00:00
2026-08-24T00:20:00,capture_daily_water_overnight,leak,input_number.water_overnight_min_day_5,-1.0,2026-08-22T23:55:26.120076+00:00
2026-08-24T00:20:00,capture_daily_water_overnight,leak,input_number.water_overnight_min_day_6,-1.0,2026-08-22T23:55:26.120146+00:00
2026-08-24T00:20:00,capture_daily_water_overnight,leak,input_number.water_overnight_min_day_7,-1.0,2026-08-22T23:55:26.120217+00:00
2026-08-24T00:20:00,capture_daily_water_overnight,leak,input_datetime.water_overnight_capture_last_ok,2026-08-23 05:00:45,2026-08-23T09:00:45.176313+00:00
2026-08-25T00:20:00,archive_monthly_cdd,accumulator,input_datetime.cdd_archive_last_ok,2026-08-21 00:00:00,2026-08-25T01:05:38.488202+00:00
2026-08-25T00:20:00,archive_monthly_gas_heat_cost,accumulator,input_datetime.gas_heat_cost_archive_last_ok,2026-08-21 00:00:00,2026-08-25T01:05:38.488309+00:00
2026-08-25T00:20:00,archive_monthly_hdd,accumulator,input_datetime.hdd_archive_last_ok,2026-08-21 00:00:00,2026-08-25T01:05:38.488096+00:00
2026-08-25T00:20:00,capture_daily_ac_cost,accumulator,input_number.ac_cost_year_acc,171.45,2026-08-25T03:59:45.338039+00:00
2026-08-25T00:20:00,capture_daily_ac_cost,accumulator,input_datetime.ac_cost_capture_last_ok,2026-08-24 23:59:45,2026-08-25T03:59:45.343627+00:00
2026-08-25T00:20:00,capture_daily_ac_min_per_cycle,accumulator,input_number.ac_min_per_cycle_day_1,19.3,2026-08-25T03:55:30.472253+00:00
2026-08-25T00:20:00,capture_daily_ac_min_per_cycle,accumulator,input_number.ac_min_per_cycle_day_2,20.9,2026-08-25T03:55:30.466180+00:00
2026-08-25T00:20:00,capture_daily_ac_min_per_cycle,accumulator,input_number.ac_min_per_cycle_day_3,10.0,2026-08-25T03:55:30.459115+00:00
2026-08-25T00:20:00,capture_daily_ac_min_per_cycle,accumulator,input_number.ac_min_per_cycle_day_4,21.0,2026-08-25T03:55:30.453257+00:00
2026-08-25T00:20:00,capture_daily_ac_min_per_cycle,accumulator,input_number.ac_min_per_cycle_day_5,18.2,2026-08-25T03:55:30.439365+00:00
2026-08-25T00:20:00,capture_daily_ac_min_per_cycle,accumulator,input_number.ac_min_per_cycle_day_6,22.9,2026-08-25T03:55:30.433167+00:00
2026-08-25T00:20:00,capture_daily_ac_min_per_cycle,accumulator,input_number.ac_min_per_cycle_day_7,38.2,2026-08-25T03:55:30.424783+00:00
2026-08-25T00:20:00,capture_daily_ac_min_per_cycle,accumulator,input_datetime.ac_min_per_cycle_capture_last_ok,2026-08-24 23:55:30,2026-08-25T03:55:30.474482+00:00
2026-08-25T00:20:00,capture_daily_ac_watts,spc,input_number.ac_running_watts_day_1,2419.8,2026-08-25T03:59:00.389725+00:00
2026-08-25T00:20:00,capture_daily_ac_watts,spc,input_number.ac_running_watts_day_2,2439.4,2026-08-25T03:59:00.388075+00:00
2026-08-25T00:20:00,capture_daily_ac_watts,spc,input_number.ac_running_watts_day_3,2357.4,2026-08-25T03:59:00.383867+00:00
2026-08-25T00:20:00,capture_daily_ac_watts,spc,input_number.ac_running_watts_day_4,2493.6,2026-08-25T03:59:00.381737+00:00
2026-08-25T00:20:00,capture_daily_ac_watts,spc,input_number.ac_running_watts_day_5,2554.7,2026-08-25T03:59:00.375685+00:00
2026-08-25T00:20:00,capture_daily_ac_watts,spc,input_number.ac_running_watts_day_6,2548.0,2026-08-25T03:59:00.373166+00:00
2026-08-25T00:20:00,capture_daily_ac_watts,spc,input_number.ac_running_watts_day_7,0.0,2026-08-25T01:05:38.472044+00:00
2026-08-25T00:20:00,capture_daily_ac_watts,spc,input_datetime.ac_spc_last_capture,2026-08-24,2026-08-25T03:59:00.392038+00:00
2026-08-25T00:20:00,capture_daily_ac_watts,spc,input_datetime.ac_spc_last_seed,2026-08-21,2026-08-25T01:05:38.490089+00:00
2026-08-25T00:20:00,capture_daily_cdd,accumulator,input_number.cdd_day_1,3.6,2026-08-25T03:55:15.523938+00:00
2026-08-25T00:20:00,capture_daily_cdd,accumulator,input_number.cdd_day_2,5.0,2026-08-25T03:55:15.522280+00:00
2026-08-25T00:20:00,capture_daily_cdd,accumulator,input_number.cdd_day_3,1.7,2026-08-25T03:55:15.520469+00:00
2026-08-25T00:20:00,capture_daily_cdd,accumulator,input_number.cdd_day_4,3.8,2026-08-25T03:55:15.517808+00:00
2026-08-25T00:20:00,capture_daily_cdd,accumulator,input_number.cdd_day_5,5.9,2026-08-25T03:55:15.515497+00:00
2026-08-25T00:20:00,capture_daily_cdd,accumulator,input_number.cdd_day_6,8.6,2026-08-25T03:55:15.511664+00:00
2026-08-25T00:20:00,capture_daily_cdd,accumulator,input_number.cdd_day_7,9.5,2026-08-25T03:55:15.507945+00:00
2026-08-25T00:20:00,capture_daily_cdd,accumulator,input_datetime.cdd_capture_last_ok,2026-08-24 23:55:15,2026-08-25T03:55:15.526905+00:00
2026-08-25T00:20:00,capture_daily_cooling_kwh_cdd,spc,input_number.cooling_kwh_cdd_day_1,1.94,2026-08-25T03:59:00.143384+00:00
2026-08-25T00:20:00,capture_daily_cooling_kwh_cdd,spc,input_number.cooling_kwh_cdd_day_2,0.85,2026-08-25T03:59:00.141835+00:00
2026-08-25T00:20:00,capture_daily_cooling_kwh_cdd,spc,input_number.cooling_kwh_cdd_day_3,0.7,2026-08-25T03:59:00.137045+00:00
2026-08-25T00:20:00,capture_daily_cooling_kwh_cdd,spc,input_number.cooling_kwh_cdd_day_4,1.09,2026-08-25T03:59:00.129440+00:00
2026-08-25T00:20:00,capture_daily_cooling_kwh_cdd,spc,input_number.cooling_kwh_cdd_day_5,1.41,2026-08-25T03:59:00.117055+00:00
2026-08-25T00:20:00,capture_daily_cooling_kwh_cdd,spc,input_number.cooling_kwh_cdd_day_6,1.5,2026-08-25T03:59:00.107389+00:00
2026-08-25T00:20:00,capture_daily_cooling_kwh_cdd,spc,input_number.cooling_kwh_cdd_day_7,0.87,2026-08-25T03:59:00.103463+00:00
2026-08-25T00:20:00,capture_daily_cooling_kwh_cdd,spc,input_datetime.cooling_kwh_cdd_spc_last_capture,2026-08-24,2026-08-25T03:59:00.145202+00:00
2026-08-25T00:20:00,capture_daily_dehumidifier_cost,accumulator,input_number.dehumidifier_cost_year_acc,50.44,2026-08-25T03:59:30.228762+00:00
2026-08-25T00:20:00,capture_daily_dehumidifier_cost,accumulator,input_datetime.dehumidifier_cost_capture_last_ok,2026-08-24 23:59:30,2026-08-25T03:59:30.230166+00:00
2026-08-25T00:20:00,capture_daily_dehumidifier_duty_kwh,accumulator,input_number.dehumidifier_duty_day_1,8.1,2026-08-25T03:59:30.166018+00:00
2026-08-25T00:20:00,capture_daily_dehumidifier_duty_kwh,accumulator,input_number.dehumidifier_duty_day_2,9.1,2026-08-25T03:59:30.163873+00:00
2026-08-25T00:20:00,capture_daily_dehumidifier_duty_kwh,accumulator,input_number.dehumidifier_duty_day_3,8.0,2026-08-25T03:59:30.158125+00:00
2026-08-25T00:20:00,capture_daily_dehumidifier_duty_kwh,accumulator,input_number.dehumidifier_duty_day_4,7.7,2026-08-25T03:59:30.155852+00:00
2026-08-25T00:20:00,capture_daily_dehumidifier_duty_kwh,accumulator,input_number.dehumidifier_duty_day_5,6.5,2026-08-25T03:59:30.150674+00:00
2026-08-25T00:20:00,capture_daily_dehumidifier_duty_kwh,accumulator,input_number.dehumidifier_duty_day_6,3.9,2026-08-25T03:59:30.149031+00:00
2026-08-25T00:20:00,capture_daily_dehumidifier_duty_kwh,accumulator,input_number.dehumidifier_duty_day_7,6.4,2026-08-25T03:59:30.147431+00:00
2026-08-25T00:20:00,capture_daily_dehumidifier_duty_kwh,accumulator,input_number.dehumidifier_kwh_day_1,0.908,2026-08-25T03:59:30.202653+00:00
2026-08-25T00:20:00,capture_daily_dehumidifier_duty_kwh,accumulator,input_number.dehumidifier_kwh_day_2,1.022,2026-08-25T03:59:30.195875+00:00
2026-08-25T00:20:00,capture_daily_dehumidifier_duty_kwh,accumulator,input_number.dehumidifier_kwh_day_3,0.893,2026-08-25T03:59:30.194100+00:00
2026-08-25T00:20:00,capture_daily_dehumidifier_duty_kwh,accumulator,input_number.dehumidifier_kwh_day_4,0.861,2026-08-25T03:59:30.188552+00:00
2026-08-25T00:20:00,capture_daily_dehumidifier_duty_kwh,accumulator,input_number.dehumidifier_kwh_day_5,0.724,2026-08-25T03:59:30.186236+00:00
2026-08-25T00:20:00,capture_daily_dehumidifier_duty_kwh,accumulator,input_number.dehumidifier_kwh_day_6,0.422,2026-08-25T03:59:30.183646+00:00
2026-08-25T00:20:00,capture_daily_dehumidifier_duty_kwh,accumulator,input_number.dehumidifier_kwh_day_7,0.716,2026-08-25T03:59:30.177857+00:00
2026-08-25T00:20:00,capture_daily_dehumidifier_duty_kwh,accumulator,input_datetime.dehumidifier_duty_kwh_capture_last_ok,2026-08-24 23:59:30,2026-08-25T03:59:30.204912+00:00
2026-08-25T00:20:00,capture_daily_dehumidifier_watts,spc,input_number.dehumidifier_running_watts_day_1,466.2,2026-08-25T03:59:00.204160+00:00
2026-08-25T00:20:00,capture_daily_dehumidifier_watts,spc,input_number.dehumidifier_running_watts_day_2,466.9,2026-08-25T03:59:00.202899+00:00
2026-08-25T00:20:00,capture_daily_dehumidifier_watts,spc,input_number.dehumidifier_running_watts_day_3,468.7,2026-08-25T03:59:00.201480+00:00
2026-08-25T00:20:00,capture_daily_dehumidifier_watts,spc,input_number.dehumidifier_running_watts_day_4,466.4,2026-08-25T03:59:00.200215+00:00
2026-08-25T00:20:00,capture_daily_dehumidifier_watts,spc,input_number.dehumidifier_running_watts_day_5,466.8,2026-08-25T03:59:00.198123+00:00
2026-08-25T00:20:00,capture_daily_dehumidifier_watts,spc,input_number.dehumidifier_running_watts_day_6,463.2,2026-08-25T03:59:00.196622+00:00
2026-08-25T00:20:00,capture_daily_dehumidifier_watts,spc,input_number.dehumidifier_running_watts_day_7,467.2,2026-08-25T03:59:00.194983+00:00
2026-08-25T00:20:00,capture_daily_dehumidifier_watts,spc,input_datetime.dehumidifier_spc_last_capture,2026-08-24,2026-08-25T03:59:00.207174+00:00
2026-08-25T00:20:00,capture_daily_dehumidifier_watts,spc,input_datetime.dehumidifier_spc_last_seed,2026-08-21,2026-08-25T01:05:38.490316+00:00
2026-08-25T00:20:00,capture_daily_fridge_watts,spc,input_number.fridge_running_watts_day_1,123.7,2026-08-25T03:59:00.409315+00:00
2026-08-25T00:20:00,capture_daily_fridge_watts,spc,input_number.fridge_running_watts_day_2,113.4,2026-08-25T03:59:00.407760+00:00
2026-08-25T00:20:00,capture_daily_fridge_watts,spc,input_number.fridge_running_watts_day_3,123.5,2026-08-25T03:59:00.405045+00:00
2026-08-25T00:20:00,capture_daily_fridge_watts,spc,input_number.fridge_running_watts_day_4,114.2,2026-08-25T03:59:00.403313+00:00
2026-08-25T00:20:00,capture_daily_fridge_watts,spc,input_number.fridge_running_watts_day_5,115.8,2026-08-25T03:59:00.401289+00:00
2026-08-25T00:20:00,capture_daily_fridge_watts,spc,input_number.fridge_running_watts_day_6,125.0,2026-08-25T03:59:00.398804+00:00
2026-08-25T00:20:00,capture_daily_fridge_watts,spc,input_number.fridge_running_watts_day_7,107.9,2026-08-25T03:59:00.396984+00:00
2026-08-25T00:20:00,capture_daily_fridge_watts,spc,input_datetime.fridge_spc_last_capture,2026-08-24,2026-08-25T03:59:00.411121+00:00
2026-08-25T00:20:00,capture_daily_fridge_watts,spc,input_datetime.fridge_spc_last_seed,2026-08-21,2026-08-25T01:05:38.489863+00:00
2026-08-25T00:20:00,capture_daily_furnace_min_per_cycle,accumulator,input_number.furnace_min_per_cycle_day_1,0.0,2026-08-25T01:05:38.446516+00:00
2026-08-25T00:20:00,capture_daily_furnace_min_per_cycle,accumulator,input_number.furnace_min_per_cycle_day_2,0.0,2026-08-25T01:05:38.446593+00:00
2026-08-25T00:20:00,capture_daily_furnace_min_per_cycle,accumulator,input_number.furnace_min_per_cycle_day_3,0.0,2026-08-25T01:05:38.446663+00:00
2026-08-25T00:20:00,capture_daily_furnace_min_per_cycle,accumulator,input_number.furnace_min_per_cycle_day_4,0.0,2026-08-25T01:05:38.446733+00:00
2026-08-25T00:20:00,capture_daily_furnace_min_per_cycle,accumulator,input_number.furnace_min_per_cycle_day_5,0.0,2026-08-25T01:05:38.446802+00:00
2026-08-25T00:20:00,capture_daily_furnace_min_per_cycle,accumulator,input_number.furnace_min_per_cycle_day_6,0.0,2026-08-25T01:05:38.446870+00:00
2026-08-25T00:20:00,capture_daily_furnace_min_per_cycle,accumulator,input_number.furnace_min_per_cycle_day_7,0.0,2026-08-25T01:05:38.446937+00:00
2026-08-25T00:20:00,capture_daily_furnace_min_per_cycle,accumulator,input_datetime.furnace_cycle_capture_last_ok,1970-01-01 00:00:00,2026-08-25T01:05:38.488736+00:00
2026-08-25T00:20:00,capture_daily_furnace_watts,spc,input_number.furnace_running_watts_day_1,771.2,2026-08-25T03:59:00.338616+00:00
2026-08-25T00:20:00,capture_daily_furnace_watts,spc,input_number.furnace_running_watts_day_2,768.0,2026-08-25T03:59:00.331855+00:00
2026-08-25T00:20:00,capture_daily_furnace_watts,spc,input_number.furnace_running_watts_day_3,774.2,2026-08-25T03:59:00.324746+00:00
2026-08-25T00:20:00,capture_daily_furnace_watts,spc,input_number.furnace_running_watts_day_4,772.1,2026-08-25T03:59:00.318938+00:00
2026-08-25T00:20:00,capture_daily_furnace_watts,spc,input_number.furnace_running_watts_day_5,769.9,2026-08-25T03:59:00.314952+00:00
2026-08-25T00:20:00,capture_daily_furnace_watts,spc,input_number.furnace_running_watts_day_6,769.8,2026-08-25T03:59:00.300385+00:00
2026-08-25T00:20:00,capture_daily_furnace_watts,spc,input_number.furnace_running_watts_day_7,0.0,2026-08-25T01:05:38.471446+00:00
2026-08-25T00:20:00,capture_daily_furnace_watts,spc,input_datetime.furnace_spc_last_capture,2026-08-24,2026-08-25T03:59:00.347128+00:00
2026-08-25T00:20:00,capture_daily_furnace_watts,spc,input_datetime.furnace_spc_last_seed,2026-08-21,2026-08-25T01:05:38.489974+00:00
2026-08-25T00:20:00,capture_daily_hdd,accumulator,input_number.hdd_day_1,0.0,2026-08-25T01:05:38.444541+00:00
2026-08-25T00:20:00,capture_daily_hdd,accumulator,input_number.hdd_day_2,0.0,2026-08-25T01:05:38.444610+00:00
2026-08-25T00:20:00,capture_daily_hdd,accumulator,input_number.hdd_day_3,0.0,2026-08-25T01:05:38.444680+00:00
2026-08-25T00:20:00,capture_daily_hdd,accumulator,input_number.hdd_day_4,0.0,2026-08-25T01:05:38.444750+00:00
2026-08-25T00:20:00,capture_daily_hdd,accumulator,input_number.hdd_day_5,0.0,2026-08-25T01:05:38.444818+00:00
2026-08-25T00:20:00,capture_daily_hdd,accumulator,input_number.hdd_day_6,0.0,2026-08-25T01:05:38.444887+00:00
2026-08-25T00:20:00,capture_daily_hdd,accumulator,input_number.hdd_day_7,0.0,2026-08-25T01:05:38.444956+00:00
2026-08-25T00:20:00,capture_daily_hdd,accumulator,input_datetime.hdd_capture_last_ok,2026-08-24 23:55:00,2026-08-25T03:55:00.099579+00:00
2026-08-25T00:20:00,capture_daily_hwh_recirc_watts,spc,input_number.hwh_recirc_running_watts_day_1,107.6,2026-08-25T03:59:00.188872+00:00
2026-08-25T00:20:00,capture_daily_hwh_recirc_watts,spc,input_number.hwh_recirc_running_watts_day_2,108.7,2026-08-25T03:59:00.186073+00:00
2026-08-25T00:20:00,capture_daily_hwh_recirc_watts,spc,input_number.hwh_recirc_running_watts_day_3,109.5,2026-08-25T01:05:38.472354+00:00
2026-08-25T00:20:00,capture_daily_hwh_recirc_watts,spc,input_number.hwh_recirc_running_watts_day_4,109.5,2026-08-25T03:59:00.183873+00:00
2026-08-25T00:20:00,capture_daily_hwh_recirc_watts,spc,input_number.hwh_recirc_running_watts_day_5,105.0,2026-08-25T03:59:00.180326+00:00
2026-08-25T00:20:00,capture_daily_hwh_recirc_watts,spc,input_number.hwh_recirc_running_watts_day_6,106.7,2026-08-25T03:59:00.176628+00:00
2026-08-25T00:20:00,capture_daily_hwh_recirc_watts,spc,input_number.hwh_recirc_running_watts_day_7,105.8,2026-08-25T03:59:00.170538+00:00
2026-08-25T00:20:00,capture_daily_hwh_recirc_watts,spc,input_datetime.hwh_recirc_spc_last_capture,2026-08-24,2026-08-25T03:59:00.190477+00:00
2026-08-25T00:20:00,capture_daily_hwh_recirc_watts,spc,input_datetime.hwh_recirc_spc_last_seed,2026-08-21,2026-08-25T01:05:38.490201+00:00
2026-08-25T00:20:00,capture_daily_monthly_tracking,accumulator,input_number.ac_cycles_month_acc,132.0,2026-08-25T03:56:30.120525+00:00
2026-08-25T00:20:00,capture_daily_monthly_tracking,accumulator,input_number.ac_cycles_year_acc,583.0,2026-08-25T03:56:30.123658+00:00
2026-08-25T00:20:00,capture_daily_monthly_tracking,accumulator,input_number.ac_runtime_month_acc,56.14,2026-08-25T03:56:30.119290+00:00
2026-08-25T00:20:00,capture_daily_monthly_tracking,accumulator,input_number.ac_runtime_year_acc,265.47,2026-08-25T03:56:30.123247+00:00
2026-08-25T00:20:00,capture_daily_monthly_tracking,accumulator,input_number.cdd_cumulative_month_auto,180.8,2026-08-25T03:56:30.113132+00:00
2026-08-25T00:20:00,capture_daily_monthly_tracking,accumulator,input_number.cdd_cumulative_year_auto,589.9,2026-08-25T03:56:30.114064+00:00
2026-08-25T00:20:00,capture_daily_monthly_tracking,accumulator,input_number.expected_runtime_sum_month,0.0,2026-08-25T01:05:38.448008+00:00
2026-08-25T00:20:00,capture_daily_monthly_tracking,accumulator,input_number.furnace_cycles_month_acc,0.0,2026-08-25T01:05:38.448145+00:00
2026-08-25T00:20:00,capture_daily_monthly_tracking,accumulator,input_number.furnace_runtime_month_acc,0.0,2026-08-25T01:05:38.448079+00:00
2026-08-25T00:20:00,capture_daily_monthly_tracking,accumulator,input_number.hdd_cumulative_month_auto,0.0,2026-08-25T01:05:38.447576+00:00
2026-08-25T00:20:00,capture_daily_monthly_tracking,accumulator,input_number.hdd_cumulative_year_auto,3726.9,2026-08-25T01:05:38.447645+00:00
2026-08-25T00:20:00,capture_daily_monthly_tracking,accumulator,input_number.outdoor_temp_days_month,24.0,2026-08-25T03:56:30.114836+00:00
2026-08-25T00:20:00,capture_daily_monthly_tracking,accumulator,input_number.outdoor_temp_sum_month,1746.0,2026-08-25T03:56:30.114392+00:00
2026-08-25T00:20:00,capture_daily_monthly_tracking,accumulator,input_number.zone_1f_cool_cycles_month_acc,0.0,2026-08-25T01:05:38.451414+00:00
2026-08-25T00:20:00,capture_daily_monthly_tracking,accumulator,input_number.zone_1f_cool_runtime_month_acc,0.0,2026-08-25T01:05:38.451177+00:00
2026-08-25T00:20:00,capture_daily_monthly_tracking,accumulator,input_number.zone_1f_cycles_month_acc,0.0,2026-08-25T01:05:38.448351+00:00
2026-08-25T00:20:00,capture_daily_monthly_tracking,accumulator,input_number.zone_1f_runtime_month_acc,0.0,2026-08-25T01:05:38.448210+00:00
2026-08-25T00:20:00,capture_daily_monthly_tracking,accumulator,input_number.zone_2f_cool_cycles_month_acc,132.0,2026-08-25T03:56:30.122608+00:00
2026-08-25T00:20:00,capture_daily_monthly_tracking,accumulator,input_number.zone_2f_cool_runtime_month_acc,56.14,2026-08-25T03:56:30.121583+00:00
2026-08-25T00:20:00,capture_daily_monthly_tracking,accumulator,input_number.zone_2f_cycles_month_acc,0.0,2026-08-25T01:05:38.448418+00:00
2026-08-25T00:20:00,capture_daily_monthly_tracking,accumulator,input_number.zone_2f_runtime_month_acc,0.0,2026-08-25T01:05:38.448275+00:00
2026-08-25T00:20:00,capture_daily_monthly_tracking,accumulator,input_datetime.monthly_tracking_capture_last_ok,2026-08-24 23:56:30,2026-08-25T03:56:30.107222+00:00
2026-08-25T00:20:00,capture_daily_runtime_per_cdd,accumulator,input_number.runtime_per_cdd_day_1,48.2,2026-08-25T03:56:45.282498+00:00
2026-08-25T00:20:00,capture_daily_runtime_per_cdd,accumulator,input_number.runtime_per_cdd_day_2,20.9,2026-08-25T03:56:45.279396+00:00
2026-08-25T00:20:00,capture_daily_runtime_per_cdd,accumulator,input_number.runtime_per_cdd_day_3,17.6,2026-08-25T03:56:45.277637+00:00
2026-08-25T00:20:00,capture_daily_runtime_per_cdd,accumulator,input_number.runtime_per_cdd_day_4,27.7,2026-08-25T03:56:45.273739+00:00
2026-08-25T00:20:00,capture_daily_runtime_per_cdd,accumulator,input_number.runtime_per_cdd_day_5,33.9,2026-08-25T03:56:45.270317+00:00
2026-08-25T00:20:00,capture_daily_runtime_per_cdd,accumulator,input_number.runtime_per_cdd_day_6,34.8,2026-08-25T03:56:45.263693+00:00
2026-08-25T00:20:00,capture_daily_runtime_per_cdd,accumulator,input_number.runtime_per_cdd_day_7,20.2,2026-08-25T03:56:45.247746+00:00
2026-08-25T00:20:00,capture_daily_runtime_per_cdd,accumulator,input_datetime.runtime_per_cdd_capture_last_ok,2026-08-24 23:56:45,2026-08-25T03:56:45.283958+00:00
2026-08-25T00:20:00,capture_daily_runtime_per_hdd,accumulator,input_number.runtime_per_hdd_day_1,0.0,2026-08-25T01:05:38.445028+00:00
2026-08-25T00:20:00,capture_daily_runtime_per_hdd,accumulator,input_number.runtime_per_hdd_day_2,0.0,2026-08-25T01:05:38.445096+00:00
2026-08-25T00:20:00,capture_daily_runtime_per_hdd,accumulator,input_number.runtime_per_hdd_day_3,0.0,2026-08-25T01:05:38.445164+00:00
2026-08-25T00:20:00,capture_daily_runtime_per_hdd,accumulator,input_number.runtime_per_hdd_day_4,0.0,2026-08-25T01:05:38.445231+00:00
2026-08-25T00:20:00,capture_daily_runtime_per_hdd,accumulator,input_number.runtime_per_hdd_day_5,0.0,2026-08-25T01:05:38.445304+00:00
2026-08-25T00:20:00,capture_daily_runtime_per_hdd,accumulator,input_number.runtime_per_hdd_day_6,0.0,2026-08-25T01:05:38.445377+00:00
2026-08-25T00:20:00,capture_daily_runtime_per_hdd,accumulator,input_number.runtime_per_hdd_day_7,0.0,2026-08-25T01:05:38.445447+00:00
2026-08-25T00:20:00,capture_daily_runtime_per_hdd,accumulator,input_datetime.runtime_per_hdd_capture_last_ok,2026-08-24 23:56:00,2026-08-25T03:56:00.164205+00:00
2026-08-25T00:20:00,capture_daily_water_overnight,leak,input_number.water_overnight_min_day_1,0.0,2026-08-25T01:05:38.475321+00:00
2026-08-25T00:20:00,capture_daily_water_overnight,leak,input_number.water_overnight_min_day_2,0.0,2026-08-25T01:05:38.475393+00:00
2026-08-25T00:20:00,capture_daily_water_overnight,leak,input_number.water_overnight_min_day_3,-1.0,2026-08-25T01:05:38.475466+00:00
2026-08-25T00:20:00,capture_daily_water_overnight,leak,input_number.water_overnight_min_day_4,-1.0,2026-08-25T01:05:38.475540+00:00
2026-08-25T00:20:00,capture_daily_water_overnight,leak,input_number.water_overnight_min_day_5,-1.0,2026-08-25T01:05:38.475609+00:00
2026-08-25T00:20:00,capture_daily_water_overnight,leak,input_number.water_overnight_min_day_6,-1.0,2026-08-25T01:05:38.475677+00:00
2026-08-25T00:20:00,capture_daily_water_overnight,leak,input_number.water_overnight_min_day_7,-1.0,2026-08-25T01:05:38.475744+00:00
2026-08-25T00:20:00,capture_daily_water_overnight,leak,input_datetime.water_overnight_capture_last_ok,2026-08-24 05:00:45,2026-08-25T01:05:38.490540+00:00
2026-08-26T00:20:00,archive_monthly_cdd,accumulator,input_datetime.cdd_archive_last_ok,2026-08-21 00:00:00,2026-08-26T02:17:29.187655+00:00
2026-08-26T00:20:00,archive_monthly_gas_heat_cost,accumulator,input_datetime.gas_heat_cost_archive_last_ok,2026-08-21 00:00:00,2026-08-26T02:17:29.187759+00:00
2026-08-26T00:20:00,archive_monthly_hdd,accumulator,input_datetime.hdd_archive_last_ok,2026-08-21 00:00:00,2026-08-26T02:17:29.187549+00:00
2026-08-26T00:20:00,capture_daily_ac_cost,accumulator,input_number.ac_cost_year_acc,172.06,2026-08-26T03:59:45.500903+00:00
2026-08-26T00:20:00,capture_daily_ac_cost,accumulator,input_datetime.ac_cost_capture_last_ok,2026-08-25 23:59:45,2026-08-26T03:59:45.506003+00:00
2026-08-26T00:20:00,capture_daily_ac_min_per_cycle,accumulator,input_number.ac_min_per_cycle_day_1,20.6,2026-08-26T03:55:30.299425+00:00
2026-08-26T00:20:00,capture_daily_ac_min_per_cycle,accumulator,input_number.ac_min_per_cycle_day_2,19.3,2026-08-26T03:55:30.298127+00:00
2026-08-26T00:20:00,capture_daily_ac_min_per_cycle,accumulator,input_number.ac_min_per_cycle_day_3,20.9,2026-08-26T03:55:30.295379+00:00
2026-08-26T00:20:00,capture_daily_ac_min_per_cycle,accumulator,input_number.ac_min_per_cycle_day_4,10.0,2026-08-26T03:55:30.288430+00:00
2026-08-26T00:20:00,capture_daily_ac_min_per_cycle,accumulator,input_number.ac_min_per_cycle_day_5,21.0,2026-08-26T03:55:30.279244+00:00
2026-08-26T00:20:00,capture_daily_ac_min_per_cycle,accumulator,input_number.ac_min_per_cycle_day_6,18.2,2026-08-26T03:55:30.267896+00:00
2026-08-26T00:20:00,capture_daily_ac_min_per_cycle,accumulator,input_number.ac_min_per_cycle_day_7,22.9,2026-08-26T03:55:30.261530+00:00
2026-08-26T00:20:00,capture_daily_ac_min_per_cycle,accumulator,input_datetime.ac_min_per_cycle_capture_last_ok,2026-08-25 23:55:30,2026-08-26T03:55:30.300528+00:00
2026-08-26T00:20:00,capture_daily_ac_watts,spc,input_number.ac_running_watts_day_1,2317.0,2026-08-26T03:59:00.472689+00:00
2026-08-26T00:20:00,capture_daily_ac_watts,spc,input_number.ac_running_watts_day_2,2419.8,2026-08-26T03:59:00.470186+00:00
2026-08-26T00:20:00,capture_daily_ac_watts,spc,input_number.ac_running_watts_day_3,2439.4,2026-08-26T03:59:00.465633+00:00
2026-08-26T00:20:00,capture_daily_ac_watts,spc,input_number.ac_running_watts_day_4,2357.4,2026-08-26T03:59:00.463726+00:00
2026-08-26T00:20:00,capture_daily_ac_watts,spc,input_number.ac_running_watts_day_5,2493.6,2026-08-26T03:59:00.462141+00:00
2026-08-26T00:20:00,capture_daily_ac_watts,spc,input_number.ac_running_watts_day_6,2554.7,2026-08-26T03:59:00.456716+00:00
2026-08-26T00:20:00,capture_daily_ac_watts,spc,input_number.ac_running_watts_day_7,2548.0,2026-08-26T03:59:00.455066+00:00
2026-08-26T00:20:00,capture_daily_ac_watts,spc,input_datetime.ac_spc_last_capture,2026-08-25,2026-08-26T03:59:00.474585+00:00
2026-08-26T00:20:00,capture_daily_ac_watts,spc,input_datetime.ac_spc_last_seed,2026-08-21,2026-08-26T02:17:29.189538+00:00
2026-08-26T00:20:00,capture_daily_cdd,accumulator,input_number.cdd_day_1,2.1,2026-08-26T03:55:15.466242+00:00
2026-08-26T00:20:00,capture_daily_cdd,accumulator,input_number.cdd_day_2,3.6,2026-08-26T03:55:15.465183+00:00
2026-08-26T00:20:00,capture_daily_cdd,accumulator,input_number.cdd_day_3,5.0,2026-08-26T03:55:15.462917+00:00
2026-08-26T00:20:00,capture_daily_cdd,accumulator,input_number.cdd_day_4,1.7,2026-08-26T03:55:15.460932+00:00
2026-08-26T00:20:00,capture_daily_cdd,accumulator,input_number.cdd_day_5,3.8,2026-08-26T03:55:15.459985+00:00
2026-08-26T00:20:00,capture_daily_cdd,accumulator,input_number.cdd_day_6,5.9,2026-08-26T03:55:15.459029+00:00
2026-08-26T00:20:00,capture_daily_cdd,accumulator,input_number.cdd_day_7,8.6,2026-08-26T03:55:15.457943+00:00
2026-08-26T00:20:00,capture_daily_cdd,accumulator,input_datetime.cdd_capture_last_ok,2026-08-25 23:55:15,2026-08-26T03:55:15.467166+00:00
2026-08-26T00:20:00,capture_daily_cooling_kwh_cdd,spc,input_number.cooling_kwh_cdd_day_1,1.21,2026-08-26T03:59:00.205323+00:00
2026-08-26T00:20:00,capture_daily_cooling_kwh_cdd,spc,input_number.cooling_kwh_cdd_day_2,1.94,2026-08-26T03:59:00.203879+00:00
2026-08-26T00:20:00,capture_daily_cooling_kwh_cdd,spc,input_number.cooling_kwh_cdd_day_3,0.85,2026-08-26T03:59:00.202289+00:00
2026-08-26T00:20:00,capture_daily_cooling_kwh_cdd,spc,input_number.cooling_kwh_cdd_day_4,0.7,2026-08-26T03:59:00.199251+00:00
2026-08-26T00:20:00,capture_daily_cooling_kwh_cdd,spc,input_number.cooling_kwh_cdd_day_5,1.09,2026-08-26T03:59:00.197690+00:00
2026-08-26T00:20:00,capture_daily_cooling_kwh_cdd,spc,input_number.cooling_kwh_cdd_day_6,1.41,2026-08-26T03:59:00.192842+00:00
2026-08-26T00:20:00,capture_daily_cooling_kwh_cdd,spc,input_number.cooling_kwh_cdd_day_7,1.5,2026-08-26T03:59:00.188061+00:00
2026-08-26T00:20:00,capture_daily_cooling_kwh_cdd,spc,input_datetime.cooling_kwh_cdd_spc_last_capture,2026-08-25,2026-08-26T03:59:00.210530+00:00
2026-08-26T00:20:00,capture_daily_dehumidifier_cost,accumulator,input_number.dehumidifier_cost_year_acc,50.64,2026-08-26T03:59:30.410396+00:00
2026-08-26T00:20:00,capture_daily_dehumidifier_cost,accumulator,input_datetime.dehumidifier_cost_capture_last_ok,2026-08-25 23:59:30,2026-08-26T03:59:30.411046+00:00
2026-08-26T00:20:00,capture_daily_dehumidifier_duty_kwh,accumulator,input_number.dehumidifier_duty_day_1,8.3,2026-08-26T03:59:30.105613+00:00
2026-08-26T00:20:00,capture_daily_dehumidifier_duty_kwh,accumulator,input_number.dehumidifier_duty_day_2,8.1,2026-08-26T03:59:30.102430+00:00
2026-08-26T00:20:00,capture_daily_dehumidifier_duty_kwh,accumulator,input_number.dehumidifier_duty_day_3,9.1,2026-08-26T03:59:30.101833+00:00
2026-08-26T00:20:00,capture_daily_dehumidifier_duty_kwh,accumulator,input_number.dehumidifier_duty_day_4,8.0,2026-08-26T03:59:30.101299+00:00
2026-08-26T00:20:00,capture_daily_dehumidifier_duty_kwh,accumulator,input_number.dehumidifier_duty_day_5,7.7,2026-08-26T03:59:30.100713+00:00
2026-08-26T00:20:00,capture_daily_dehumidifier_duty_kwh,accumulator,input_number.dehumidifier_duty_day_6,6.5,2026-08-26T03:59:30.100107+00:00
2026-08-26T00:20:00,capture_daily_dehumidifier_duty_kwh,accumulator,input_number.dehumidifier_duty_day_7,3.9,2026-08-26T03:59:30.099409+00:00
2026-08-26T00:20:00,capture_daily_dehumidifier_duty_kwh,accumulator,input_number.dehumidifier_kwh_day_1,0.926,2026-08-26T03:59:30.109454+00:00
2026-08-26T00:20:00,capture_daily_dehumidifier_duty_kwh,accumulator,input_number.dehumidifier_kwh_day_2,0.908,2026-08-26T03:59:30.108958+00:00
2026-08-26T00:20:00,capture_daily_dehumidifier_duty_kwh,accumulator,input_number.dehumidifier_kwh_day_3,1.022,2026-08-26T03:59:30.108459+00:00
2026-08-26T00:20:00,capture_daily_dehumidifier_duty_kwh,accumulator,input_number.dehumidifier_kwh_day_4,0.893,2026-08-26T03:59:30.107955+00:00
2026-08-26T00:20:00,capture_daily_dehumidifier_duty_kwh,accumulator,input_number.dehumidifier_kwh_day_5,0.861,2026-08-26T03:59:30.107435+00:00
2026-08-26T00:20:00,capture_daily_dehumidifier_duty_kwh,accumulator,input_number.dehumidifier_kwh_day_6,0.724,2026-08-26T03:59:30.106921+00:00
2026-08-26T00:20:00,capture_daily_dehumidifier_duty_kwh,accumulator,input_number.dehumidifier_kwh_day_7,0.422,2026-08-26T03:59:30.106353+00:00
2026-08-26T00:20:00,capture_daily_dehumidifier_duty_kwh,accumulator,input_datetime.dehumidifier_duty_kwh_capture_last_ok,2026-08-25 23:59:30,2026-08-26T03:59:30.110505+00:00
2026-08-26T00:20:00,capture_daily_dehumidifier_watts,spc,input_number.dehumidifier_running_watts_day_1,468.1,2026-08-26T03:59:00.445513+00:00
2026-08-26T00:20:00,capture_daily_dehumidifier_watts,spc,input_number.dehumidifier_running_watts_day_2,466.2,2026-08-26T03:59:00.441828+00:00
2026-08-26T00:20:00,capture_daily_dehumidifier_watts,spc,input_number.dehumidifier_running_watts_day_3,466.9,2026-08-26T03:59:00.433569+00:00
2026-08-26T00:20:00,capture_daily_dehumidifier_watts,spc,input_number.dehumidifier_running_watts_day_4,468.7,2026-08-26T03:59:00.423959+00:00
2026-08-26T00:20:00,capture_daily_dehumidifier_watts,spc,input_number.dehumidifier_running_watts_day_5,466.4,2026-08-26T03:59:00.417840+00:00
2026-08-26T00:20:00,capture_daily_dehumidifier_watts,spc,input_number.dehumidifier_running_watts_day_6,466.8,2026-08-26T03:59:00.410806+00:00
2026-08-26T00:20:00,capture_daily_dehumidifier_watts,spc,input_number.dehumidifier_running_watts_day_7,463.2,2026-08-26T03:59:00.398231+00:00
2026-08-26T00:20:00,capture_daily_dehumidifier_watts,spc,input_datetime.dehumidifier_spc_last_capture,2026-08-25,2026-08-26T03:59:00.449829+00:00
2026-08-26T00:20:00,capture_daily_dehumidifier_watts,spc,input_datetime.dehumidifier_spc_last_seed,2026-08-21,2026-08-26T02:17:29.189767+00:00
2026-08-26T00:20:00,capture_daily_fridge_watts,spc,input_number.fridge_running_watts_day_1,114.8,2026-08-26T03:59:00.246486+00:00
2026-08-26T00:20:00,capture_daily_fridge_watts,spc,input_number.fridge_running_watts_day_2,123.7,2026-08-26T03:59:00.245012+00:00
2026-08-26T00:20:00,capture_daily_fridge_watts,spc,input_number.fridge_running_watts_day_3,113.4,2026-08-26T03:59:00.241910+00:00
2026-08-26T00:20:00,capture_daily_fridge_watts,spc,input_number.fridge_running_watts_day_4,123.5,2026-08-26T03:59:00.240343+00:00
2026-08-26T00:20:00,capture_daily_fridge_watts,spc,input_number.fridge_running_watts_day_5,114.2,2026-08-26T03:59:00.234774+00:00
2026-08-26T00:20:00,capture_daily_fridge_watts,spc,input_number.fridge_running_watts_day_6,115.8,2026-08-26T03:59:00.231449+00:00
2026-08-26T00:20:00,capture_daily_fridge_watts,spc,input_number.fridge_running_watts_day_7,125.0,2026-08-26T03:59:00.225570+00:00
2026-08-26T00:20:00,capture_daily_fridge_watts,spc,input_datetime.fridge_spc_last_capture,2026-08-25,2026-08-26T03:59:00.247978+00:00
2026-08-26T00:20:00,capture_daily_fridge_watts,spc,input_datetime.fridge_spc_last_seed,2026-08-21,2026-08-26T02:17:29.189298+00:00
2026-08-26T00:20:00,capture_daily_furnace_min_per_cycle,accumulator,input_number.furnace_min_per_cycle_day_1,0.0,2026-08-26T02:17:29.206008+00:00
2026-08-26T00:20:00,capture_daily_furnace_min_per_cycle,accumulator,input_number.furnace_min_per_cycle_day_2,0.0,2026-08-26T02:17:29.206088+00:00
2026-08-26T00:20:00,capture_daily_furnace_min_per_cycle,accumulator,input_number.furnace_min_per_cycle_day_3,0.0,2026-08-26T02:17:29.206171+00:00
2026-08-26T00:20:00,capture_daily_furnace_min_per_cycle,accumulator,input_number.furnace_min_per_cycle_day_4,0.0,2026-08-26T02:17:29.206253+00:00
2026-08-26T00:20:00,capture_daily_furnace_min_per_cycle,accumulator,input_number.furnace_min_per_cycle_day_5,0.0,2026-08-26T02:17:29.206336+00:00
2026-08-26T00:20:00,capture_daily_furnace_min_per_cycle,accumulator,input_number.furnace_min_per_cycle_day_6,0.0,2026-08-26T02:17:29.206415+00:00
2026-08-26T00:20:00,capture_daily_furnace_min_per_cycle,accumulator,input_number.furnace_min_per_cycle_day_7,0.0,2026-08-26T02:17:29.206494+00:00
2026-08-26T00:20:00,capture_daily_furnace_min_per_cycle,accumulator,input_datetime.furnace_cycle_capture_last_ok,1970-01-01 00:00:00,2026-08-26T02:17:29.188166+00:00
2026-08-26T00:20:00,capture_daily_furnace_watts,spc,input_number.furnace_running_watts_day_1,770.3,2026-08-26T03:59:00.100277+00:00
2026-08-26T00:20:00,capture_daily_furnace_watts,spc,input_number.furnace_running_watts_day_2,771.2,2026-08-26T03:59:00.097732+00:00
2026-08-26T00:20:00,capture_daily_furnace_watts,spc,input_number.furnace_running_watts_day_3,768.0,2026-08-26T03:59:00.093828+00:00
2026-08-26T00:20:00,capture_daily_furnace_watts,spc,input_number.furnace_running_watts_day_4,774.2,2026-08-26T03:59:00.087877+00:00
2026-08-26T00:20:00,capture_daily_furnace_watts,spc,input_number.furnace_running_watts_day_5,772.1,2026-08-26T03:59:00.080258+00:00
2026-08-26T00:20:00,capture_daily_furnace_watts,spc,input_number.furnace_running_watts_day_6,769.9,2026-08-26T03:59:00.074955+00:00
2026-08-26T00:20:00,capture_daily_furnace_watts,spc,input_number.furnace_running_watts_day_7,769.8,2026-08-26T03:59:00.062166+00:00
2026-08-26T00:20:00,capture_daily_furnace_watts,spc,input_datetime.furnace_spc_last_capture,2026-08-25,2026-08-26T03:59:00.101721+00:00
2026-08-26T00:20:00,capture_daily_furnace_watts,spc,input_datetime.furnace_spc_last_seed,2026-08-21,2026-08-26T02:17:29.189424+00:00
2026-08-26T00:20:00,capture_daily_hdd,accumulator,input_number.hdd_day_1,0.0,2026-08-26T02:17:29.203496+00:00
2026-08-26T00:20:00,capture_daily_hdd,accumulator,input_number.hdd_day_2,0.0,2026-08-26T02:17:29.203572+00:00
2026-08-26T00:20:00,capture_daily_hdd,accumulator,input_number.hdd_day_3,0.0,2026-08-26T02:17:29.203649+00:00
2026-08-26T00:20:00,capture_daily_hdd,accumulator,input_number.hdd_day_4,0.0,2026-08-26T02:17:29.203727+00:00
2026-08-26T00:20:00,capture_daily_hdd,accumulator,input_number.hdd_day_5,0.0,2026-08-26T02:17:29.203804+00:00
2026-08-26T00:20:00,capture_daily_hdd,accumulator,input_number.hdd_day_6,0.0,2026-08-26T02:17:29.203878+00:00
2026-08-26T00:20:00,capture_daily_hdd,accumulator,input_number.hdd_day_7,0.0,2026-08-26T02:17:29.203966+00:00
2026-08-26T00:20:00,capture_daily_hdd,accumulator,input_datetime.hdd_capture_last_ok,2026-08-25 23:55:00,2026-08-26T03:55:00.360913+00:00
2026-08-26T00:20:00,capture_daily_hwh_recirc_watts,spc,input_number.hwh_recirc_running_watts_day_1,108.5,2026-08-26T03:59:00.113356+00:00
2026-08-26T00:20:00,capture_daily_hwh_recirc_watts,spc,input_number.hwh_recirc_running_watts_day_2,107.6,2026-08-26T03:59:00.112041+00:00
2026-08-26T00:20:00,capture_daily_hwh_recirc_watts,spc,input_number.hwh_recirc_running_watts_day_3,108.7,2026-08-26T03:59:00.109139+00:00
2026-08-26T00:20:00,capture_daily_hwh_recirc_watts,spc,input_number.hwh_recirc_running_watts_day_4,109.5,2026-08-26T02:17:29.252188+00:00
2026-08-26T00:20:00,capture_daily_hwh_recirc_watts,spc,input_number.hwh_recirc_running_watts_day_5,109.5,2026-08-26T03:59:00.107444+00:00
2026-08-26T00:20:00,capture_daily_hwh_recirc_watts,spc,input_number.hwh_recirc_running_watts_day_6,105.0,2026-08-26T03:59:00.105860+00:00
2026-08-26T00:20:00,capture_daily_hwh_recirc_watts,spc,input_number.hwh_recirc_running_watts_day_7,106.7,2026-08-26T03:59:00.103803+00:00
2026-08-26T00:20:00,capture_daily_hwh_recirc_watts,spc,input_datetime.hwh_recirc_spc_last_capture,2026-08-25,2026-08-26T03:59:00.114738+00:00
2026-08-26T00:20:00,capture_daily_hwh_recirc_watts,spc,input_datetime.hwh_recirc_spc_last_seed,2026-08-21,2026-08-26T02:17:29.189652+00:00
2026-08-26T00:20:00,capture_daily_monthly_tracking,accumulator,input_number.ac_cycles_month_acc,135.0,2026-08-26T03:56:30.164111+00:00
2026-08-26T00:20:00,capture_daily_monthly_tracking,accumulator,input_number.ac_cycles_year_acc,586.0,2026-08-26T03:56:30.168923+00:00
2026-08-26T00:20:00,capture_daily_monthly_tracking,accumulator,input_number.ac_runtime_month_acc,57.18,2026-08-26T03:56:30.163093+00:00
2026-08-26T00:20:00,capture_daily_monthly_tracking,accumulator,input_number.ac_runtime_year_acc,266.51,2026-08-26T03:56:30.168455+00:00
2026-08-26T00:20:00,capture_daily_monthly_tracking,accumulator,input_number.cdd_cumulative_month_auto,182.9,2026-08-26T03:56:30.157109+00:00
2026-08-26T00:20:00,capture_daily_monthly_tracking,accumulator,input_number.cdd_cumulative_year_auto,592.0,2026-08-26T03:56:30.159144+00:00
2026-08-26T00:20:00,capture_daily_monthly_tracking,accumulator,input_number.expected_runtime_sum_month,0.0,2026-08-26T02:17:29.207702+00:00
2026-08-26T00:20:00,capture_daily_monthly_tracking,accumulator,input_number.furnace_cycles_month_acc,0.0,2026-08-26T02:17:29.207856+00:00
2026-08-26T00:20:00,capture_daily_monthly_tracking,accumulator,input_number.furnace_runtime_month_acc,0.0,2026-08-26T02:17:29.207781+00:00
2026-08-26T00:20:00,capture_daily_monthly_tracking,accumulator,input_number.hdd_cumulative_month_auto,0.0,2026-08-26T02:17:29.207127+00:00
2026-08-26T00:20:00,capture_daily_monthly_tracking,accumulator,input_number.hdd_cumulative_year_auto,3726.9,2026-08-26T02:17:29.207206+00:00
2026-08-26T00:20:00,capture_daily_monthly_tracking,accumulator,input_number.outdoor_temp_days_month,25.0,2026-08-26T03:56:30.159939+00:00
2026-08-26T00:20:00,capture_daily_monthly_tracking,accumulator,input_number.outdoor_temp_sum_month,1812.7,2026-08-26T03:56:30.159474+00:00
2026-08-26T00:20:00,capture_daily_monthly_tracking,accumulator,input_number.zone_1f_cool_cycles_month_acc,0.0,2026-08-26T02:17:29.208559+00:00
2026-08-26T00:20:00,capture_daily_monthly_tracking,accumulator,input_number.zone_1f_cool_runtime_month_acc,0.0,2026-08-26T02:17:29.208404+00:00
2026-08-26T00:20:00,capture_daily_monthly_tracking,accumulator,input_number.zone_1f_cycles_month_acc,0.0,2026-08-26T02:17:29.208089+00:00
2026-08-26T00:20:00,capture_daily_monthly_tracking,accumulator,input_number.zone_1f_runtime_month_acc,0.0,2026-08-26T02:17:29.207937+00:00
2026-08-26T00:20:00,capture_daily_monthly_tracking,accumulator,input_number.zone_2f_cool_cycles_month_acc,135.0,2026-08-26T03:56:30.166205+00:00
2026-08-26T00:20:00,capture_daily_monthly_tracking,accumulator,input_number.zone_2f_cool_runtime_month_acc,57.18,2026-08-26T03:56:30.165200+00:00
2026-08-26T00:20:00,capture_daily_monthly_tracking,accumulator,input_number.zone_2f_cycles_month_acc,0.0,2026-08-26T02:17:29.208164+00:00
2026-08-26T00:20:00,capture_daily_monthly_tracking,accumulator,input_number.zone_2f_runtime_month_acc,0.0,2026-08-26T02:17:29.208016+00:00
2026-08-26T00:20:00,capture_daily_monthly_tracking,accumulator,input_datetime.monthly_tracking_capture_last_ok,2026-08-25 23:56:30,2026-08-26T03:56:30.150368+00:00
2026-08-26T00:20:00,capture_daily_runtime_per_cdd,accumulator,input_number.runtime_per_cdd_day_1,30.3,2026-08-26T03:56:45.265620+00:00
2026-08-26T00:20:00,capture_daily_runtime_per_cdd,accumulator,input_number.runtime_per_cdd_day_2,48.2,2026-08-26T03:56:45.254495+00:00
2026-08-26T00:20:00,capture_daily_runtime_per_cdd,accumulator,input_number.runtime_per_cdd_day_3,20.9,2026-08-26T03:56:45.241368+00:00
2026-08-26T00:20:00,capture_daily_runtime_per_cdd,accumulator,input_number.runtime_per_cdd_day_4,17.6,2026-08-26T03:56:45.236259+00:00
2026-08-26T00:20:00,capture_daily_runtime_per_cdd,accumulator,input_number.runtime_per_cdd_day_5,27.7,2026-08-26T03:56:45.223621+00:00
2026-08-26T00:20:00,capture_daily_runtime_per_cdd,accumulator,input_number.runtime_per_cdd_day_6,33.9,2026-08-26T03:56:45.215133+00:00
2026-08-26T00:20:00,capture_daily_runtime_per_cdd,accumulator,input_number.runtime_per_cdd_day_7,34.8,2026-08-26T03:56:45.196363+00:00
2026-08-26T00:20:00,capture_daily_runtime_per_cdd,accumulator,input_datetime.runtime_per_cdd_capture_last_ok,2026-08-25 23:56:45,2026-08-26T03:56:45.269977+00:00
2026-08-26T00:20:00,capture_daily_runtime_per_hdd,accumulator,input_number.runtime_per_hdd_day_1,0.0,2026-08-26T02:17:29.204044+00:00
2026-08-26T00:20:00,capture_daily_runtime_per_hdd,accumulator,input_number.runtime_per_hdd_day_2,0.0,2026-08-26T02:17:29.204126+00:00
2026-08-26T00:20:00,capture_daily_runtime_per_hdd,accumulator,input_number.runtime_per_hdd_day_3,0.0,2026-08-26T02:17:29.204202+00:00
2026-08-26T00:20:00,capture_daily_runtime_per_hdd,accumulator,input_number.runtime_per_hdd_day_4,0.0,2026-08-26T02:17:29.204280+00:00
2026-08-26T00:20:00,capture_daily_runtime_per_hdd,accumulator,input_number.runtime_per_hdd_day_5,0.0,2026-08-26T02:17:29.204361+00:00
2026-08-26T00:20:00,capture_daily_runtime_per_hdd,accumulator,input_number.runtime_per_hdd_day_6,0.0,2026-08-26T02:17:29.204437+00:00
2026-08-26T00:20:00,capture_daily_runtime_per_hdd,accumulator,input_number.runtime_per_hdd_day_7,0.0,2026-08-26T02:17:29.204586+00:00
2026-08-26T00:20:00,capture_daily_runtime_per_hdd,accumulator,input_datetime.runtime_per_hdd_capture_last_ok,2026-08-25 23:56:00,2026-08-26T03:56:00.384657+00:00
2026-08-26T00:20:00,capture_daily_water_overnight,leak,input_number.water_overnight_min_day_1,0.0,2026-08-26T02:17:29.262132+00:00
2026-08-26T00:20:00,capture_daily_water_overnight,leak,input_number.water_overnight_min_day_2,0.0,2026-08-26T02:17:29.262241+00:00
2026-08-26T00:20:00,capture_daily_water_overnight,leak,input_number.water_overnight_min_day_3,0.0,2026-08-26T02:17:29.262358+00:00
2026-08-26T00:20:00,capture_daily_water_overnight,leak,input_number.water_overnight_min_day_4,-1.0,2026-08-26T02:17:29.262461+00:00
2026-08-26T00:20:00,capture_daily_water_overnight,leak,input_number.water_overnight_min_day_5,-1.0,2026-08-26T02:17:29.262569+00:00
2026-08-26T00:20:00,capture_daily_water_overnight,leak,input_number.water_overnight_min_day_6,-1.0,2026-08-26T02:17:29.262675+00:00
2026-08-26T00:20:00,capture_daily_water_overnight,leak,input_number.water_overnight_min_day_7,-1.0,2026-08-26T02:17:29.262781+00:00
2026-08-26T00:20:00,capture_daily_water_overnight,leak,input_datetime.water_overnight_capture_last_ok,2026-08-25 05:00:45,2026-08-26T02:17:29.189984+00:00
2026-08-27T00:20:00,archive_monthly_cdd,accumulator,input_datetime.cdd_archive_last_ok,2026-08-21 00:00:00,2026-08-26T02:17:29.187655+00:00
2026-08-27T00:20:00,archive_monthly_gas_heat_cost,accumulator,input_datetime.gas_heat_cost_archive_last_ok,2026-08-21 00:00:00,2026-08-26T02:17:29.187759+00:00
2026-08-27T00:20:00,archive_monthly_hdd,accumulator,input_datetime.hdd_archive_last_ok,2026-08-21 00:00:00,2026-08-26T02:17:29.187549+00:00
2026-08-27T00:20:00,capture_daily_ac_cost,accumulator,input_number.ac_cost_year_acc,173.57,2026-08-27T03:59:45.523090+00:00
2026-08-27T00:20:00,capture_daily_ac_cost,accumulator,input_datetime.ac_cost_capture_last_ok,2026-08-26 23:59:45,2026-08-27T03:59:45.530906+00:00
2026-08-27T00:20:00,capture_daily_ac_min_per_cycle,accumulator,input_number.ac_min_per_cycle_day_1,19.7,2026-08-27T03:55:30.291476+00:00
2026-08-27T00:20:00,capture_daily_ac_min_per_cycle,accumulator,input_number.ac_min_per_cycle_day_2,20.6,2026-08-27T03:55:30.285080+00:00
2026-08-27T00:20:00,capture_daily_ac_min_per_cycle,accumulator,input_number.ac_min_per_cycle_day_3,19.3,2026-08-27T03:55:30.275629+00:00
2026-08-27T00:20:00,capture_daily_ac_min_per_cycle,accumulator,input_number.ac_min_per_cycle_day_4,20.9,2026-08-27T03:55:30.274018+00:00
2026-08-27T00:20:00,capture_daily_ac_min_per_cycle,accumulator,input_number.ac_min_per_cycle_day_5,10.0,2026-08-27T03:55:30.272271+00:00
2026-08-27T00:20:00,capture_daily_ac_min_per_cycle,accumulator,input_number.ac_min_per_cycle_day_6,21.0,2026-08-27T03:55:30.268744+00:00
2026-08-27T00:20:00,capture_daily_ac_min_per_cycle,accumulator,input_number.ac_min_per_cycle_day_7,18.2,2026-08-27T03:55:30.261780+00:00
2026-08-27T00:20:00,capture_daily_ac_min_per_cycle,accumulator,input_datetime.ac_min_per_cycle_capture_last_ok,2026-08-26 23:55:30,2026-08-27T03:55:30.297782+00:00
2026-08-27T00:20:00,capture_daily_ac_watts,spc,input_number.ac_running_watts_day_1,2411.9,2026-08-27T03:59:00.477908+00:00
2026-08-27T00:20:00,capture_daily_ac_watts,spc,input_number.ac_running_watts_day_2,2317.0,2026-08-27T03:59:00.476392+00:00
2026-08-27T00:20:00,capture_daily_ac_watts,spc,input_number.ac_running_watts_day_3,2419.8,2026-08-27T03:59:00.474117+00:00
2026-08-27T00:20:00,capture_daily_ac_watts,spc,input_number.ac_running_watts_day_4,2439.4,2026-08-27T03:59:00.472364+00:00
2026-08-27T00:20:00,capture_daily_ac_watts,spc,input_number.ac_running_watts_day_5,2357.4,2026-08-27T03:59:00.470377+00:00
2026-08-27T00:20:00,capture_daily_ac_watts,spc,input_number.ac_running_watts_day_6,2493.6,2026-08-27T03:59:00.467053+00:00
2026-08-27T00:20:00,capture_daily_ac_watts,spc,input_number.ac_running_watts_day_7,2554.7,2026-08-27T03:59:00.465184+00:00
2026-08-27T00:20:00,capture_daily_ac_watts,spc,input_datetime.ac_spc_last_capture,2026-08-26,2026-08-27T03:59:00.479561+00:00
2026-08-27T00:20:00,capture_daily_ac_watts,spc,input_datetime.ac_spc_last_seed,2026-08-21,2026-08-26T02:17:29.189538+00:00
2026-08-27T00:20:00,capture_daily_cdd,accumulator,input_number.cdd_day_1,4.2,2026-08-27T03:55:15.489150+00:00
2026-08-27T00:20:00,capture_daily_cdd,accumulator,input_number.cdd_day_2,2.1,2026-08-27T03:55:15.482504+00:00
2026-08-27T00:20:00,capture_daily_cdd,accumulator,input_number.cdd_day_3,3.6,2026-08-27T03:55:15.480830+00:00
2026-08-27T00:20:00,capture_daily_cdd,accumulator,input_number.cdd_day_4,5.0,2026-08-27T03:55:15.478126+00:00
2026-08-27T00:20:00,capture_daily_cdd,accumulator,input_number.cdd_day_5,1.7,2026-08-27T03:55:15.473077+00:00
2026-08-27T00:20:00,capture_daily_cdd,accumulator,input_number.cdd_day_6,3.8,2026-08-27T03:55:15.468184+00:00
2026-08-27T00:20:00,capture_daily_cdd,accumulator,input_number.cdd_day_7,5.9,2026-08-27T03:55:15.461021+00:00
2026-08-27T00:20:00,capture_daily_cdd,accumulator,input_datetime.cdd_capture_last_ok,2026-08-26 23:55:15,2026-08-27T03:55:15.490661+00:00
2026-08-27T00:20:00,capture_daily_cooling_kwh_cdd,spc,input_number.cooling_kwh_cdd_day_1,1.52,2026-08-27T03:59:00.199044+00:00
2026-08-27T00:20:00,capture_daily_cooling_kwh_cdd,spc,input_number.cooling_kwh_cdd_day_2,1.21,2026-08-27T03:59:00.195402+00:00
2026-08-27T00:20:00,capture_daily_cooling_kwh_cdd,spc,input_number.cooling_kwh_cdd_day_3,1.94,2026-08-27T03:59:00.193682+00:00
2026-08-27T00:20:00,capture_daily_cooling_kwh_cdd,spc,input_number.cooling_kwh_cdd_day_4,0.85,2026-08-27T03:59:00.191340+00:00
2026-08-27T00:20:00,capture_daily_cooling_kwh_cdd,spc,input_number.cooling_kwh_cdd_day_5,0.7,2026-08-27T03:59:00.185557+00:00
2026-08-27T00:20:00,capture_daily_cooling_kwh_cdd,spc,input_number.cooling_kwh_cdd_day_6,1.09,2026-08-27T03:59:00.181292+00:00
2026-08-27T00:20:00,capture_daily_cooling_kwh_cdd,spc,input_number.cooling_kwh_cdd_day_7,1.41,2026-08-27T03:59:00.178640+00:00
2026-08-27T00:20:00,capture_daily_cooling_kwh_cdd,spc,input_datetime.cooling_kwh_cdd_spc_last_capture,2026-08-26,2026-08-27T03:59:00.200764+00:00
2026-08-27T00:20:00,capture_daily_dehumidifier_cost,accumulator,input_number.dehumidifier_cost_year_acc,50.83,2026-08-27T03:59:30.412228+00:00
2026-08-27T00:20:00,capture_daily_dehumidifier_cost,accumulator,input_datetime.dehumidifier_cost_capture_last_ok,2026-08-26 23:59:30,2026-08-27T03:59:30.414296+00:00
2026-08-27T00:20:00,capture_daily_dehumidifier_duty_kwh,accumulator,input_number.dehumidifier_duty_day_1,7.8,2026-08-27T03:59:30.112862+00:00
2026-08-27T00:20:00,capture_daily_dehumidifier_duty_kwh,accumulator,input_number.dehumidifier_duty_day_2,8.3,2026-08-27T03:59:30.111579+00:00
2026-08-27T00:20:00,capture_daily_dehumidifier_duty_kwh,accumulator,input_number.dehumidifier_duty_day_3,8.1,2026-08-27T03:59:30.110672+00:00
2026-08-27T00:20:00,capture_daily_dehumidifier_duty_kwh,accumulator,input_number.dehumidifier_duty_day_4,9.1,2026-08-27T03:59:30.109653+00:00
2026-08-27T00:20:00,capture_daily_dehumidifier_duty_kwh,accumulator,input_number.dehumidifier_duty_day_5,8.0,2026-08-27T03:59:30.108476+00:00
2026-08-27T00:20:00,capture_daily_dehumidifier_duty_kwh,accumulator,input_number.dehumidifier_duty_day_6,7.7,2026-08-27T03:59:30.104594+00:00
2026-08-27T00:20:00,capture_daily_dehumidifier_duty_kwh,accumulator,input_number.dehumidifier_duty_day_7,6.5,2026-08-27T03:59:30.102579+00:00
2026-08-27T00:20:00,capture_daily_dehumidifier_duty_kwh,accumulator,input_number.dehumidifier_kwh_day_1,0.87,2026-08-27T03:59:30.123657+00:00
2026-08-27T00:20:00,capture_daily_dehumidifier_duty_kwh,accumulator,input_number.dehumidifier_kwh_day_2,0.926,2026-08-27T03:59:30.122720+00:00
2026-08-27T00:20:00,capture_daily_dehumidifier_duty_kwh,accumulator,input_number.dehumidifier_kwh_day_3,0.908,2026-08-27T03:59:30.117375+00:00
2026-08-27T00:20:00,capture_daily_dehumidifier_duty_kwh,accumulator,input_number.dehumidifier_kwh_day_4,1.022,2026-08-27T03:59:30.116414+00:00
2026-08-27T00:20:00,capture_daily_dehumidifier_duty_kwh,accumulator,input_number.dehumidifier_kwh_day_5,0.893,2026-08-27T03:59:30.115530+00:00
2026-08-27T00:20:00,capture_daily_dehumidifier_duty_kwh,accumulator,input_number.dehumidifier_kwh_day_6,0.861,2026-08-27T03:59:30.114712+00:00
2026-08-27T00:20:00,capture_daily_dehumidifier_duty_kwh,accumulator,input_number.dehumidifier_kwh_day_7,0.724,2026-08-27T03:59:30.113940+00:00
2026-08-27T00:20:00,capture_daily_dehumidifier_duty_kwh,accumulator,input_datetime.dehumidifier_duty_kwh_capture_last_ok,2026-08-26 23:59:30,2026-08-27T03:59:30.125353+00:00
2026-08-27T00:20:00,capture_daily_dehumidifier_watts,spc,input_number.dehumidifier_running_watts_day_1,465.4,2026-08-27T03:59:00.440011+00:00
2026-08-27T00:20:00,capture_daily_dehumidifier_watts,spc,input_number.dehumidifier_running_watts_day_2,468.1,2026-08-27T03:59:00.437114+00:00
2026-08-27T00:20:00,capture_daily_dehumidifier_watts,spc,input_number.dehumidifier_running_watts_day_3,466.2,2026-08-27T03:59:00.434811+00:00
2026-08-27T00:20:00,capture_daily_dehumidifier_watts,spc,input_number.dehumidifier_running_watts_day_4,466.9,2026-08-27T03:59:00.431012+00:00
2026-08-27T00:20:00,capture_daily_dehumidifier_watts,spc,input_number.dehumidifier_running_watts_day_5,468.7,2026-08-27T03:59:00.413905+00:00
2026-08-27T00:20:00,capture_daily_dehumidifier_watts,spc,input_number.dehumidifier_running_watts_day_6,466.4,2026-08-27T03:59:00.407681+00:00
2026-08-27T00:20:00,capture_daily_dehumidifier_watts,spc,input_number.dehumidifier_running_watts_day_7,466.8,2026-08-27T03:59:00.396899+00:00
2026-08-27T00:20:00,capture_daily_dehumidifier_watts,spc,input_datetime.dehumidifier_spc_last_capture,2026-08-26,2026-08-27T03:59:00.441939+00:00
2026-08-27T00:20:00,capture_daily_dehumidifier_watts,spc,input_datetime.dehumidifier_spc_last_seed,2026-08-21,2026-08-26T02:17:29.189767+00:00
2026-08-27T00:20:00,capture_daily_fridge_watts,spc,input_number.fridge_running_watts_day_1,112.5,2026-08-27T03:59:00.245759+00:00
2026-08-27T00:20:00,capture_daily_fridge_watts,spc,input_number.fridge_running_watts_day_2,114.8,2026-08-27T03:59:00.242649+00:00
2026-08-27T00:20:00,capture_daily_fridge_watts,spc,input_number.fridge_running_watts_day_3,123.7,2026-08-27T03:59:00.239932+00:00
2026-08-27T00:20:00,capture_daily_fridge_watts,spc,input_number.fridge_running_watts_day_4,113.4,2026-08-27T03:59:00.232134+00:00
2026-08-27T00:20:00,capture_daily_fridge_watts,spc,input_number.fridge_running_watts_day_5,123.5,2026-08-27T03:59:00.228475+00:00
2026-08-27T00:20:00,capture_daily_fridge_watts,spc,input_number.fridge_running_watts_day_6,114.2,2026-08-27T03:59:00.226708+00:00
2026-08-27T00:20:00,capture_daily_fridge_watts,spc,input_number.fridge_running_watts_day_7,115.8,2026-08-27T03:59:00.224959+00:00
2026-08-27T00:20:00,capture_daily_fridge_watts,spc,input_datetime.fridge_spc_last_capture,2026-08-26,2026-08-27T03:59:00.247836+00:00
2026-08-27T00:20:00,capture_daily_fridge_watts,spc,input_datetime.fridge_spc_last_seed,2026-08-21,2026-08-26T02:17:29.189298+00:00
2026-08-27T00:20:00,capture_daily_furnace_min_per_cycle,accumulator,input_number.furnace_min_per_cycle_day_1,0.0,2026-08-26T02:17:29.206008+00:00
2026-08-27T00:20:00,capture_daily_furnace_min_per_cycle,accumulator,input_number.furnace_min_per_cycle_day_2,0.0,2026-08-26T02:17:29.206088+00:00
2026-08-27T00:20:00,capture_daily_furnace_min_per_cycle,accumulator,input_number.furnace_min_per_cycle_day_3,0.0,2026-08-26T02:17:29.206171+00:00
2026-08-27T00:20:00,capture_daily_furnace_min_per_cycle,accumulator,input_number.furnace_min_per_cycle_day_4,0.0,2026-08-26T02:17:29.206253+00:00
2026-08-27T00:20:00,capture_daily_furnace_min_per_cycle,accumulator,input_number.furnace_min_per_cycle_day_5,0.0,2026-08-26T02:17:29.206336+00:00
2026-08-27T00:20:00,capture_daily_furnace_min_per_cycle,accumulator,input_number.furnace_min_per_cycle_day_6,0.0,2026-08-26T02:17:29.206415+00:00
2026-08-27T00:20:00,capture_daily_furnace_min_per_cycle,accumulator,input_number.furnace_min_per_cycle_day_7,0.0,2026-08-26T02:17:29.206494+00:00
2026-08-27T00:20:00,capture_daily_furnace_min_per_cycle,accumulator,input_datetime.furnace_cycle_capture_last_ok,1970-01-01 00:00:00,2026-08-26T02:17:29.188166+00:00
2026-08-27T00:20:00,capture_daily_furnace_watts,spc,input_number.furnace_running_watts_day_1,772.7,2026-08-27T03:59:00.106322+00:00
2026-08-27T00:20:00,capture_daily_furnace_watts,spc,input_number.furnace_running_watts_day_2,770.3,2026-08-27T03:59:00.102800+00:00
2026-08-27T00:20:00,capture_daily_furnace_watts,spc,input_number.furnace_running_watts_day_3,771.2,2026-08-27T03:59:00.097119+00:00
2026-08-27T00:20:00,capture_daily_furnace_watts,spc,input_number.furnace_running_watts_day_4,768.0,2026-08-27T03:59:00.090677+00:00
2026-08-27T00:20:00,capture_daily_furnace_watts,spc,input_number.furnace_running_watts_day_5,774.2,2026-08-27T03:59:00.084018+00:00
2026-08-27T00:20:00,capture_daily_furnace_watts,spc,input_number.furnace_running_watts_day_6,772.1,2026-08-27T03:59:00.075815+00:00
2026-08-27T00:20:00,capture_daily_furnace_watts,spc,input_number.furnace_running_watts_day_7,769.9,2026-08-27T03:59:00.061815+00:00
2026-08-27T00:20:00,capture_daily_furnace_watts,spc,input_datetime.furnace_spc_last_capture,2026-08-26,2026-08-27T03:59:00.110868+00:00
2026-08-27T00:20:00,capture_daily_furnace_watts,spc,input_datetime.furnace_spc_last_seed,2026-08-21,2026-08-26T02:17:29.189424+00:00
2026-08-27T00:20:00,capture_daily_hdd,accumulator,input_number.hdd_day_1,0.0,2026-08-26T02:17:29.203496+00:00
2026-08-27T00:20:00,capture_daily_hdd,accumulator,input_number.hdd_day_2,0.0,2026-08-26T02:17:29.203572+00:00
2026-08-27T00:20:00,capture_daily_hdd,accumulator,input_number.hdd_day_3,0.0,2026-08-26T02:17:29.203649+00:00
2026-08-27T00:20:00,capture_daily_hdd,accumulator,input_number.hdd_day_4,0.0,2026-08-26T02:17:29.203727+00:00
2026-08-27T00:20:00,capture_daily_hdd,accumulator,input_number.hdd_day_5,0.0,2026-08-26T02:17:29.203804+00:00
2026-08-27T00:20:00,capture_daily_hdd,accumulator,input_number.hdd_day_6,0.0,2026-08-26T02:17:29.203878+00:00
2026-08-27T00:20:00,capture_daily_hdd,accumulator,input_number.hdd_day_7,0.0,2026-08-26T02:17:29.203966+00:00
2026-08-27T00:20:00,capture_daily_hdd,accumulator,input_datetime.hdd_capture_last_ok,2026-08-26 23:55:00,2026-08-27T03:55:00.356688+00:00
2026-08-27T00:20:00,capture_daily_hwh_recirc_watts,spc,input_number.hwh_recirc_running_watts_day_1,108.1,2026-08-27T03:59:00.128855+00:00
2026-08-27T00:20:00,capture_daily_hwh_recirc_watts,spc,input_number.hwh_recirc_running_watts_day_2,108.5,2026-08-27T03:59:00.127095+00:00
2026-08-27T00:20:00,capture_daily_hwh_recirc_watts,spc,input_number.hwh_recirc_running_watts_day_3,107.6,2026-08-27T03:59:00.121290+00:00
2026-08-27T00:20:00,capture_daily_hwh_recirc_watts,spc,input_number.hwh_recirc_running_watts_day_4,108.7,2026-08-27T03:59:00.118312+00:00
2026-08-27T00:20:00,capture_daily_hwh_recirc_watts,spc,input_number.hwh_recirc_running_watts_day_5,109.5,2026-08-26T03:59:00.107444+00:00
2026-08-27T00:20:00,capture_daily_hwh_recirc_watts,spc,input_number.hwh_recirc_running_watts_day_6,109.5,2026-08-27T03:59:00.115087+00:00
2026-08-27T00:20:00,capture_daily_hwh_recirc_watts,spc,input_number.hwh_recirc_running_watts_day_7,105.0,2026-08-27T03:59:00.113663+00:00
2026-08-27T00:20:00,capture_daily_hwh_recirc_watts,spc,input_datetime.hwh_recirc_spc_last_capture,2026-08-26,2026-08-27T03:59:00.130661+00:00
2026-08-27T00:20:00,capture_daily_hwh_recirc_watts,spc,input_datetime.hwh_recirc_spc_last_seed,2026-08-21,2026-08-26T02:17:29.189652+00:00
2026-08-27T00:20:00,capture_daily_monthly_tracking,accumulator,input_number.ac_cycles_month_acc,143.0,2026-08-27T03:56:30.169884+00:00
2026-08-27T00:20:00,capture_daily_monthly_tracking,accumulator,input_number.ac_cycles_year_acc,594.0,2026-08-27T03:56:30.173724+00:00
2026-08-27T00:20:00,capture_daily_monthly_tracking,accumulator,input_number.ac_runtime_month_acc,59.81,2026-08-27T03:56:30.169010+00:00
2026-08-27T00:20:00,capture_daily_monthly_tracking,accumulator,input_number.ac_runtime_year_acc,269.14,2026-08-27T03:56:30.173426+00:00
2026-08-27T00:20:00,capture_daily_monthly_tracking,accumulator,input_number.cdd_cumulative_month_auto,187.1,2026-08-27T03:56:30.153068+00:00
2026-08-27T00:20:00,capture_daily_monthly_tracking,accumulator,input_number.cdd_cumulative_year_auto,596.2,2026-08-27T03:56:30.159168+00:00
2026-08-27T00:20:00,capture_daily_monthly_tracking,accumulator,input_number.expected_runtime_sum_month,0.0,2026-08-26T02:17:29.207702+00:00
2026-08-27T00:20:00,capture_daily_monthly_tracking,accumulator,input_number.furnace_cycles_month_acc,0.0,2026-08-26T02:17:29.207856+00:00
2026-08-27T00:20:00,capture_daily_monthly_tracking,accumulator,input_number.furnace_runtime_month_acc,0.0,2026-08-26T02:17:29.207781+00:00
2026-08-27T00:20:00,capture_daily_monthly_tracking,accumulator,input_number.hdd_cumulative_month_auto,0.0,2026-08-26T02:17:29.207127+00:00
2026-08-27T00:20:00,capture_daily_monthly_tracking,accumulator,input_number.hdd_cumulative_year_auto,3726.9,2026-08-26T02:17:29.207206+00:00
2026-08-27T00:20:00,capture_daily_monthly_tracking,accumulator,input_number.outdoor_temp_days_month,26.0,2026-08-27T03:56:30.165251+00:00
2026-08-27T00:20:00,capture_daily_monthly_tracking,accumulator,input_number.outdoor_temp_sum_month,1882.2,2026-08-27T03:56:30.160463+00:00
2026-08-27T00:20:00,capture_daily_monthly_tracking,accumulator,input_number.zone_1f_cool_cycles_month_acc,0.0,2026-08-26T02:17:29.208559+00:00
2026-08-27T00:20:00,capture_daily_monthly_tracking,accumulator,input_number.zone_1f_cool_runtime_month_acc,0.0,2026-08-26T02:17:29.208404+00:00
2026-08-27T00:20:00,capture_daily_monthly_tracking,accumulator,input_number.zone_1f_cycles_month_acc,0.0,2026-08-26T02:17:29.208089+00:00
2026-08-27T00:20:00,capture_daily_monthly_tracking,accumulator,input_number.zone_1f_runtime_month_acc,0.0,2026-08-26T02:17:29.207937+00:00
2026-08-27T00:20:00,capture_daily_monthly_tracking,accumulator,input_number.zone_2f_cool_cycles_month_acc,143.0,2026-08-27T03:56:30.172890+00:00
2026-08-27T00:20:00,capture_daily_monthly_tracking,accumulator,input_number.zone_2f_cool_runtime_month_acc,59.81,2026-08-27T03:56:30.172040+00:00
2026-08-27T00:20:00,capture_daily_monthly_tracking,accumulator,input_number.zone_2f_cycles_month_acc,0.0,2026-08-26T02:17:29.208164+00:00
2026-08-27T00:20:00,capture_daily_monthly_tracking,accumulator,input_number.zone_2f_runtime_month_acc,0.0,2026-08-26T02:17:29.208016+00:00
2026-08-27T00:20:00,capture_daily_monthly_tracking,accumulator,input_datetime.monthly_tracking_capture_last_ok,2026-08-26 23:56:30,2026-08-27T03:56:30.143435+00:00
2026-08-27T00:20:00,capture_daily_runtime_per_cdd,accumulator,input_number.runtime_per_cdd_day_1,37.6,2026-08-27T03:56:45.207253+00:00
2026-08-27T00:20:00,capture_daily_runtime_per_cdd,accumulator,input_number.runtime_per_cdd_day_2,30.3,2026-08-27T03:56:45.205305+00:00
2026-08-27T00:20:00,capture_daily_runtime_per_cdd,accumulator,input_number.runtime_per_cdd_day_3,48.2,2026-08-27T03:56:45.200647+00:00
2026-08-27T00:20:00,capture_daily_runtime_per_cdd,accumulator,input_number.runtime_per_cdd_day_4,20.9,2026-08-27T03:56:45.199278+00:00
2026-08-27T00:20:00,capture_daily_runtime_per_cdd,accumulator,input_number.runtime_per_cdd_day_5,17.6,2026-08-27T03:56:45.196803+00:00
2026-08-27T00:20:00,capture_daily_runtime_per_cdd,accumulator,input_number.runtime_per_cdd_day_6,27.7,2026-08-27T03:56:45.194813+00:00
2026-08-27T00:20:00,capture_daily_runtime_per_cdd,accumulator,input_number.runtime_per_cdd_day_7,33.9,2026-08-27T03:56:45.192161+00:00
2026-08-27T00:20:00,capture_daily_runtime_per_cdd,accumulator,input_datetime.runtime_per_cdd_capture_last_ok,2026-08-26 23:56:45,2026-08-27T03:56:45.208905+00:00
2026-08-27T00:20:00,capture_daily_runtime_per_hdd,accumulator,input_number.runtime_per_hdd_day_1,0.0,2026-08-26T02:17:29.204044+00:00
2026-08-27T00:20:00,capture_daily_runtime_per_hdd,accumulator,input_number.runtime_per_hdd_day_2,0.0,2026-08-26T02:17:29.204126+00:00
2026-08-27T00:20:00,capture_daily_runtime_per_hdd,accumulator,input_number.runtime_per_hdd_day_3,0.0,2026-08-26T02:17:29.204202+00:00
2026-08-27T00:20:00,capture_daily_runtime_per_hdd,accumulator,input_number.runtime_per_hdd_day_4,0.0,2026-08-26T02:17:29.204280+00:00
2026-08-27T00:20:00,capture_daily_runtime_per_hdd,accumulator,input_number.runtime_per_hdd_day_5,0.0,2026-08-26T02:17:29.204361+00:00
2026-08-27T00:20:00,capture_daily_runtime_per_hdd,accumulator,input_number.runtime_per_hdd_day_6,0.0,2026-08-26T02:17:29.204437+00:00
2026-08-27T00:20:00,capture_daily_runtime_per_hdd,accumulator,input_number.runtime_per_hdd_day_7,0.0,2026-08-26T02:17:29.204586+00:00
2026-08-27T00:20:00,capture_daily_runtime_per_hdd,accumulator,input_datetime.runtime_per_hdd_capture_last_ok,2026-08-26 23:56:00,2026-08-27T03:56:00.386251+00:00
2026-08-27T00:20:00,capture_daily_water_overnight,leak,input_number.water_overnight_min_day_1,0.0,2026-08-26T02:17:29.262132+00:00
2026-08-27T00:20:00,capture_daily_water_overnight,leak,input_number.water_overnight_min_day_2,0.0,2026-08-26T02:17:29.262241+00:00
2026-08-27T00:20:00,capture_daily_water_overnight,leak,input_number.water_overnight_min_day_3,0.0,2026-08-26T02:17:29.262358+00:00
2026-08-27T00:20:00,capture_daily_water_overnight,leak,input_number.water_overnight_min_day_4,0.0,2026-08-26T09:00:45.176381+00:00
2026-08-27T00:20:00,capture_daily_water_overnight,leak,input_number.water_overnight_min_day_5,-1.0,2026-08-26T02:17:29.262569+00:00
2026-08-27T00:20:00,capture_daily_water_overnight,leak,input_number.water_overnight_min_day_6,-1.0,2026-08-26T02:17:29.262675+00:00
2026-08-27T00:20:00,capture_daily_water_overnight,leak,input_number.water_overnight_min_day_7,-1.0,2026-08-26T02:17:29.262781+00:00
2026-08-27T00:20:00,capture_daily_water_overnight,leak,input_datetime.water_overnight_capture_last_ok,2026-08-26 05:00:45,2026-08-26T09:00:45.179483+00:00
2026-08-28T00:20:00,archive_monthly_cdd,accumulator,input_datetime.cdd_archive_last_ok,2026-08-21 00:00:00,2026-08-26T02:17:29.187655+00:00
2026-08-28T00:20:00,archive_monthly_gas_heat_cost,accumulator,input_datetime.gas_heat_cost_archive_last_ok,2026-08-27 15:32:37,2026-08-27T19:32:37.178789+00:00
2026-08-28T00:20:00,archive_monthly_hdd,accumulator,input_datetime.hdd_archive_last_ok,2026-08-21 00:00:00,2026-08-26T02:17:29.187549+00:00
2026-08-28T00:20:00,capture_daily_ac_cost,accumulator,input_number.ac_cost_year_acc,174.9,2026-08-28T03:59:45.501898+00:00
2026-08-28T00:20:00,capture_daily_ac_cost,accumulator,input_datetime.ac_cost_capture_last_ok,2026-08-27 23:59:45,2026-08-28T03:59:45.503600+00:00
2026-08-28T00:20:00,capture_daily_ac_min_per_cycle,accumulator,input_number.ac_min_per_cycle_day_1,17.8,2026-08-28T03:55:30.326153+00:00
2026-08-28T00:20:00,capture_daily_ac_min_per_cycle,accumulator,input_number.ac_min_per_cycle_day_2,19.7,2026-08-28T03:55:30.297504+00:00
2026-08-28T00:20:00,capture_daily_ac_min_per_cycle,accumulator,input_number.ac_min_per_cycle_day_3,20.6,2026-08-28T03:55:30.284223+00:00
2026-08-28T00:20:00,capture_daily_ac_min_per_cycle,accumulator,input_number.ac_min_per_cycle_day_4,19.3,2026-08-28T03:55:30.277876+00:00
2026-08-28T00:20:00,capture_daily_ac_min_per_cycle,accumulator,input_number.ac_min_per_cycle_day_5,20.9,2026-08-28T03:55:30.270485+00:00
2026-08-28T00:20:00,capture_daily_ac_min_per_cycle,accumulator,input_number.ac_min_per_cycle_day_6,10.0,2026-08-28T03:55:30.259862+00:00
2026-08-28T00:20:00,capture_daily_ac_min_per_cycle,accumulator,input_number.ac_min_per_cycle_day_7,21.0,2026-08-28T03:55:30.257873+00:00
2026-08-28T00:20:00,capture_daily_ac_min_per_cycle,accumulator,input_datetime.ac_min_per_cycle_capture_last_ok,2026-08-27 23:55:30,2026-08-28T03:55:30.333833+00:00
2026-08-28T00:20:00,capture_daily_ac_watts,spc,input_number.ac_running_watts_day_1,2425.6,2026-08-28T03:59:00.480318+00:00
2026-08-28T00:20:00,capture_daily_ac_watts,spc,input_number.ac_running_watts_day_2,2411.9,2026-08-28T03:59:00.473517+00:00
2026-08-28T00:20:00,capture_daily_ac_watts,spc,input_number.ac_running_watts_day_3,2317.0,2026-08-28T03:59:00.472132+00:00
2026-08-28T00:20:00,capture_daily_ac_watts,spc,input_number.ac_running_watts_day_4,2419.8,2026-08-28T03:59:00.470773+00:00
2026-08-28T00:20:00,capture_daily_ac_watts,spc,input_number.ac_running_watts_day_5,2439.4,2026-08-28T03:59:00.467609+00:00
2026-08-28T00:20:00,capture_daily_ac_watts,spc,input_number.ac_running_watts_day_6,2357.4,2026-08-28T03:59:00.466249+00:00
2026-08-28T00:20:00,capture_daily_ac_watts,spc,input_number.ac_running_watts_day_7,2493.6,2026-08-28T03:59:00.464770+00:00
2026-08-28T00:20:00,capture_daily_ac_watts,spc,input_datetime.ac_spc_last_capture,2026-08-27,2026-08-28T03:59:00.482137+00:00
2026-08-28T00:20:00,capture_daily_ac_watts,spc,input_datetime.ac_spc_last_seed,2026-08-21,2026-08-26T02:17:29.189538+00:00
2026-08-28T00:20:00,capture_daily_cdd,accumulator,input_number.cdd_day_1,6.2,2026-08-28T03:55:15.482220+00:00
2026-08-28T00:20:00,capture_daily_cdd,accumulator,input_number.cdd_day_2,4.2,2026-08-28T03:55:15.481259+00:00
2026-08-28T00:20:00,capture_daily_cdd,accumulator,input_number.cdd_day_3,2.1,2026-08-28T03:55:15.480074+00:00
2026-08-28T00:20:00,capture_daily_cdd,accumulator,input_number.cdd_day_4,3.6,2026-08-28T03:55:15.478989+00:00
2026-08-28T00:20:00,capture_daily_cdd,accumulator,input_number.cdd_day_5,5.0,2026-08-28T03:55:15.477580+00:00
2026-08-28T00:20:00,capture_daily_cdd,accumulator,input_number.cdd_day_6,1.7,2026-08-28T03:55:15.473140+00:00
2026-08-28T00:20:00,capture_daily_cdd,accumulator,input_number.cdd_day_7,3.8,2026-08-28T03:55:15.471978+00:00
2026-08-28T00:20:00,capture_daily_cdd,accumulator,input_datetime.cdd_capture_last_ok,2026-08-27 23:55:15,2026-08-28T03:55:15.484326+00:00
2026-08-28T00:20:00,capture_daily_cooling_kwh_cdd,spc,input_number.cooling_kwh_cdd_day_1,0.82,2026-08-28T03:59:00.207499+00:00
2026-08-28T00:20:00,capture_daily_cooling_kwh_cdd,spc,input_number.cooling_kwh_cdd_day_2,1.52,2026-08-28T03:59:00.205623+00:00
2026-08-28T00:20:00,capture_daily_cooling_kwh_cdd,spc,input_number.cooling_kwh_cdd_day_3,1.21,2026-08-28T03:59:00.203621+00:00
2026-08-28T00:20:00,capture_daily_cooling_kwh_cdd,spc,input_number.cooling_kwh_cdd_day_4,1.94,2026-08-28T03:59:00.201205+00:00
2026-08-28T00:20:00,capture_daily_cooling_kwh_cdd,spc,input_number.cooling_kwh_cdd_day_5,0.85,2026-08-28T03:59:00.195459+00:00
2026-08-28T00:20:00,capture_daily_cooling_kwh_cdd,spc,input_number.cooling_kwh_cdd_day_6,0.7,2026-08-28T03:59:00.190434+00:00
2026-08-28T00:20:00,capture_daily_cooling_kwh_cdd,spc,input_number.cooling_kwh_cdd_day_7,1.09,2026-08-28T03:59:00.184870+00:00
2026-08-28T00:20:00,capture_daily_cooling_kwh_cdd,spc,input_datetime.cooling_kwh_cdd_spc_last_capture,2026-08-27,2026-08-28T03:59:00.209236+00:00
2026-08-28T00:20:00,capture_daily_dehumidifier_cost,accumulator,input_number.dehumidifier_cost_year_acc,51.05,2026-08-28T03:59:30.412776+00:00
2026-08-28T00:20:00,capture_daily_dehumidifier_cost,accumulator,input_datetime.dehumidifier_cost_capture_last_ok,2026-08-27 23:59:30,2026-08-28T03:59:30.415279+00:00
2026-08-28T00:20:00,capture_daily_dehumidifier_duty_kwh,accumulator,input_number.dehumidifier_duty_day_1,8.0,2026-08-28T03:59:30.128898+00:00
2026-08-28T00:20:00,capture_daily_dehumidifier_duty_kwh,accumulator,input_number.dehumidifier_duty_day_2,7.8,2026-08-28T03:59:30.123160+00:00
2026-08-28T00:20:00,capture_daily_dehumidifier_duty_kwh,accumulator,input_number.dehumidifier_duty_day_3,8.3,2026-08-28T03:59:30.120850+00:00
2026-08-28T00:20:00,capture_daily_dehumidifier_duty_kwh,accumulator,input_number.dehumidifier_duty_day_4,8.1,2026-08-28T03:59:30.112196+00:00
2026-08-28T00:20:00,capture_daily_dehumidifier_duty_kwh,accumulator,input_number.dehumidifier_duty_day_5,9.1,2026-08-28T03:59:30.109928+00:00
2026-08-28T00:20:00,capture_daily_dehumidifier_duty_kwh,accumulator,input_number.dehumidifier_duty_day_6,8.0,2026-08-28T03:59:30.107671+00:00
2026-08-28T00:20:00,capture_daily_dehumidifier_duty_kwh,accumulator,input_number.dehumidifier_duty_day_7,7.7,2026-08-28T03:59:30.102367+00:00
2026-08-28T00:20:00,capture_daily_dehumidifier_duty_kwh,accumulator,input_number.dehumidifier_kwh_day_1,0.892,2026-08-28T03:59:30.149945+00:00
2026-08-28T00:20:00,capture_daily_dehumidifier_duty_kwh,accumulator,input_number.dehumidifier_kwh_day_2,0.87,2026-08-28T03:59:30.147037+00:00
2026-08-28T00:20:00,capture_daily_dehumidifier_duty_kwh,accumulator,input_number.dehumidifier_kwh_day_3,0.926,2026-08-28T03:59:30.145070+00:00
2026-08-28T00:20:00,capture_daily_dehumidifier_duty_kwh,accumulator,input_number.dehumidifier_kwh_day_4,0.908,2026-08-28T03:59:30.140137+00:00
2026-08-28T00:20:00,capture_daily_dehumidifier_duty_kwh,accumulator,input_number.dehumidifier_kwh_day_5,1.022,2026-08-28T03:59:30.137909+00:00
2026-08-28T00:20:00,capture_daily_dehumidifier_duty_kwh,accumulator,input_number.dehumidifier_kwh_day_6,0.893,2026-08-28T03:59:30.135883+00:00
2026-08-28T00:20:00,capture_daily_dehumidifier_duty_kwh,accumulator,input_number.dehumidifier_kwh_day_7,0.861,2026-08-28T03:59:30.131365+00:00
2026-08-28T00:20:00,capture_daily_dehumidifier_duty_kwh,accumulator,input_datetime.dehumidifier_duty_kwh_capture_last_ok,2026-08-27 23:59:30,2026-08-28T03:59:30.151925+00:00
2026-08-28T00:20:00,capture_daily_dehumidifier_watts,spc,input_number.dehumidifier_running_watts_day_1,464.8,2026-08-28T03:59:00.437124+00:00
2026-08-28T00:20:00,capture_daily_dehumidifier_watts,spc,input_number.dehumidifier_running_watts_day_2,465.4,2026-08-28T03:59:00.435589+00:00
2026-08-28T00:20:00,capture_daily_dehumidifier_watts,spc,input_number.dehumidifier_running_watts_day_3,468.1,2026-08-28T03:59:00.433756+00:00
2026-08-28T00:20:00,capture_daily_dehumidifier_watts,spc,input_number.dehumidifier_running_watts_day_4,466.2,2026-08-28T03:59:00.429592+00:00
2026-08-28T00:20:00,capture_daily_dehumidifier_watts,spc,input_number.dehumidifier_running_watts_day_5,466.9,2026-08-28T03:59:00.420646+00:00
2026-08-28T00:20:00,capture_daily_dehumidifier_watts,spc,input_number.dehumidifier_running_watts_day_6,468.7,2026-08-28T03:59:00.405702+00:00
2026-08-28T00:20:00,capture_daily_dehumidifier_watts,spc,input_number.dehumidifier_running_watts_day_7,466.4,2026-08-28T03:59:00.398390+00:00
2026-08-28T00:20:00,capture_daily_dehumidifier_watts,spc,input_datetime.dehumidifier_spc_last_capture,2026-08-27,2026-08-28T03:59:00.440522+00:00
2026-08-28T00:20:00,capture_daily_dehumidifier_watts,spc,input_datetime.dehumidifier_spc_last_seed,2026-08-21,2026-08-26T02:17:29.189767+00:00
2026-08-28T00:20:00,capture_daily_fridge_watts,spc,input_number.fridge_running_watts_day_1,123.6,2026-08-28T03:59:00.235982+00:00
2026-08-28T00:20:00,capture_daily_fridge_watts,spc,input_number.fridge_running_watts_day_2,112.5,2026-08-28T03:59:00.234112+00:00
2026-08-28T00:20:00,capture_daily_fridge_watts,spc,input_number.fridge_running_watts_day_3,114.8,2026-08-28T03:59:00.232740+00:00
2026-08-28T00:20:00,capture_daily_fridge_watts,spc,input_number.fridge_running_watts_day_4,123.7,2026-08-28T03:59:00.231401+00:00
2026-08-28T00:20:00,capture_daily_fridge_watts,spc,input_number.fridge_running_watts_day_5,113.4,2026-08-28T03:59:00.229897+00:00
2026-08-28T00:20:00,capture_daily_fridge_watts,spc,input_number.fridge_running_watts_day_6,123.5,2026-08-28T03:59:00.226989+00:00
2026-08-28T00:20:00,capture_daily_fridge_watts,spc,input_number.fridge_running_watts_day_7,114.2,2026-08-28T03:59:00.225043+00:00
2026-08-28T00:20:00,capture_daily_fridge_watts,spc,input_datetime.fridge_spc_last_capture,2026-08-27,2026-08-28T03:59:00.237556+00:00
2026-08-28T00:20:00,capture_daily_fridge_watts,spc,input_datetime.fridge_spc_last_seed,2026-08-21,2026-08-26T02:17:29.189298+00:00
2026-08-28T00:20:00,capture_daily_furnace_min_per_cycle,accumulator,input_number.furnace_min_per_cycle_day_1,0.0,2026-08-26T02:17:29.206008+00:00
2026-08-28T00:20:00,capture_daily_furnace_min_per_cycle,accumulator,input_number.furnace_min_per_cycle_day_2,0.0,2026-08-26T02:17:29.206088+00:00
2026-08-28T00:20:00,capture_daily_furnace_min_per_cycle,accumulator,input_number.furnace_min_per_cycle_day_3,0.0,2026-08-26T02:17:29.206171+00:00
2026-08-28T00:20:00,capture_daily_furnace_min_per_cycle,accumulator,input_number.furnace_min_per_cycle_day_4,0.0,2026-08-26T02:17:29.206253+00:00
2026-08-28T00:20:00,capture_daily_furnace_min_per_cycle,accumulator,input_number.furnace_min_per_cycle_day_5,0.0,2026-08-26T02:17:29.206336+00:00
2026-08-28T00:20:00,capture_daily_furnace_min_per_cycle,accumulator,input_number.furnace_min_per_cycle_day_6,0.0,2026-08-26T02:17:29.206415+00:00
2026-08-28T00:20:00,capture_daily_furnace_min_per_cycle,accumulator,input_number.furnace_min_per_cycle_day_7,0.0,2026-08-26T02:17:29.206494+00:00
2026-08-28T00:20:00,capture_daily_furnace_min_per_cycle,accumulator,input_datetime.furnace_cycle_capture_last_ok,1970-01-01 00:00:00,2026-08-26T02:17:29.188166+00:00
2026-08-28T00:20:00,capture_daily_furnace_watts,spc,input_number.furnace_running_watts_day_1,772.3,2026-08-28T03:59:00.084383+00:00
2026-08-28T00:20:00,capture_daily_furnace_watts,spc,input_number.furnace_running_watts_day_2,772.7,2026-08-28T03:59:00.083201+00:00
2026-08-28T00:20:00,capture_daily_furnace_watts,spc,input_number.furnace_running_watts_day_3,770.3,2026-08-28T03:59:00.081894+00:00
2026-08-28T00:20:00,capture_daily_furnace_watts,spc,input_number.furnace_running_watts_day_4,771.2,2026-08-28T03:59:00.077933+00:00
2026-08-28T00:20:00,capture_daily_furnace_watts,spc,input_number.furnace_running_watts_day_5,768.0,2026-08-28T03:59:00.076173+00:00
2026-08-28T00:20:00,capture_daily_furnace_watts,spc,input_number.furnace_running_watts_day_6,774.2,2026-08-28T03:59:00.069486+00:00
2026-08-28T00:20:00,capture_daily_furnace_watts,spc,input_number.furnace_running_watts_day_7,772.1,2026-08-28T03:59:00.061436+00:00
2026-08-28T00:20:00,capture_daily_furnace_watts,spc,input_datetime.furnace_spc_last_capture,2026-08-27,2026-08-28T03:59:00.086264+00:00
2026-08-28T00:20:00,capture_daily_furnace_watts,spc,input_datetime.furnace_spc_last_seed,2026-08-21,2026-08-26T02:17:29.189424+00:00
2026-08-28T00:20:00,capture_daily_hdd,accumulator,input_number.hdd_day_1,0.0,2026-08-26T02:17:29.203496+00:00
2026-08-28T00:20:00,capture_daily_hdd,accumulator,input_number.hdd_day_2,0.0,2026-08-26T02:17:29.203572+00:00
2026-08-28T00:20:00,capture_daily_hdd,accumulator,input_number.hdd_day_3,0.0,2026-08-26T02:17:29.203649+00:00
2026-08-28T00:20:00,capture_daily_hdd,accumulator,input_number.hdd_day_4,0.0,2026-08-26T02:17:29.203727+00:00
2026-08-28T00:20:00,capture_daily_hdd,accumulator,input_number.hdd_day_5,0.0,2026-08-26T02:17:29.203804+00:00
2026-08-28T00:20:00,capture_daily_hdd,accumulator,input_number.hdd_day_6,0.0,2026-08-26T02:17:29.203878+00:00
2026-08-28T00:20:00,capture_daily_hdd,accumulator,input_number.hdd_day_7,0.0,2026-08-26T02:17:29.203966+00:00
2026-08-28T00:20:00,capture_daily_hdd,accumulator,input_datetime.hdd_capture_last_ok,2026-08-27 23:55:00,2026-08-28T03:55:00.346956+00:00
2026-08-28T00:20:00,capture_daily_hwh_recirc_watts,spc,input_number.hwh_recirc_running_watts_day_1,108.1,2026-08-27T03:59:00.128855+00:00
2026-08-28T00:20:00,capture_daily_hwh_recirc_watts,spc,input_number.hwh_recirc_running_watts_day_2,108.1,2026-08-28T03:59:00.099460+00:00
2026-08-28T00:20:00,capture_daily_hwh_recirc_watts,spc,input_number.hwh_recirc_running_watts_day_3,108.5,2026-08-28T03:59:00.097572+00:00
2026-08-28T00:20:00,capture_daily_hwh_recirc_watts,spc,input_number.hwh_recirc_running_watts_day_4,107.6,2026-08-28T03:59:00.091875+00:00
2026-08-28T00:20:00,capture_daily_hwh_recirc_watts,spc,input_number.hwh_recirc_running_watts_day_5,108.7,2026-08-28T03:59:00.090549+00:00
2026-08-28T00:20:00,capture_daily_hwh_recirc_watts,spc,input_number.hwh_recirc_running_watts_day_6,109.5,2026-08-27T03:59:00.115087+00:00
2026-08-28T00:20:00,capture_daily_hwh_recirc_watts,spc,input_number.hwh_recirc_running_watts_day_7,109.5,2026-08-28T03:59:00.088903+00:00
2026-08-28T00:20:00,capture_daily_hwh_recirc_watts,spc,input_datetime.hwh_recirc_spc_last_capture,2026-08-27,2026-08-28T03:59:00.100775+00:00
2026-08-28T00:20:00,capture_daily_hwh_recirc_watts,spc,input_datetime.hwh_recirc_spc_last_seed,2026-08-21,2026-08-26T02:17:29.189652+00:00
2026-08-28T00:20:00,capture_daily_monthly_tracking,accumulator,input_number.ac_cycles_month_acc,150.0,2026-08-28T03:56:30.177803+00:00
2026-08-28T00:20:00,capture_daily_monthly_tracking,accumulator,input_number.ac_cycles_year_acc,601.0,2026-08-28T03:56:30.180939+00:00
2026-08-28T00:20:00,capture_daily_monthly_tracking,accumulator,input_number.ac_runtime_month_acc,61.89,2026-08-28T03:56:30.177151+00:00
2026-08-28T00:20:00,capture_daily_monthly_tracking,accumulator,input_number.ac_runtime_year_acc,271.22,2026-08-28T03:56:30.180417+00:00
2026-08-28T00:20:00,capture_daily_monthly_tracking,accumulator,input_number.cdd_cumulative_month_auto,193.3,2026-08-28T03:56:30.167571+00:00
2026-08-28T00:20:00,capture_daily_monthly_tracking,accumulator,input_number.cdd_cumulative_year_auto,602.4,2026-08-28T03:56:30.169905+00:00
2026-08-28T00:20:00,capture_daily_monthly_tracking,accumulator,input_number.expected_runtime_sum_month,0.0,2026-08-26T02:17:29.207702+00:00
2026-08-28T00:20:00,capture_daily_monthly_tracking,accumulator,input_number.furnace_cycles_month_acc,0.0,2026-08-26T02:17:29.207856+00:00
2026-08-28T00:20:00,capture_daily_monthly_tracking,accumulator,input_number.furnace_runtime_month_acc,0.0,2026-08-26T02:17:29.207781+00:00
2026-08-28T00:20:00,capture_daily_monthly_tracking,accumulator,input_number.hdd_cumulative_month_auto,0.0,2026-08-26T02:17:29.207127+00:00
2026-08-28T00:20:00,capture_daily_monthly_tracking,accumulator,input_number.hdd_cumulative_year_auto,3726.9,2026-08-26T02:17:29.207206+00:00
2026-08-28T00:20:00,capture_daily_monthly_tracking,accumulator,input_number.outdoor_temp_days_month,27.0,2026-08-28T03:56:30.174539+00:00
2026-08-28T00:20:00,capture_daily_monthly_tracking,accumulator,input_number.outdoor_temp_sum_month,1952.8,2026-08-28T03:56:30.173576+00:00
2026-08-28T00:20:00,capture_daily_monthly_tracking,accumulator,input_number.zone_1f_cool_cycles_month_acc,0.0,2026-08-26T02:17:29.208559+00:00
2026-08-28T00:20:00,capture_daily_monthly_tracking,accumulator,input_number.zone_1f_cool_runtime_month_acc,0.0,2026-08-26T02:17:29.208404+00:00
2026-08-28T00:20:00,capture_daily_monthly_tracking,accumulator,input_number.zone_1f_cycles_month_acc,0.0,2026-08-26T02:17:29.208089+00:00
2026-08-28T00:20:00,capture_daily_monthly_tracking,accumulator,input_number.zone_1f_runtime_month_acc,0.0,2026-08-26T02:17:29.207937+00:00
2026-08-28T00:20:00,capture_daily_monthly_tracking,accumulator,input_number.zone_2f_cool_cycles_month_acc,150.0,2026-08-28T03:56:30.179860+00:00
2026-08-28T00:20:00,capture_daily_monthly_tracking,accumulator,input_number.zone_2f_cool_runtime_month_acc,61.89,2026-08-28T03:56:30.178597+00:00
2026-08-28T00:20:00,capture_daily_monthly_tracking,accumulator,input_number.zone_2f_cycles_month_acc,0.0,2026-08-26T02:17:29.208164+00:00
2026-08-28T00:20:00,capture_daily_monthly_tracking,accumulator,input_number.zone_2f_runtime_month_acc,0.0,2026-08-26T02:17:29.208016+00:00
2026-08-28T00:20:00,capture_daily_monthly_tracking,accumulator,input_datetime.monthly_tracking_capture_last_ok,2026-08-27 23:56:30,2026-08-28T03:56:30.154934+00:00
2026-08-28T00:20:00,capture_daily_runtime_per_cdd,accumulator,input_number.runtime_per_cdd_day_1,20.1,2026-08-28T03:56:45.236844+00:00
2026-08-28T00:20:00,capture_daily_runtime_per_cdd,accumulator,input_number.runtime_per_cdd_day_2,37.6,2026-08-28T03:56:45.234946+00:00
2026-08-28T00:20:00,capture_daily_runtime_per_cdd,accumulator,input_number.runtime_per_cdd_day_3,30.3,2026-08-28T03:56:45.229609+00:00
2026-08-28T00:20:00,capture_daily_runtime_per_cdd,accumulator,input_number.runtime_per_cdd_day_4,48.2,2026-08-28T03:56:45.226580+00:00
2026-08-28T00:20:00,capture_daily_runtime_per_cdd,accumulator,input_number.runtime_per_cdd_day_5,20.9,2026-08-28T03:56:45.219015+00:00
2026-08-28T00:20:00,capture_daily_runtime_per_cdd,accumulator,input_number.runtime_per_cdd_day_6,17.6,2026-08-28T03:56:45.207267+00:00
2026-08-28T00:20:00,capture_daily_runtime_per_cdd,accumulator,input_number.runtime_per_cdd_day_7,27.7,2026-08-28T03:56:45.196268+00:00
2026-08-28T00:20:00,capture_daily_runtime_per_cdd,accumulator,input_datetime.runtime_per_cdd_capture_last_ok,2026-08-27 23:56:45,2026-08-28T03:56:45.239486+00:00
2026-08-28T00:20:00,capture_daily_runtime_per_hdd,accumulator,input_number.runtime_per_hdd_day_1,0.0,2026-08-26T02:17:29.204044+00:00
2026-08-28T00:20:00,capture_daily_runtime_per_hdd,accumulator,input_number.runtime_per_hdd_day_2,0.0,2026-08-26T02:17:29.204126+00:00
2026-08-28T00:20:00,capture_daily_runtime_per_hdd,accumulator,input_number.runtime_per_hdd_day_3,0.0,2026-08-26T02:17:29.204202+00:00
2026-08-28T00:20:00,capture_daily_runtime_per_hdd,accumulator,input_number.runtime_per_hdd_day_4,0.0,2026-08-26T02:17:29.204280+00:00
2026-08-28T00:20:00,capture_daily_runtime_per_hdd,accumulator,input_number.runtime_per_hdd_day_5,0.0,2026-08-26T02:17:29.204361+00:00
2026-08-28T00:20:00,capture_daily_runtime_per_hdd,accumulator,input_number.runtime_per_hdd_day_6,0.0,2026-08-26T02:17:29.204437+00:00
2026-08-28T00:20:00,capture_daily_runtime_per_hdd,accumulator,input_number.runtime_per_hdd_day_7,0.0,2026-08-26T02:17:29.204586+00:00
2026-08-28T00:20:00,capture_daily_runtime_per_hdd,accumulator,input_datetime.runtime_per_hdd_capture_last_ok,2026-08-27 23:56:00,2026-08-28T03:56:00.393350+00:00
2026-08-28T00:20:00,capture_daily_water_overnight,leak,input_number.water_overnight_min_day_1,0.1,2026-08-27T09:00:45.166777+00:00
2026-08-28T00:20:00,capture_daily_water_overnight,leak,input_number.water_overnight_min_day_2,0.0,2026-08-26T02:17:29.262241+00:00
2026-08-28T00:20:00,capture_daily_water_overnight,leak,input_number.water_overnight_min_day_3,0.0,2026-08-26T02:17:29.262358+00:00
2026-08-28T00:20:00,capture_daily_water_overnight,leak,input_number.water_overnight_min_day_4,0.0,2026-08-26T09:00:45.176381+00:00
2026-08-28T00:20:00,capture_daily_water_overnight,leak,input_number.water_overnight_min_day_5,0.0,2026-08-27T09:00:45.161812+00:00
2026-08-28T00:20:00,capture_daily_water_overnight,leak,input_number.water_overnight_min_day_6,-1.0,2026-08-26T02:17:29.262675+00:00
2026-08-28T00:20:00,capture_daily_water_overnight,leak,input_number.water_overnight_min_day_7,-1.0,2026-08-26T02:17:29.262781+00:00
2026-08-28T00:20:00,capture_daily_water_overnight,leak,input_datetime.water_overnight_capture_last_ok,2026-08-27 05:00:45,2026-08-27T09:00:45.169686+00:00
2026-08-29T00:20:00,archive_monthly_cdd,accumulator,input_datetime.cdd_archive_last_ok,2026-08-21 00:00:00,2026-08-26T02:17:29.187655+00:00
2026-08-29T00:20:00,archive_monthly_gas_heat_cost,accumulator,input_datetime.gas_heat_cost_archive_last_ok,2026-08-27 15:32:37,2026-08-27T19:32:37.178789+00:00
2026-08-29T00:20:00,archive_monthly_hdd,accumulator,input_datetime.hdd_archive_last_ok,2026-08-21 00:00:00,2026-08-26T02:17:29.187549+00:00
2026-08-29T00:20:00,capture_daily_ac_cost,accumulator,input_number.ac_cost_year_acc,177.06,2026-08-29T03:59:45.500913+00:00
2026-08-29T00:20:00,capture_daily_ac_cost,accumulator,input_datetime.ac_cost_capture_last_ok,2026-08-28 23:59:45,2026-08-29T03:59:45.503234+00:00
2026-08-29T00:20:00,capture_daily_ac_min_per_cycle,accumulator,input_number.ac_min_per_cycle_day_1,24.5,2026-08-29T03:55:30.290353+00:00
2026-08-29T00:20:00,capture_daily_ac_min_per_cycle,accumulator,input_number.ac_min_per_cycle_day_2,17.8,2026-08-29T03:55:30.288165+00:00
2026-08-29T00:20:00,capture_daily_ac_min_per_cycle,accumulator,input_number.ac_min_per_cycle_day_3,19.7,2026-08-29T03:55:30.284650+00:00
2026-08-29T00:20:00,capture_daily_ac_min_per_cycle,accumulator,input_number.ac_min_per_cycle_day_4,20.6,2026-08-29T03:55:30.282861+00:00
2026-08-29T00:20:00,capture_daily_ac_min_per_cycle,accumulator,input_number.ac_min_per_cycle_day_5,19.3,2026-08-29T03:55:30.278853+00:00
2026-08-29T00:20:00,capture_daily_ac_min_per_cycle,accumulator,input_number.ac_min_per_cycle_day_6,20.9,2026-08-29T03:55:30.269889+00:00
2026-08-29T00:20:00,capture_daily_ac_min_per_cycle,accumulator,input_number.ac_min_per_cycle_day_7,10.0,2026-08-29T03:55:30.262034+00:00
2026-08-29T00:20:00,capture_daily_ac_min_per_cycle,accumulator,input_datetime.ac_min_per_cycle_capture_last_ok,2026-08-28 23:55:30,2026-08-29T03:55:30.295175+00:00
2026-08-29T00:20:00,capture_daily_ac_watts,spc,input_number.ac_running_watts_day_1,2513.7,2026-08-29T03:59:00.470400+00:00
2026-08-29T00:20:00,capture_daily_ac_watts,spc,input_number.ac_running_watts_day_2,2425.6,2026-08-29T03:59:00.468832+00:00
2026-08-29T00:20:00,capture_daily_ac_watts,spc,input_number.ac_running_watts_day_3,2411.9,2026-08-29T03:59:00.467159+00:00
2026-08-29T00:20:00,capture_daily_ac_watts,spc,input_number.ac_running_watts_day_4,2317.0,2026-08-29T03:59:00.464285+00:00
2026-08-29T00:20:00,capture_daily_ac_watts,spc,input_number.ac_running_watts_day_5,2419.8,2026-08-29T03:59:00.462715+00:00
2026-08-29T00:20:00,capture_daily_ac_watts,spc,input_number.ac_running_watts_day_6,2439.4,2026-08-29T03:59:00.461111+00:00
2026-08-29T00:20:00,capture_daily_ac_watts,spc,input_number.ac_running_watts_day_7,2357.4,2026-08-29T03:59:00.459340+00:00
2026-08-29T00:20:00,capture_daily_ac_watts,spc,input_datetime.ac_spc_last_capture,2026-08-28,2026-08-29T03:59:00.473139+00:00
2026-08-29T00:20:00,capture_daily_ac_watts,spc,input_datetime.ac_spc_last_seed,2026-08-21,2026-08-26T02:17:29.189538+00:00
2026-08-29T00:20:00,capture_daily_cdd,accumulator,input_number.cdd_day_1,9.0,2026-08-29T03:55:15.497212+00:00
2026-08-29T00:20:00,capture_daily_cdd,accumulator,input_number.cdd_day_2,6.2,2026-08-29T03:55:15.491501+00:00
2026-08-29T00:20:00,capture_daily_cdd,accumulator,input_number.cdd_day_3,4.2,2026-08-29T03:55:15.488518+00:00
2026-08-29T00:20:00,capture_daily_cdd,accumulator,input_number.cdd_day_4,2.1,2026-08-29T03:55:15.483872+00:00
2026-08-29T00:20:00,capture_daily_cdd,accumulator,input_number.cdd_day_5,3.6,2026-08-29T03:55:15.475984+00:00
2026-08-29T00:20:00,capture_daily_cdd,accumulator,input_number.cdd_day_6,5.0,2026-08-29T03:55:15.468328+00:00
2026-08-29T00:20:00,capture_daily_cdd,accumulator,input_number.cdd_day_7,1.7,2026-08-29T03:55:15.460848+00:00
2026-08-29T00:20:00,capture_daily_cdd,accumulator,input_datetime.cdd_capture_last_ok,2026-08-28 23:55:15,2026-08-29T03:55:15.499560+00:00
2026-08-29T00:20:00,capture_daily_cooling_kwh_cdd,spc,input_number.cooling_kwh_cdd_day_1,0.91,2026-08-29T03:59:00.250402+00:00
2026-08-29T00:20:00,capture_daily_cooling_kwh_cdd,spc,input_number.cooling_kwh_cdd_day_2,0.82,2026-08-29T03:59:00.246957+00:00
2026-08-29T00:20:00,capture_daily_cooling_kwh_cdd,spc,input_number.cooling_kwh_cdd_day_3,1.52,2026-08-29T03:59:00.233050+00:00
2026-08-29T00:20:00,capture_daily_cooling_kwh_cdd,spc,input_number.cooling_kwh_cdd_day_4,1.21,2026-08-29T03:59:00.223399+00:00
2026-08-29T00:20:00,capture_daily_cooling_kwh_cdd,spc,input_number.cooling_kwh_cdd_day_5,1.94,2026-08-29T03:59:00.213353+00:00
2026-08-29T00:20:00,capture_daily_cooling_kwh_cdd,spc,input_number.cooling_kwh_cdd_day_6,0.85,2026-08-29T03:59:00.196971+00:00
2026-08-29T00:20:00,capture_daily_cooling_kwh_cdd,spc,input_number.cooling_kwh_cdd_day_7,0.7,2026-08-29T03:59:00.189493+00:00
2026-08-29T00:20:00,capture_daily_cooling_kwh_cdd,spc,input_datetime.cooling_kwh_cdd_spc_last_capture,2026-08-28,2026-08-29T03:59:00.252838+00:00
2026-08-29T00:20:00,capture_daily_dehumidifier_cost,accumulator,input_number.dehumidifier_cost_year_acc,51.26,2026-08-29T03:59:30.412684+00:00
2026-08-29T00:20:00,capture_daily_dehumidifier_cost,accumulator,input_datetime.dehumidifier_cost_capture_last_ok,2026-08-28 23:59:30,2026-08-29T03:59:30.418409+00:00
2026-08-29T00:20:00,capture_daily_dehumidifier_duty_kwh,accumulator,input_number.dehumidifier_duty_day_1,7.8,2026-08-29T03:59:30.123665+00:00
2026-08-29T00:20:00,capture_daily_dehumidifier_duty_kwh,accumulator,input_number.dehumidifier_duty_day_2,8.0,2026-08-29T03:59:30.119160+00:00
2026-08-29T00:20:00,capture_daily_dehumidifier_duty_kwh,accumulator,input_number.dehumidifier_duty_day_3,7.8,2026-08-29T03:59:30.117284+00:00
2026-08-29T00:20:00,capture_daily_dehumidifier_duty_kwh,accumulator,input_number.dehumidifier_duty_day_4,8.3,2026-08-29T03:59:30.115168+00:00
2026-08-29T00:20:00,capture_daily_dehumidifier_duty_kwh,accumulator,input_number.dehumidifier_duty_day_5,8.1,2026-08-29T03:59:30.111261+00:00
2026-08-29T00:20:00,capture_daily_dehumidifier_duty_kwh,accumulator,input_number.dehumidifier_duty_day_6,9.1,2026-08-29T03:59:30.108625+00:00
2026-08-29T00:20:00,capture_daily_dehumidifier_duty_kwh,accumulator,input_number.dehumidifier_duty_day_7,8.0,2026-08-29T03:59:30.102551+00:00
2026-08-29T00:20:00,capture_daily_dehumidifier_duty_kwh,accumulator,input_number.dehumidifier_kwh_day_1,0.869,2026-08-29T03:59:30.133520+00:00
2026-08-29T00:20:00,capture_daily_dehumidifier_duty_kwh,accumulator,input_number.dehumidifier_kwh_day_2,0.892,2026-08-29T03:59:30.132932+00:00
2026-08-29T00:20:00,capture_daily_dehumidifier_duty_kwh,accumulator,input_number.dehumidifier_kwh_day_3,0.87,2026-08-29T03:59:30.132272+00:00
2026-08-29T00:20:00,capture_daily_dehumidifier_duty_kwh,accumulator,input_number.dehumidifier_kwh_day_4,0.926,2026-08-29T03:59:30.131513+00:00
2026-08-29T00:20:00,capture_daily_dehumidifier_duty_kwh,accumulator,input_number.dehumidifier_kwh_day_5,0.908,2026-08-29T03:59:30.130609+00:00
2026-08-29T00:20:00,capture_daily_dehumidifier_duty_kwh,accumulator,input_number.dehumidifier_kwh_day_6,1.022,2026-08-29T03:59:30.129371+00:00
2026-08-29T00:20:00,capture_daily_dehumidifier_duty_kwh,accumulator,input_number.dehumidifier_kwh_day_7,0.893,2026-08-29T03:59:30.125827+00:00
2026-08-29T00:20:00,capture_daily_dehumidifier_duty_kwh,accumulator,input_datetime.dehumidifier_duty_kwh_capture_last_ok,2026-08-28 23:59:30,2026-08-29T03:59:30.136005+00:00
2026-08-29T00:20:00,capture_daily_dehumidifier_watts,spc,input_number.dehumidifier_running_watts_day_1,464.4,2026-08-29T03:59:00.452175+00:00
2026-08-29T00:20:00,capture_daily_dehumidifier_watts,spc,input_number.dehumidifier_running_watts_day_2,464.8,2026-08-29T03:59:00.448202+00:00
2026-08-29T00:20:00,capture_daily_dehumidifier_watts,spc,input_number.dehumidifier_running_watts_day_3,465.4,2026-08-29T03:59:00.439353+00:00
2026-08-29T00:20:00,capture_daily_dehumidifier_watts,spc,input_number.dehumidifier_running_watts_day_4,468.1,2026-08-29T03:59:00.431589+00:00
2026-08-29T00:20:00,capture_daily_dehumidifier_watts,spc,input_number.dehumidifier_running_watts_day_5,466.2,2026-08-29T03:59:00.419228+00:00
2026-08-29T00:20:00,capture_daily_dehumidifier_watts,spc,input_number.dehumidifier_running_watts_day_6,466.9,2026-08-29T03:59:00.407489+00:00
2026-08-29T00:20:00,capture_daily_dehumidifier_watts,spc,input_number.dehumidifier_running_watts_day_7,468.7,2026-08-29T03:59:00.399940+00:00
2026-08-29T00:20:00,capture_daily_dehumidifier_watts,spc,input_datetime.dehumidifier_spc_last_capture,2026-08-28,2026-08-29T03:59:00.453552+00:00
2026-08-29T00:20:00,capture_daily_dehumidifier_watts,spc,input_datetime.dehumidifier_spc_last_seed,2026-08-21,2026-08-26T02:17:29.189767+00:00
2026-08-29T00:20:00,capture_daily_fridge_watts,spc,input_number.fridge_running_watts_day_1,112.9,2026-08-29T03:59:00.285075+00:00
2026-08-29T00:20:00,capture_daily_fridge_watts,spc,input_number.fridge_running_watts_day_2,123.6,2026-08-29T03:59:00.283619+00:00
2026-08-29T00:20:00,capture_daily_fridge_watts,spc,input_number.fridge_running_watts_day_3,112.5,2026-08-29T03:59:00.282042+00:00
2026-08-29T00:20:00,capture_daily_fridge_watts,spc,input_number.fridge_running_watts_day_4,114.8,2026-08-29T03:59:00.279688+00:00
2026-08-29T00:20:00,capture_daily_fridge_watts,spc,input_number.fridge_running_watts_day_5,123.7,2026-08-29T03:59:00.278223+00:00
2026-08-29T00:20:00,capture_daily_fridge_watts,spc,input_number.fridge_running_watts_day_6,113.4,2026-08-29T03:59:00.276749+00:00
2026-08-29T00:20:00,capture_daily_fridge_watts,spc,input_number.fridge_running_watts_day_7,123.5,2026-08-29T03:59:00.274760+00:00
2026-08-29T00:20:00,capture_daily_fridge_watts,spc,input_datetime.fridge_spc_last_capture,2026-08-28,2026-08-29T03:59:00.291367+00:00
2026-08-29T00:20:00,capture_daily_fridge_watts,spc,input_datetime.fridge_spc_last_seed,2026-08-21,2026-08-26T02:17:29.189298+00:00
2026-08-29T00:20:00,capture_daily_furnace_min_per_cycle,accumulator,input_number.furnace_min_per_cycle_day_1,0.0,2026-08-26T02:17:29.206008+00:00
2026-08-29T00:20:00,capture_daily_furnace_min_per_cycle,accumulator,input_number.furnace_min_per_cycle_day_2,0.0,2026-08-26T02:17:29.206088+00:00
2026-08-29T00:20:00,capture_daily_furnace_min_per_cycle,accumulator,input_number.furnace_min_per_cycle_day_3,0.0,2026-08-26T02:17:29.206171+00:00
2026-08-29T00:20:00,capture_daily_furnace_min_per_cycle,accumulator,input_number.furnace_min_per_cycle_day_4,0.0,2026-08-26T02:17:29.206253+00:00
2026-08-29T00:20:00,capture_daily_furnace_min_per_cycle,accumulator,input_number.furnace_min_per_cycle_day_5,0.0,2026-08-26T02:17:29.206336+00:00
2026-08-29T00:20:00,capture_daily_furnace_min_per_cycle,accumulator,input_number.furnace_min_per_cycle_day_6,0.0,2026-08-26T02:17:29.206415+00:00
2026-08-29T00:20:00,capture_daily_furnace_min_per_cycle,accumulator,input_number.furnace_min_per_cycle_day_7,0.0,2026-08-26T02:17:29.206494+00:00
2026-08-29T00:20:00,capture_daily_furnace_min_per_cycle,accumulator,input_datetime.furnace_cycle_capture_last_ok,1970-01-01 00:00:00,2026-08-26T02:17:29.188166+00:00
2026-08-29T00:20:00,capture_daily_furnace_watts,spc,input_number.furnace_running_watts_day_1,771.0,2026-08-29T03:59:00.095503+00:00
2026-08-29T00:20:00,capture_daily_furnace_watts,spc,input_number.furnace_running_watts_day_2,772.3,2026-08-29T03:59:00.094717+00:00
2026-08-29T00:20:00,capture_daily_furnace_watts,spc,input_number.furnace_running_watts_day_3,772.7,2026-08-29T03:59:00.091941+00:00
2026-08-29T00:20:00,capture_daily_furnace_watts,spc,input_number.furnace_running_watts_day_4,770.3,2026-08-29T03:59:00.089793+00:00
2026-08-29T00:20:00,capture_daily_furnace_watts,spc,input_number.furnace_running_watts_day_5,771.2,2026-08-29T03:59:00.084915+00:00
2026-08-29T00:20:00,capture_daily_furnace_watts,spc,input_number.furnace_running_watts_day_6,768.0,2026-08-29T03:59:00.075593+00:00
2026-08-29T00:20:00,capture_daily_furnace_watts,spc,input_number.furnace_running_watts_day_7,774.2,2026-08-29T03:59:00.061305+00:00
2026-08-29T00:20:00,capture_daily_furnace_watts,spc,input_datetime.furnace_spc_last_capture,2026-08-28,2026-08-29T03:59:00.097969+00:00
2026-08-29T00:20:00,capture_daily_furnace_watts,spc,input_datetime.furnace_spc_last_seed,2026-08-21,2026-08-26T02:17:29.189424+00:00
2026-08-29T00:20:00,capture_daily_hdd,accumulator,input_number.hdd_day_1,0.0,2026-08-26T02:17:29.203496+00:00
2026-08-29T00:20:00,capture_daily_hdd,accumulator,input_number.hdd_day_2,0.0,2026-08-26T02:17:29.203572+00:00
2026-08-29T00:20:00,capture_daily_hdd,accumulator,input_number.hdd_day_3,0.0,2026-08-26T02:17:29.203649+00:00
2026-08-29T00:20:00,capture_daily_hdd,accumulator,input_number.hdd_day_4,0.0,2026-08-26T02:17:29.203727+00:00
2026-08-29T00:20:00,capture_daily_hdd,accumulator,input_number.hdd_day_5,0.0,2026-08-26T02:17:29.203804+00:00
2026-08-29T00:20:00,capture_daily_hdd,accumulator,input_number.hdd_day_6,0.0,2026-08-26T02:17:29.203878+00:00
2026-08-29T00:20:00,capture_daily_hdd,accumulator,input_number.hdd_day_7,0.0,2026-08-26T02:17:29.203966+00:00
2026-08-29T00:20:00,capture_daily_hdd,accumulator,input_datetime.hdd_capture_last_ok,2026-08-28 23:55:00,2026-08-29T03:55:00.360059+00:00
2026-08-29T00:20:00,capture_daily_hwh_recirc_watts,spc,input_number.hwh_recirc_running_watts_day_1,106.5,2026-08-29T03:59:00.108374+00:00
2026-08-29T00:20:00,capture_daily_hwh_recirc_watts,spc,input_number.hwh_recirc_running_watts_day_2,108.1,2026-08-28T03:59:00.099460+00:00
2026-08-29T00:20:00,capture_daily_hwh_recirc_watts,spc,input_number.hwh_recirc_running_watts_day_3,108.1,2026-08-29T03:59:00.107369+00:00
2026-08-29T00:20:00,capture_daily_hwh_recirc_watts,spc,input_number.hwh_recirc_running_watts_day_4,108.5,2026-08-29T03:59:00.104491+00:00
2026-08-29T00:20:00,capture_daily_hwh_recirc_watts,spc,input_number.hwh_recirc_running_watts_day_5,107.6,2026-08-29T03:59:00.103114+00:00
2026-08-29T00:20:00,capture_daily_hwh_recirc_watts,spc,input_number.hwh_recirc_running_watts_day_6,108.7,2026-08-29T03:59:00.101545+00:00
2026-08-29T00:20:00,capture_daily_hwh_recirc_watts,spc,input_number.hwh_recirc_running_watts_day_7,109.5,2026-08-28T03:59:00.088903+00:00
2026-08-29T00:20:00,capture_daily_hwh_recirc_watts,spc,input_datetime.hwh_recirc_spc_last_capture,2026-08-28,2026-08-29T03:59:00.110011+00:00
2026-08-29T00:20:00,capture_daily_hwh_recirc_watts,spc,input_datetime.hwh_recirc_spc_last_seed,2026-08-21,2026-08-26T02:17:29.189652+00:00
2026-08-29T00:20:00,capture_daily_monthly_tracking,accumulator,input_number.ac_cycles_month_acc,158.0,2026-08-29T03:56:30.175031+00:00
2026-08-29T00:20:00,capture_daily_monthly_tracking,accumulator,input_number.ac_cycles_year_acc,609.0,2026-08-29T03:56:30.177556+00:00
2026-08-29T00:20:00,capture_daily_monthly_tracking,accumulator,input_number.ac_runtime_month_acc,65.15,2026-08-29T03:56:30.174012+00:00
2026-08-29T00:20:00,capture_daily_monthly_tracking,accumulator,input_number.ac_runtime_year_acc,274.48,2026-08-29T03:56:30.177241+00:00
2026-08-29T00:20:00,capture_daily_monthly_tracking,accumulator,input_number.cdd_cumulative_month_auto,202.3,2026-08-29T03:56:30.164345+00:00
2026-08-29T00:20:00,capture_daily_monthly_tracking,accumulator,input_number.cdd_cumulative_year_auto,611.4,2026-08-29T03:56:30.166140+00:00
2026-08-29T00:20:00,capture_daily_monthly_tracking,accumulator,input_number.expected_runtime_sum_month,0.0,2026-08-26T02:17:29.207702+00:00
2026-08-29T00:20:00,capture_daily_monthly_tracking,accumulator,input_number.furnace_cycles_month_acc,0.0,2026-08-26T02:17:29.207856+00:00
2026-08-29T00:20:00,capture_daily_monthly_tracking,accumulator,input_number.furnace_runtime_month_acc,0.0,2026-08-26T02:17:29.207781+00:00
2026-08-29T00:20:00,capture_daily_monthly_tracking,accumulator,input_number.hdd_cumulative_month_auto,0.0,2026-08-26T02:17:29.207127+00:00
2026-08-29T00:20:00,capture_daily_monthly_tracking,accumulator,input_number.hdd_cumulative_year_auto,3726.9,2026-08-26T02:17:29.207206+00:00
2026-08-29T00:20:00,capture_daily_monthly_tracking,accumulator,input_number.outdoor_temp_days_month,28.0,2026-08-29T03:56:30.169506+00:00
2026-08-29T00:20:00,capture_daily_monthly_tracking,accumulator,input_number.outdoor_temp_sum_month,2027.4,2026-08-29T03:56:30.168507+00:00
2026-08-29T00:20:00,capture_daily_monthly_tracking,accumulator,input_number.zone_1f_cool_cycles_month_acc,0.0,2026-08-26T02:17:29.208559+00:00
2026-08-29T00:20:00,capture_daily_monthly_tracking,accumulator,input_number.zone_1f_cool_runtime_month_acc,0.0,2026-08-26T02:17:29.208404+00:00
2026-08-29T00:20:00,capture_daily_monthly_tracking,accumulator,input_number.zone_1f_cycles_month_acc,0.0,2026-08-26T02:17:29.208089+00:00
2026-08-29T00:20:00,capture_daily_monthly_tracking,accumulator,input_number.zone_1f_runtime_month_acc,0.0,2026-08-26T02:17:29.207937+00:00
2026-08-29T00:20:00,capture_daily_monthly_tracking,accumulator,input_number.zone_2f_cool_cycles_month_acc,158.0,2026-08-29T03:56:30.176721+00:00
2026-08-29T00:20:00,capture_daily_monthly_tracking,accumulator,input_number.zone_2f_cool_runtime_month_acc,65.15,2026-08-29T03:56:30.175896+00:00
2026-08-29T00:20:00,capture_daily_monthly_tracking,accumulator,input_number.zone_2f_cycles_month_acc,0.0,2026-08-26T02:17:29.208164+00:00
2026-08-29T00:20:00,capture_daily_monthly_tracking,accumulator,input_number.zone_2f_runtime_month_acc,0.0,2026-08-26T02:17:29.208016+00:00
2026-08-29T00:20:00,capture_daily_monthly_tracking,accumulator,input_datetime.monthly_tracking_capture_last_ok,2026-08-28 23:56:30,2026-08-29T03:56:30.154848+00:00
2026-08-29T00:20:00,capture_daily_runtime_per_cdd,accumulator,input_number.runtime_per_cdd_day_1,21.8,2026-08-29T03:56:45.253360+00:00
2026-08-29T00:20:00,capture_daily_runtime_per_cdd,accumulator,input_number.runtime_per_cdd_day_2,20.1,2026-08-29T03:56:45.251167+00:00
2026-08-29T00:20:00,capture_daily_runtime_per_cdd,accumulator,input_number.runtime_per_cdd_day_3,37.6,2026-08-29T03:56:45.246732+00:00
2026-08-29T00:20:00,capture_daily_runtime_per_cdd,accumulator,input_number.runtime_per_cdd_day_4,30.3,2026-08-29T03:56:45.234207+00:00
2026-08-29T00:20:00,capture_daily_runtime_per_cdd,accumulator,input_number.runtime_per_cdd_day_5,48.2,2026-08-29T03:56:45.216736+00:00
2026-08-29T00:20:00,capture_daily_runtime_per_cdd,accumulator,input_number.runtime_per_cdd_day_6,20.9,2026-08-29T03:56:45.205606+00:00
2026-08-29T00:20:00,capture_daily_runtime_per_cdd,accumulator,input_number.runtime_per_cdd_day_7,17.6,2026-08-29T03:56:45.195849+00:00
2026-08-29T00:20:00,capture_daily_runtime_per_cdd,accumulator,input_datetime.runtime_per_cdd_capture_last_ok,2026-08-28 23:56:45,2026-08-29T03:56:45.258383+00:00
2026-08-29T00:20:00,capture_daily_runtime_per_hdd,accumulator,input_number.runtime_per_hdd_day_1,0.0,2026-08-26T02:17:29.204044+00:00
2026-08-29T00:20:00,capture_daily_runtime_per_hdd,accumulator,input_number.runtime_per_hdd_day_2,0.0,2026-08-26T02:17:29.204126+00:00
2026-08-29T00:20:00,capture_daily_runtime_per_hdd,accumulator,input_number.runtime_per_hdd_day_3,0.0,2026-08-26T02:17:29.204202+00:00
2026-08-29T00:20:00,capture_daily_runtime_per_hdd,accumulator,input_number.runtime_per_hdd_day_4,0.0,2026-08-26T02:17:29.204280+00:00
2026-08-29T00:20:00,capture_daily_runtime_per_hdd,accumulator,input_number.runtime_per_hdd_day_5,0.0,2026-08-26T02:17:29.204361+00:00
2026-08-29T00:20:00,capture_daily_runtime_per_hdd,accumulator,input_number.runtime_per_hdd_day_6,0.0,2026-08-26T02:17:29.204437+00:00
2026-08-29T00:20:00,capture_daily_runtime_per_hdd,accumulator,input_number.runtime_per_hdd_day_7,0.0,2026-08-26T02:17:29.204586+00:00
2026-08-29T00:20:00,capture_daily_runtime_per_hdd,accumulator,input_datetime.runtime_per_hdd_capture_last_ok,2026-08-28 23:56:00,2026-08-29T03:56:00.391844+00:00
2026-08-29T00:20:00,capture_daily_water_overnight,leak,input_number.water_overnight_min_day_1,0.0,2026-08-28T09:00:45.186104+00:00
2026-08-29T00:20:00,capture_daily_water_overnight,leak,input_number.water_overnight_min_day_2,0.1,2026-08-28T09:00:45.184000+00:00
2026-08-29T00:20:00,capture_daily_water_overnight,leak,input_number.water_overnight_min_day_3,0.0,2026-08-26T02:17:29.262358+00:00
2026-08-29T00:20:00,capture_daily_water_overnight,leak,input_number.water_overnight_min_day_4,0.0,2026-08-26T09:00:45.176381+00:00
2026-08-29T00:20:00,capture_daily_water_overnight,leak,input_number.water_overnight_min_day_5,0.0,2026-08-27T09:00:45.161812+00:00
2026-08-29T00:20:00,capture_daily_water_overnight,leak,input_number.water_overnight_min_day_6,0.0,2026-08-28T09:00:45.172423+00:00
2026-08-29T00:20:00,capture_daily_water_overnight,leak,input_number.water_overnight_min_day_7,-1.0,2026-08-26T02:17:29.262781+00:00
2026-08-29T00:20:00,capture_daily_water_overnight,leak,input_datetime.water_overnight_capture_last_ok,2026-08-28 05:00:45,2026-08-28T09:00:45.187784+00:00
2026-08-30T00:20:00,archive_monthly_cdd,accumulator,input_datetime.cdd_archive_last_ok,2026-08-21 00:00:00,2026-08-29T19:42:17.145195+00:00
2026-08-30T00:20:00,archive_monthly_gas_heat_cost,accumulator,input_datetime.gas_heat_cost_archive_last_ok,2026-08-27 15:32:37,2026-08-29T19:42:17.145295+00:00
2026-08-30T00:20:00,archive_monthly_hdd,accumulator,input_datetime.hdd_archive_last_ok,2026-08-21 00:00:00,2026-08-29T19:42:17.145091+00:00
2026-08-30T00:20:00,capture_daily_ac_cost,accumulator,input_number.ac_cost_year_acc,177.06,2026-08-29T19:42:17.345014+00:00
2026-08-30T00:20:00,capture_daily_ac_cost,accumulator,input_datetime.ac_cost_capture_last_ok,2026-08-29 23:59:45,2026-08-30T03:59:45.117466+00:00
2026-08-30T00:20:00,capture_daily_ac_min_per_cycle,accumulator,input_number.ac_min_per_cycle_day_1,24.5,2026-08-29T19:42:17.327726+00:00
2026-08-30T00:20:00,capture_daily_ac_min_per_cycle,accumulator,input_number.ac_min_per_cycle_day_2,17.8,2026-08-29T19:42:17.327807+00:00
2026-08-30T00:20:00,capture_daily_ac_min_per_cycle,accumulator,input_number.ac_min_per_cycle_day_3,19.7,2026-08-29T19:42:17.327886+00:00
2026-08-30T00:20:00,capture_daily_ac_min_per_cycle,accumulator,input_number.ac_min_per_cycle_day_4,20.6,2026-08-29T19:42:17.327973+00:00
2026-08-30T00:20:00,capture_daily_ac_min_per_cycle,accumulator,input_number.ac_min_per_cycle_day_5,19.3,2026-08-29T19:42:17.328061+00:00
2026-08-30T00:20:00,capture_daily_ac_min_per_cycle,accumulator,input_number.ac_min_per_cycle_day_6,20.9,2026-08-29T19:42:17.328144+00:00
2026-08-30T00:20:00,capture_daily_ac_min_per_cycle,accumulator,input_number.ac_min_per_cycle_day_7,10.0,2026-08-29T19:42:17.328229+00:00
2026-08-30T00:20:00,capture_daily_ac_min_per_cycle,accumulator,input_datetime.ac_min_per_cycle_capture_last_ok,1970-01-01 00:00:00,2026-08-30T03:55:30.456568+00:00
2026-08-30T00:20:00,capture_daily_ac_watts,spc,input_number.ac_running_watts_day_1,2513.7,2026-08-29T19:42:17.350430+00:00
2026-08-30T00:20:00,capture_daily_ac_watts,spc,input_number.ac_running_watts_day_2,2425.6,2026-08-29T19:42:17.350517+00:00
2026-08-30T00:20:00,capture_daily_ac_watts,spc,input_number.ac_running_watts_day_3,2411.9,2026-08-29T19:42:17.350604+00:00
2026-08-30T00:20:00,capture_daily_ac_watts,spc,input_number.ac_running_watts_day_4,2317.0,2026-08-29T19:42:17.350687+00:00
2026-08-30T00:20:00,capture_daily_ac_watts,spc,input_number.ac_running_watts_day_5,2419.8,2026-08-29T19:42:17.350764+00:00
2026-08-30T00:20:00,capture_daily_ac_watts,spc,input_number.ac_running_watts_day_6,2439.4,2026-08-29T19:42:17.350845+00:00
2026-08-30T00:20:00,capture_daily_ac_watts,spc,input_number.ac_running_watts_day_7,2357.4,2026-08-29T19:42:17.350922+00:00
2026-08-30T00:20:00,capture_daily_ac_watts,spc,input_datetime.ac_spc_last_capture,2026-08-28,2026-08-29T19:42:17.146463+00:00
2026-08-30T00:20:00,capture_daily_ac_watts,spc,input_datetime.ac_spc_last_seed,2026-08-21,2026-08-29T19:42:17.147033+00:00
2026-08-30T00:20:00,capture_daily_cdd,accumulator,input_number.cdd_day_1,2.6,2026-08-30T03:55:15.221310+00:00
2026-08-30T00:20:00,capture_daily_cdd,accumulator,input_number.cdd_day_2,9.0,2026-08-30T03:55:15.218160+00:00
2026-08-30T00:20:00,capture_daily_cdd,accumulator,input_number.cdd_day_3,6.2,2026-08-30T03:55:15.216204+00:00
2026-08-30T00:20:00,capture_daily_cdd,accumulator,input_number.cdd_day_4,4.2,2026-08-30T03:55:15.214396+00:00
2026-08-30T00:20:00,capture_daily_cdd,accumulator,input_number.cdd_day_5,2.1,2026-08-30T03:55:15.207244+00:00
2026-08-30T00:20:00,capture_daily_cdd,accumulator,input_number.cdd_day_6,3.6,2026-08-30T03:55:15.203206+00:00
2026-08-30T00:20:00,capture_daily_cdd,accumulator,input_number.cdd_day_7,5.0,2026-08-30T03:55:15.198666+00:00
2026-08-30T00:20:00,capture_daily_cdd,accumulator,input_datetime.cdd_capture_last_ok,2026-08-29 23:55:15,2026-08-30T03:55:15.224201+00:00
2026-08-30T00:20:00,capture_daily_cooling_kwh_cdd,spc,input_number.cooling_kwh_cdd_day_1,0.91,2026-08-29T19:42:17.352499+00:00
2026-08-30T00:20:00,capture_daily_cooling_kwh_cdd,spc,input_number.cooling_kwh_cdd_day_2,0.82,2026-08-29T19:42:17.352586+00:00
2026-08-30T00:20:00,capture_daily_cooling_kwh_cdd,spc,input_number.cooling_kwh_cdd_day_3,1.52,2026-08-29T19:42:17.352664+00:00
2026-08-30T00:20:00,capture_daily_cooling_kwh_cdd,spc,input_number.cooling_kwh_cdd_day_4,1.21,2026-08-29T19:42:17.352741+00:00
2026-08-30T00:20:00,capture_daily_cooling_kwh_cdd,spc,input_number.cooling_kwh_cdd_day_5,1.94,2026-08-29T19:42:17.352828+00:00
2026-08-30T00:20:00,capture_daily_cooling_kwh_cdd,spc,input_number.cooling_kwh_cdd_day_6,0.85,2026-08-29T19:42:17.352905+00:00
2026-08-30T00:20:00,capture_daily_cooling_kwh_cdd,spc,input_number.cooling_kwh_cdd_day_7,0.7,2026-08-29T19:42:17.352981+00:00
2026-08-30T00:20:00,capture_daily_cooling_kwh_cdd,spc,input_datetime.cooling_kwh_cdd_spc_last_capture,2026-08-28,2026-08-29T19:42:17.147382+00:00
2026-08-30T00:20:00,capture_daily_dehumidifier_cost,accumulator,input_number.dehumidifier_cost_year_acc,51.44,2026-08-30T03:59:30.342391+00:00
2026-08-30T00:20:00,capture_daily_dehumidifier_cost,accumulator,input_datetime.dehumidifier_cost_capture_last_ok,2026-08-29 23:59:30,2026-08-30T03:59:30.343123+00:00
2026-08-30T00:20:00,capture_daily_dehumidifier_duty_kwh,accumulator,input_number.dehumidifier_duty_day_1,6.8,2026-08-30T03:59:30.400257+00:00
2026-08-30T00:20:00,capture_daily_dehumidifier_duty_kwh,accumulator,input_number.dehumidifier_duty_day_2,7.8,2026-08-30T03:59:30.398932+00:00
2026-08-30T00:20:00,capture_daily_dehumidifier_duty_kwh,accumulator,input_number.dehumidifier_duty_day_3,8.0,2026-08-30T03:59:30.396158+00:00
2026-08-30T00:20:00,capture_daily_dehumidifier_duty_kwh,accumulator,input_number.dehumidifier_duty_day_4,7.8,2026-08-30T03:59:30.394832+00:00
2026-08-30T00:20:00,capture_daily_dehumidifier_duty_kwh,accumulator,input_number.dehumidifier_duty_day_5,8.3,2026-08-30T03:59:30.393443+00:00
2026-08-30T00:20:00,capture_daily_dehumidifier_duty_kwh,accumulator,input_number.dehumidifier_duty_day_6,8.1,2026-08-30T03:59:30.391392+00:00
2026-08-30T00:20:00,capture_daily_dehumidifier_duty_kwh,accumulator,input_number.dehumidifier_duty_day_7,9.1,2026-08-30T03:59:30.389008+00:00
2026-08-30T00:20:00,capture_daily_dehumidifier_duty_kwh,accumulator,input_number.dehumidifier_kwh_day_1,0.759,2026-08-30T03:59:30.411062+00:00
2026-08-30T00:20:00,capture_daily_dehumidifier_duty_kwh,accumulator,input_number.dehumidifier_kwh_day_2,0.869,2026-08-30T03:59:30.410367+00:00
2026-08-30T00:20:00,capture_daily_dehumidifier_duty_kwh,accumulator,input_number.dehumidifier_kwh_day_3,0.892,2026-08-30T03:59:30.409318+00:00
2026-08-30T00:20:00,capture_daily_dehumidifier_duty_kwh,accumulator,input_number.dehumidifier_kwh_day_4,0.87,2026-08-30T03:59:30.408450+00:00
2026-08-30T00:20:00,capture_daily_dehumidifier_duty_kwh,accumulator,input_number.dehumidifier_kwh_day_5,0.926,2026-08-30T03:59:30.407420+00:00
2026-08-30T00:20:00,capture_daily_dehumidifier_duty_kwh,accumulator,input_number.dehumidifier_kwh_day_6,0.908,2026-08-30T03:59:30.405708+00:00
2026-08-30T00:20:00,capture_daily_dehumidifier_duty_kwh,accumulator,input_number.dehumidifier_kwh_day_7,1.022,2026-08-30T03:59:30.402087+00:00
2026-08-30T00:20:00,capture_daily_dehumidifier_duty_kwh,accumulator,input_datetime.dehumidifier_duty_kwh_capture_last_ok,2026-08-29 23:59:30,2026-08-30T03:59:30.412082+00:00
2026-08-30T00:20:00,capture_daily_dehumidifier_watts,spc,input_number.dehumidifier_running_watts_day_1,466.4,2026-08-30T03:59:00.322679+00:00
2026-08-30T00:20:00,capture_daily_dehumidifier_watts,spc,input_number.dehumidifier_running_watts_day_2,464.4,2026-08-30T03:59:00.321169+00:00
2026-08-30T00:20:00,capture_daily_dehumidifier_watts,spc,input_number.dehumidifier_running_watts_day_3,464.8,2026-08-30T03:59:00.318401+00:00
2026-08-30T00:20:00,capture_daily_dehumidifier_watts,spc,input_number.dehumidifier_running_watts_day_4,465.4,2026-08-30T03:59:00.316713+00:00
2026-08-30T00:20:00,capture_daily_dehumidifier_watts,spc,input_number.dehumidifier_running_watts_day_5,468.1,2026-08-30T03:59:00.314830+00:00
2026-08-30T00:20:00,capture_daily_dehumidifier_watts,spc,input_number.dehumidifier_running_watts_day_6,466.2,2026-08-30T03:59:00.313010+00:00
2026-08-30T00:20:00,capture_daily_dehumidifier_watts,spc,input_number.dehumidifier_running_watts_day_7,466.9,2026-08-30T03:59:00.309430+00:00
2026-08-30T00:20:00,capture_daily_dehumidifier_watts,spc,input_datetime.dehumidifier_spc_last_capture,2026-08-29,2026-08-30T03:59:00.325303+00:00
2026-08-30T00:20:00,capture_daily_dehumidifier_watts,spc,input_datetime.dehumidifier_spc_last_seed,2026-08-21,2026-08-29T19:42:17.147272+00:00
2026-08-30T00:20:00,capture_daily_fridge_watts,spc,input_number.fridge_running_watts_day_1,124.6,2026-08-30T03:59:00.388269+00:00
2026-08-30T00:20:00,capture_daily_fridge_watts,spc,input_number.fridge_running_watts_day_2,112.9,2026-08-30T03:59:00.385956+00:00
2026-08-30T00:20:00,capture_daily_fridge_watts,spc,input_number.fridge_running_watts_day_3,123.6,2026-08-30T03:59:00.383821+00:00
2026-08-30T00:20:00,capture_daily_fridge_watts,spc,input_number.fridge_running_watts_day_4,112.5,2026-08-30T03:59:00.381011+00:00
2026-08-30T00:20:00,capture_daily_fridge_watts,spc,input_number.fridge_running_watts_day_5,114.8,2026-08-30T03:59:00.376361+00:00
2026-08-30T00:20:00,capture_daily_fridge_watts,spc,input_number.fridge_running_watts_day_6,123.7,2026-08-30T03:59:00.374557+00:00
2026-08-30T00:20:00,capture_daily_fridge_watts,spc,input_number.fridge_running_watts_day_7,113.4,2026-08-30T03:59:00.372767+00:00
2026-08-30T00:20:00,capture_daily_fridge_watts,spc,input_datetime.fridge_spc_last_capture,2026-08-29,2026-08-30T03:59:00.390083+00:00
2026-08-30T00:20:00,capture_daily_fridge_watts,spc,input_datetime.fridge_spc_last_seed,2026-08-21,2026-08-29T19:42:17.146807+00:00
2026-08-30T00:20:00,capture_daily_furnace_min_per_cycle,accumulator,input_number.furnace_min_per_cycle_day_1,0.0,2026-08-29T19:42:17.327109+00:00
2026-08-30T00:20:00,capture_daily_furnace_min_per_cycle,accumulator,input_number.furnace_min_per_cycle_day_2,0.0,2026-08-29T19:42:17.327206+00:00
2026-08-30T00:20:00,capture_daily_furnace_min_per_cycle,accumulator,input_number.furnace_min_per_cycle_day_3,0.0,2026-08-29T19:42:17.327293+00:00
2026-08-30T00:20:00,capture_daily_furnace_min_per_cycle,accumulator,input_number.furnace_min_per_cycle_day_4,0.0,2026-08-29T19:42:17.327375+00:00
2026-08-30T00:20:00,capture_daily_furnace_min_per_cycle,accumulator,input_number.furnace_min_per_cycle_day_5,0.0,2026-08-29T19:42:17.327458+00:00
2026-08-30T00:20:00,capture_daily_furnace_min_per_cycle,accumulator,input_number.furnace_min_per_cycle_day_6,0.0,2026-08-29T19:42:17.327547+00:00
2026-08-30T00:20:00,capture_daily_furnace_min_per_cycle,accumulator,input_number.furnace_min_per_cycle_day_7,0.0,2026-08-29T19:42:17.327638+00:00
2026-08-30T00:20:00,capture_daily_furnace_min_per_cycle,accumulator,input_datetime.furnace_cycle_capture_last_ok,1970-01-01 00:00:00,2026-08-29T19:42:17.145719+00:00
2026-08-30T00:20:00,capture_daily_furnace_watts,spc,input_number.furnace_running_watts_day_1,771.0,2026-08-29T19:42:17.349693+00:00
2026-08-30T00:20:00,capture_daily_furnace_watts,spc,input_number.furnace_running_watts_day_2,772.3,2026-08-29T19:42:17.349773+00:00
2026-08-30T00:20:00,capture_daily_furnace_watts,spc,input_number.furnace_running_watts_day_3,772.7,2026-08-29T19:42:17.349854+00:00
2026-08-30T00:20:00,capture_daily_furnace_watts,spc,input_number.furnace_running_watts_day_4,770.3,2026-08-29T19:42:17.349939+00:00
2026-08-30T00:20:00,capture_daily_furnace_watts,spc,input_number.furnace_running_watts_day_5,771.2,2026-08-29T19:42:17.350021+00:00
2026-08-30T00:20:00,capture_daily_furnace_watts,spc,input_number.furnace_running_watts_day_6,768.0,2026-08-29T19:42:17.350184+00:00
2026-08-30T00:20:00,capture_daily_furnace_watts,spc,input_number.furnace_running_watts_day_7,774.2,2026-08-29T19:42:17.350265+00:00
2026-08-30T00:20:00,capture_daily_furnace_watts,spc,input_datetime.furnace_spc_last_capture,2026-08-28,2026-08-29T19:42:17.146347+00:00
2026-08-30T00:20:00,capture_daily_furnace_watts,spc,input_datetime.furnace_spc_last_seed,2026-08-21,2026-08-29T19:42:17.146918+00:00
2026-08-30T00:20:00,capture_daily_hdd,accumulator,input_number.hdd_day_1,0.0,2026-08-29T19:42:17.160051+00:00
2026-08-30T00:20:00,capture_daily_hdd,accumulator,input_number.hdd_day_2,0.0,2026-08-29T19:42:17.160136+00:00
2026-08-30T00:20:00,capture_daily_hdd,accumulator,input_number.hdd_day_3,0.0,2026-08-29T19:42:17.160221+00:00
2026-08-30T00:20:00,capture_daily_hdd,accumulator,input_number.hdd_day_4,0.0,2026-08-29T19:42:17.324487+00:00
2026-08-30T00:20:00,capture_daily_hdd,accumulator,input_number.hdd_day_5,0.0,2026-08-29T19:42:17.324675+00:00
2026-08-30T00:20:00,capture_daily_hdd,accumulator,input_number.hdd_day_6,0.0,2026-08-29T19:42:17.324803+00:00
2026-08-30T00:20:00,capture_daily_hdd,accumulator,input_number.hdd_day_7,0.0,2026-08-29T19:42:17.324930+00:00
2026-08-30T00:20:00,capture_daily_hdd,accumulator,input_datetime.hdd_capture_last_ok,2026-08-29 23:55:00,2026-08-30T03:55:00.368998+00:00
2026-08-30T00:20:00,capture_daily_hwh_recirc_watts,spc,input_number.hwh_recirc_running_watts_day_1,107.9,2026-08-30T03:59:00.523323+00:00
2026-08-30T00:20:00,capture_daily_hwh_recirc_watts,spc,input_number.hwh_recirc_running_watts_day_2,106.5,2026-08-30T03:59:00.520274+00:00
2026-08-30T00:20:00,capture_daily_hwh_recirc_watts,spc,input_number.hwh_recirc_running_watts_day_3,108.1,2026-08-29T19:42:17.351240+00:00
2026-08-30T00:20:00,capture_daily_hwh_recirc_watts,spc,input_number.hwh_recirc_running_watts_day_4,108.1,2026-08-30T03:59:00.516947+00:00
2026-08-30T00:20:00,capture_daily_hwh_recirc_watts,spc,input_number.hwh_recirc_running_watts_day_5,108.5,2026-08-30T03:59:00.513492+00:00
2026-08-30T00:20:00,capture_daily_hwh_recirc_watts,spc,input_number.hwh_recirc_running_watts_day_6,107.6,2026-08-30T03:59:00.507610+00:00
2026-08-30T00:20:00,capture_daily_hwh_recirc_watts,spc,input_number.hwh_recirc_running_watts_day_7,108.7,2026-08-30T03:59:00.499999+00:00
2026-08-30T00:20:00,capture_daily_hwh_recirc_watts,spc,input_datetime.hwh_recirc_spc_last_capture,2026-08-29,2026-08-30T03:59:00.525822+00:00
2026-08-30T00:20:00,capture_daily_hwh_recirc_watts,spc,input_datetime.hwh_recirc_spc_last_seed,2026-08-21,2026-08-29T19:42:17.147157+00:00
2026-08-30T00:20:00,capture_daily_monthly_tracking,accumulator,input_number.ac_cycles_month_acc,158.0,2026-08-29T19:42:17.329588+00:00
2026-08-30T00:20:00,capture_daily_monthly_tracking,accumulator,input_number.ac_cycles_year_acc,609.0,2026-08-29T19:42:17.330106+00:00
2026-08-30T00:20:00,capture_daily_monthly_tracking,accumulator,input_number.ac_runtime_month_acc,65.15,2026-08-29T19:42:17.329492+00:00
2026-08-30T00:20:00,capture_daily_monthly_tracking,accumulator,input_number.ac_runtime_year_acc,274.48,2026-08-29T19:42:17.330019+00:00
2026-08-30T00:20:00,capture_daily_monthly_tracking,accumulator,input_number.cdd_cumulative_month_auto,204.9,2026-08-30T03:56:30.404361+00:00
2026-08-30T00:20:00,capture_daily_monthly_tracking,accumulator,input_number.cdd_cumulative_year_auto,614.0,2026-08-30T03:56:30.407042+00:00
2026-08-30T00:20:00,capture_daily_monthly_tracking,accumulator,input_number.expected_runtime_sum_month,0.0,2026-08-29T19:42:17.328845+00:00
2026-08-30T00:20:00,capture_daily_monthly_tracking,accumulator,input_number.furnace_cycles_month_acc,0.0,2026-08-29T19:42:17.329009+00:00
2026-08-30T00:20:00,capture_daily_monthly_tracking,accumulator,input_number.furnace_runtime_month_acc,0.0,2026-08-29T19:42:17.328930+00:00
2026-08-30T00:20:00,capture_daily_monthly_tracking,accumulator,input_number.hdd_cumulative_month_auto,0.0,2026-08-29T19:42:17.328317+00:00
2026-08-30T00:20:00,capture_daily_monthly_tracking,accumulator,input_number.hdd_cumulative_year_auto,3726.9,2026-08-29T19:42:17.328401+00:00
2026-08-30T00:20:00,capture_daily_monthly_tracking,accumulator,input_number.outdoor_temp_days_month,29.0,2026-08-30T03:56:30.410209+00:00
2026-08-30T00:20:00,capture_daily_monthly_tracking,accumulator,input_number.outdoor_temp_sum_month,2094.5,2026-08-30T03:56:30.409083+00:00
2026-08-30T00:20:00,capture_daily_monthly_tracking,accumulator,input_number.zone_1f_cool_cycles_month_acc,0.0,2026-08-29T19:42:17.329850+00:00
2026-08-30T00:20:00,capture_daily_monthly_tracking,accumulator,input_number.zone_1f_cool_runtime_month_acc,0.0,2026-08-29T19:42:17.329679+00:00
2026-08-30T00:20:00,capture_daily_monthly_tracking,accumulator,input_number.zone_1f_cycles_month_acc,0.0,2026-08-29T19:42:17.329250+00:00
2026-08-30T00:20:00,capture_daily_monthly_tracking,accumulator,input_number.zone_1f_runtime_month_acc,0.0,2026-08-29T19:42:17.329088+00:00
2026-08-30T00:20:00,capture_daily_monthly_tracking,accumulator,input_number.zone_2f_cool_cycles_month_acc,158.0,2026-08-29T19:42:17.329935+00:00
2026-08-30T00:20:00,capture_daily_monthly_tracking,accumulator,input_number.zone_2f_cool_runtime_month_acc,65.15,2026-08-29T19:42:17.329768+00:00
2026-08-30T00:20:00,capture_daily_monthly_tracking,accumulator,input_number.zone_2f_cycles_month_acc,0.0,2026-08-29T19:42:17.329338+00:00
2026-08-30T00:20:00,capture_daily_monthly_tracking,accumulator,input_number.zone_2f_runtime_month_acc,0.0,2026-08-29T19:42:17.329166+00:00
2026-08-30T00:20:00,capture_daily_monthly_tracking,accumulator,input_datetime.monthly_tracking_capture_last_ok,2026-08-29 23:56:30,2026-08-30T03:56:30.391141+00:00
2026-08-30T00:20:00,capture_daily_runtime_per_cdd,accumulator,input_number.runtime_per_cdd_day_1,0.0,2026-08-30T03:56:45.396793+00:00
2026-08-30T00:20:00,capture_daily_runtime_per_cdd,accumulator,input_number.runtime_per_cdd_day_2,21.8,2026-08-30T03:56:45.393631+00:00
2026-08-30T00:20:00,capture_daily_runtime_per_cdd,accumulator,input_number.runtime_per_cdd_day_3,20.1,2026-08-30T03:56:45.389971+00:00
2026-08-30T00:20:00,capture_daily_runtime_per_cdd,accumulator,input_number.runtime_per_cdd_day_4,37.6,2026-08-30T03:56:45.381717+00:00
2026-08-30T00:20:00,capture_daily_runtime_per_cdd,accumulator,input_number.runtime_per_cdd_day_5,30.3,2026-08-30T03:56:45.372700+00:00
2026-08-30T00:20:00,capture_daily_runtime_per_cdd,accumulator,input_number.runtime_per_cdd_day_6,48.2,2026-08-30T03:56:45.364432+00:00
2026-08-30T00:20:00,capture_daily_runtime_per_cdd,accumulator,input_number.runtime_per_cdd_day_7,20.9,2026-08-30T03:56:45.357197+00:00
2026-08-30T00:20:00,capture_daily_runtime_per_cdd,accumulator,input_datetime.runtime_per_cdd_capture_last_ok,2026-08-29 23:56:45,2026-08-30T03:56:45.400105+00:00
2026-08-30T00:20:00,capture_daily_runtime_per_hdd,accumulator,input_number.runtime_per_hdd_day_1,0.0,2026-08-29T19:42:17.325044+00:00
2026-08-30T00:20:00,capture_daily_runtime_per_hdd,accumulator,input_number.runtime_per_hdd_day_2,0.0,2026-08-29T19:42:17.325163+00:00
2026-08-30T00:20:00,capture_daily_runtime_per_hdd,accumulator,input_number.runtime_per_hdd_day_3,0.0,2026-08-29T19:42:17.325287+00:00
2026-08-30T00:20:00,capture_daily_runtime_per_hdd,accumulator,input_number.runtime_per_hdd_day_4,0.0,2026-08-29T19:42:17.325390+00:00
2026-08-30T00:20:00,capture_daily_runtime_per_hdd,accumulator,input_number.runtime_per_hdd_day_5,0.0,2026-08-29T19:42:17.325491+00:00
2026-08-30T00:20:00,capture_daily_runtime_per_hdd,accumulator,input_number.runtime_per_hdd_day_6,0.0,2026-08-29T19:42:17.325604+00:00
2026-08-30T00:20:00,capture_daily_runtime_per_hdd,accumulator,input_number.runtime_per_hdd_day_7,0.0,2026-08-29T19:42:17.325714+00:00
2026-08-30T00:20:00,capture_daily_runtime_per_hdd,accumulator,input_datetime.runtime_per_hdd_capture_last_ok,2026-08-29 23:56:00,2026-08-30T03:56:00.521592+00:00
2026-08-30T00:20:00,capture_daily_water_overnight,leak,input_number.water_overnight_min_day_1,0.0,2026-08-29T19:42:17.354320+00:00
2026-08-30T00:20:00,capture_daily_water_overnight,leak,input_number.water_overnight_min_day_2,0.0,2026-08-29T19:42:17.354399+00:00
2026-08-30T00:20:00,capture_daily_water_overnight,leak,input_number.water_overnight_min_day_3,0.1,2026-08-29T19:42:17.354479+00:00
2026-08-30T00:20:00,capture_daily_water_overnight,leak,input_number.water_overnight_min_day_4,0.0,2026-08-29T19:42:17.354578+00:00
2026-08-30T00:20:00,capture_daily_water_overnight,leak,input_number.water_overnight_min_day_5,0.0,2026-08-29T19:42:17.354664+00:00
2026-08-30T00:20:00,capture_daily_water_overnight,leak,input_number.water_overnight_min_day_6,0.0,2026-08-29T19:42:17.354743+00:00
2026-08-30T00:20:00,capture_daily_water_overnight,leak,input_number.water_overnight_min_day_7,0.0,2026-08-29T19:42:17.354821+00:00
2026-08-30T00:20:00,capture_daily_water_overnight,leak,input_datetime.water_overnight_capture_last_ok,2026-08-29 05:00:45,2026-08-29T19:42:17.147487+00:00
2026-08-31T00:20:00,archive_monthly_cdd,accumulator,input_datetime.cdd_archive_last_ok,2026-08-21 00:00:00,2026-08-29T19:42:17.145195+00:00
2026-08-31T00:20:00,archive_monthly_gas_heat_cost,accumulator,input_datetime.gas_heat_cost_archive_last_ok,2026-08-27 15:32:37,2026-08-29T19:42:17.145295+00:00
2026-08-31T00:20:00,archive_monthly_hdd,accumulator,input_datetime.hdd_archive_last_ok,2026-08-21 00:00:00,2026-08-29T19:42:17.145091+00:00
2026-08-31T00:20:00,capture_daily_ac_cost,accumulator,input_number.ac_cost_year_acc,178.46,2026-08-31T03:59:45.119325+00:00
2026-08-31T00:20:00,capture_daily_ac_cost,accumulator,input_datetime.ac_cost_capture_last_ok,2026-08-30 23:59:45,2026-08-31T03:59:45.121141+00:00
2026-08-31T00:20:00,capture_daily_ac_min_per_cycle,accumulator,input_number.ac_min_per_cycle_day_1,18.3,2026-08-31T03:55:30.490405+00:00
2026-08-31T00:20:00,capture_daily_ac_min_per_cycle,accumulator,input_number.ac_min_per_cycle_day_2,24.5,2026-08-31T03:55:30.488824+00:00
2026-08-31T00:20:00,capture_daily_ac_min_per_cycle,accumulator,input_number.ac_min_per_cycle_day_3,17.8,2026-08-31T03:55:30.485685+00:00
2026-08-31T00:20:00,capture_daily_ac_min_per_cycle,accumulator,input_number.ac_min_per_cycle_day_4,19.7,2026-08-31T03:55:30.483914+00:00
2026-08-31T00:20:00,capture_daily_ac_min_per_cycle,accumulator,input_number.ac_min_per_cycle_day_5,20.6,2026-08-31T03:55:30.474088+00:00
2026-08-31T00:20:00,capture_daily_ac_min_per_cycle,accumulator,input_number.ac_min_per_cycle_day_6,19.3,2026-08-31T03:55:30.469370+00:00
2026-08-31T00:20:00,capture_daily_ac_min_per_cycle,accumulator,input_number.ac_min_per_cycle_day_7,20.9,2026-08-31T03:55:30.457318+00:00
2026-08-31T00:20:00,capture_daily_ac_min_per_cycle,accumulator,input_datetime.ac_min_per_cycle_capture_last_ok,2026-08-30 23:55:30,2026-08-31T03:55:30.491915+00:00
2026-08-31T00:20:00,capture_daily_ac_watts,spc,input_number.ac_running_watts_day_1,2482.1,2026-08-31T03:59:00.337378+00:00
2026-08-31T00:20:00,capture_daily_ac_watts,spc,input_number.ac_running_watts_day_2,2513.7,2026-08-31T03:59:00.335309+00:00
2026-08-31T00:20:00,capture_daily_ac_watts,spc,input_number.ac_running_watts_day_3,2425.6,2026-08-31T03:59:00.333912+00:00
2026-08-31T00:20:00,capture_daily_ac_watts,spc,input_number.ac_running_watts_day_4,2411.9,2026-08-31T03:59:00.332509+00:00
2026-08-31T00:20:00,capture_daily_ac_watts,spc,input_number.ac_running_watts_day_5,2317.0,2026-08-31T03:59:00.330526+00:00
2026-08-31T00:20:00,capture_daily_ac_watts,spc,input_number.ac_running_watts_day_6,2419.8,2026-08-31T03:59:00.329175+00:00
2026-08-31T00:20:00,capture_daily_ac_watts,spc,input_number.ac_running_watts_day_7,2439.4,2026-08-31T03:59:00.327737+00:00
2026-08-31T00:20:00,capture_daily_ac_watts,spc,input_datetime.ac_spc_last_capture,2026-08-30,2026-08-31T03:59:00.339118+00:00
2026-08-31T00:20:00,capture_daily_ac_watts,spc,input_datetime.ac_spc_last_seed,2026-08-21,2026-08-29T19:42:17.147033+00:00
2026-08-31T00:20:00,capture_daily_cdd,accumulator,input_number.cdd_day_1,4.4,2026-08-31T03:55:15.219069+00:00
2026-08-31T00:20:00,capture_daily_cdd,accumulator,input_number.cdd_day_2,2.6,2026-08-31T03:55:15.218053+00:00
2026-08-31T00:20:00,capture_daily_cdd,accumulator,input_number.cdd_day_3,9.0,2026-08-31T03:55:15.214601+00:00
2026-08-31T00:20:00,capture_daily_cdd,accumulator,input_number.cdd_day_4,6.2,2026-08-31T03:55:15.199524+00:00
2026-08-31T00:20:00,capture_daily_cdd,accumulator,input_number.cdd_day_5,4.2,2026-08-31T03:55:15.198051+00:00
2026-08-31T00:20:00,capture_daily_cdd,accumulator,input_number.cdd_day_6,2.1,2026-08-31T03:55:15.196116+00:00
2026-08-31T00:20:00,capture_daily_cdd,accumulator,input_number.cdd_day_7,3.6,2026-08-31T03:55:15.191771+00:00
2026-08-31T00:20:00,capture_daily_cdd,accumulator,input_datetime.cdd_capture_last_ok,2026-08-30 23:55:15,2026-08-31T03:55:15.221621+00:00
2026-08-31T00:20:00,capture_daily_cooling_kwh_cdd,spc,input_number.cooling_kwh_cdd_day_1,1.21,2026-08-31T03:59:00.351412+00:00
2026-08-31T00:20:00,capture_daily_cooling_kwh_cdd,spc,input_number.cooling_kwh_cdd_day_2,0.91,2026-08-31T03:59:00.350048+00:00
2026-08-31T00:20:00,capture_daily_cooling_kwh_cdd,spc,input_number.cooling_kwh_cdd_day_3,0.82,2026-08-31T03:59:00.348788+00:00
2026-08-31T00:20:00,capture_daily_cooling_kwh_cdd,spc,input_number.cooling_kwh_cdd_day_4,1.52,2026-08-31T03:59:00.347331+00:00
2026-08-31T00:20:00,capture_daily_cooling_kwh_cdd,spc,input_number.cooling_kwh_cdd_day_5,1.21,2026-08-31T03:59:00.345653+00:00
2026-08-31T00:20:00,capture_daily_cooling_kwh_cdd,spc,input_number.cooling_kwh_cdd_day_6,1.94,2026-08-31T03:59:00.343886+00:00
2026-08-31T00:20:00,capture_daily_cooling_kwh_cdd,spc,input_number.cooling_kwh_cdd_day_7,0.85,2026-08-31T03:59:00.341822+00:00
2026-08-31T00:20:00,capture_daily_cooling_kwh_cdd,spc,input_datetime.cooling_kwh_cdd_spc_last_capture,2026-08-30,2026-08-31T03:59:00.353545+00:00
2026-08-31T00:20:00,capture_daily_dehumidifier_cost,accumulator,input_number.dehumidifier_cost_year_acc,51.65,2026-08-31T03:59:30.324901+00:00
2026-08-31T00:20:00,capture_daily_dehumidifier_cost,accumulator,input_datetime.dehumidifier_cost_capture_last_ok,2026-08-30 23:59:30,2026-08-31T03:59:30.325501+00:00
2026-08-31T00:20:00,capture_daily_dehumidifier_duty_kwh,accumulator,input_number.dehumidifier_duty_day_1,7.9,2026-08-31T03:59:30.382855+00:00
2026-08-31T00:20:00,capture_daily_dehumidifier_duty_kwh,accumulator,input_number.dehumidifier_duty_day_2,6.8,2026-08-31T03:59:30.382283+00:00
2026-08-31T00:20:00,capture_daily_dehumidifier_duty_kwh,accumulator,input_number.dehumidifier_duty_day_3,7.8,2026-08-31T03:59:30.379308+00:00
2026-08-31T00:20:00,capture_daily_dehumidifier_duty_kwh,accumulator,input_number.dehumidifier_duty_day_4,8.0,2026-08-31T03:59:30.378876+00:00
2026-08-31T00:20:00,capture_daily_dehumidifier_duty_kwh,accumulator,input_number.dehumidifier_duty_day_5,7.8,2026-08-31T03:59:30.378355+00:00
2026-08-31T00:20:00,capture_daily_dehumidifier_duty_kwh,accumulator,input_number.dehumidifier_duty_day_6,8.3,2026-08-31T03:59:30.377863+00:00
2026-08-31T00:20:00,capture_daily_dehumidifier_duty_kwh,accumulator,input_number.dehumidifier_duty_day_7,8.1,2026-08-31T03:59:30.377265+00:00
2026-08-31T00:20:00,capture_daily_dehumidifier_duty_kwh,accumulator,input_number.dehumidifier_kwh_day_1,0.885,2026-08-31T03:59:30.386392+00:00
2026-08-31T00:20:00,capture_daily_dehumidifier_duty_kwh,accumulator,input_number.dehumidifier_kwh_day_2,0.759,2026-08-31T03:59:30.385935+00:00
2026-08-31T00:20:00,capture_daily_dehumidifier_duty_kwh,accumulator,input_number.dehumidifier_kwh_day_3,0.869,2026-08-31T03:59:30.385453+00:00
2026-08-31T00:20:00,capture_daily_dehumidifier_duty_kwh,accumulator,input_number.dehumidifier_kwh_day_4,0.892,2026-08-31T03:59:30.384980+00:00
2026-08-31T00:20:00,capture_daily_dehumidifier_duty_kwh,accumulator,input_number.dehumidifier_kwh_day_5,0.87,2026-08-31T03:59:30.384480+00:00
2026-08-31T00:20:00,capture_daily_dehumidifier_duty_kwh,accumulator,input_number.dehumidifier_kwh_day_6,0.926,2026-08-31T03:59:30.384000+00:00
2026-08-31T00:20:00,capture_daily_dehumidifier_duty_kwh,accumulator,input_number.dehumidifier_kwh_day_7,0.908,2026-08-31T03:59:30.383473+00:00
2026-08-31T00:20:00,capture_daily_dehumidifier_duty_kwh,accumulator,input_datetime.dehumidifier_duty_kwh_capture_last_ok,2026-08-30 23:59:30,2026-08-31T03:59:30.387233+00:00
2026-08-31T00:20:00,capture_daily_dehumidifier_watts,spc,input_number.dehumidifier_running_watts_day_1,464.8,2026-08-31T03:59:00.324284+00:00
2026-08-31T00:20:00,capture_daily_dehumidifier_watts,spc,input_number.dehumidifier_running_watts_day_2,466.4,2026-08-31T03:59:00.322886+00:00
2026-08-31T00:20:00,capture_daily_dehumidifier_watts,spc,input_number.dehumidifier_running_watts_day_3,464.4,2026-08-31T03:59:00.321981+00:00
2026-08-31T00:20:00,capture_daily_dehumidifier_watts,spc,input_number.dehumidifier_running_watts_day_4,464.8,2026-08-31T03:59:00.319774+00:00
2026-08-31T00:20:00,capture_daily_dehumidifier_watts,spc,input_number.dehumidifier_running_watts_day_5,465.4,2026-08-31T03:59:00.314956+00:00
2026-08-31T00:20:00,capture_daily_dehumidifier_watts,spc,input_number.dehumidifier_running_watts_day_6,468.1,2026-08-31T03:59:00.310505+00:00
2026-08-31T00:20:00,capture_daily_dehumidifier_watts,spc,input_number.dehumidifier_running_watts_day_7,466.2,2026-08-31T03:59:00.307731+00:00
2026-08-31T00:20:00,capture_daily_dehumidifier_watts,spc,input_datetime.dehumidifier_spc_last_capture,2026-08-30,2026-08-31T03:59:00.325916+00:00
2026-08-31T00:20:00,capture_daily_dehumidifier_watts,spc,input_datetime.dehumidifier_spc_last_seed,2026-08-21,2026-08-29T19:42:17.147272+00:00
2026-08-31T00:20:00,capture_daily_fridge_watts,spc,input_number.fridge_running_watts_day_1,112.7,2026-08-31T03:59:00.380414+00:00
2026-08-31T00:20:00,capture_daily_fridge_watts,spc,input_number.fridge_running_watts_day_2,124.6,2026-08-31T03:59:00.379229+00:00
2026-08-31T00:20:00,capture_daily_fridge_watts,spc,input_number.fridge_running_watts_day_3,112.9,2026-08-31T03:59:00.377840+00:00
2026-08-31T00:20:00,capture_daily_fridge_watts,spc,input_number.fridge_running_watts_day_4,123.6,2026-08-31T03:59:00.376489+00:00
2026-08-31T00:20:00,capture_daily_fridge_watts,spc,input_number.fridge_running_watts_day_5,112.5,2026-08-31T03:59:00.375138+00:00
2026-08-31T00:20:00,capture_daily_fridge_watts,spc,input_number.fridge_running_watts_day_6,114.8,2026-08-31T03:59:00.373741+00:00
2026-08-31T00:20:00,capture_daily_fridge_watts,spc,input_number.fridge_running_watts_day_7,123.7,2026-08-31T03:59:00.372311+00:00
2026-08-31T00:20:00,capture_daily_fridge_watts,spc,input_datetime.fridge_spc_last_capture,2026-08-30,2026-08-31T03:59:00.383757+00:00
2026-08-31T00:20:00,capture_daily_fridge_watts,spc,input_datetime.fridge_spc_last_seed,2026-08-21,2026-08-29T19:42:17.146807+00:00
2026-08-31T00:20:00,capture_daily_furnace_min_per_cycle,accumulator,input_number.furnace_min_per_cycle_day_1,0.0,2026-08-29T19:42:17.327109+00:00
2026-08-31T00:20:00,capture_daily_furnace_min_per_cycle,accumulator,input_number.furnace_min_per_cycle_day_2,0.0,2026-08-29T19:42:17.327206+00:00
2026-08-31T00:20:00,capture_daily_furnace_min_per_cycle,accumulator,input_number.furnace_min_per_cycle_day_3,0.0,2026-08-29T19:42:17.327293+00:00
2026-08-31T00:20:00,capture_daily_furnace_min_per_cycle,accumulator,input_number.furnace_min_per_cycle_day_4,0.0,2026-08-29T19:42:17.327375+00:00
2026-08-31T00:20:00,capture_daily_furnace_min_per_cycle,accumulator,input_number.furnace_min_per_cycle_day_5,0.0,2026-08-29T19:42:17.327458+00:00
2026-08-31T00:20:00,capture_daily_furnace_min_per_cycle,accumulator,input_number.furnace_min_per_cycle_day_6,0.0,2026-08-29T19:42:17.327547+00:00
2026-08-31T00:20:00,capture_daily_furnace_min_per_cycle,accumulator,input_number.furnace_min_per_cycle_day_7,0.0,2026-08-29T19:42:17.327638+00:00
2026-08-31T00:20:00,capture_daily_furnace_min_per_cycle,accumulator,input_datetime.furnace_cycle_capture_last_ok,1970-01-01 00:00:00,2026-08-29T19:42:17.145719+00:00
2026-08-31T00:20:00,capture_daily_furnace_watts,spc,input_number.furnace_running_watts_day_1,774.5,2026-08-31T03:59:00.282733+00:00
2026-08-31T00:20:00,capture_daily_furnace_watts,spc,input_number.furnace_running_watts_day_2,771.0,2026-08-31T03:59:00.281299+00:00
2026-08-31T00:20:00,capture_daily_furnace_watts,spc,input_number.furnace_running_watts_day_3,772.3,2026-08-31T03:59:00.279278+00:00
2026-08-31T00:20:00,capture_daily_furnace_watts,spc,input_number.furnace_running_watts_day_4,772.7,2026-08-31T03:59:00.276861+00:00
2026-08-31T00:20:00,capture_daily_furnace_watts,spc,input_number.furnace_running_watts_day_5,770.3,2026-08-31T03:59:00.268927+00:00
2026-08-31T00:20:00,capture_daily_furnace_watts,spc,input_number.furnace_running_watts_day_6,771.2,2026-08-31T03:59:00.261662+00:00
2026-08-31T00:20:00,capture_daily_furnace_watts,spc,input_number.furnace_running_watts_day_7,768.0,2026-08-31T03:59:00.259017+00:00
2026-08-31T00:20:00,capture_daily_furnace_watts,spc,input_datetime.furnace_spc_last_capture,2026-08-30,2026-08-31T03:59:00.285432+00:00
2026-08-31T00:20:00,capture_daily_furnace_watts,spc,input_datetime.furnace_spc_last_seed,2026-08-21,2026-08-29T19:42:17.146918+00:00
2026-08-31T00:20:00,capture_daily_hdd,accumulator,input_number.hdd_day_1,0.0,2026-08-29T19:42:17.160051+00:00
2026-08-31T00:20:00,capture_daily_hdd,accumulator,input_number.hdd_day_2,0.0,2026-08-29T19:42:17.160136+00:00
2026-08-31T00:20:00,capture_daily_hdd,accumulator,input_number.hdd_day_3,0.0,2026-08-29T19:42:17.160221+00:00
2026-08-31T00:20:00,capture_daily_hdd,accumulator,input_number.hdd_day_4,0.0,2026-08-29T19:42:17.324487+00:00
2026-08-31T00:20:00,capture_daily_hdd,accumulator,input_number.hdd_day_5,0.0,2026-08-29T19:42:17.324675+00:00
2026-08-31T00:20:00,capture_daily_hdd,accumulator,input_number.hdd_day_6,0.0,2026-08-29T19:42:17.324803+00:00
2026-08-31T00:20:00,capture_daily_hdd,accumulator,input_number.hdd_day_7,0.0,2026-08-29T19:42:17.324930+00:00
2026-08-31T00:20:00,capture_daily_hdd,accumulator,input_datetime.hdd_capture_last_ok,2026-08-30 23:55:00,2026-08-31T03:55:00.387344+00:00
2026-08-31T00:20:00,capture_daily_hwh_recirc_watts,spc,input_number.hwh_recirc_running_watts_day_1,107.2,2026-08-31T03:59:00.519289+00:00
2026-08-31T00:20:00,capture_daily_hwh_recirc_watts,spc,input_number.hwh_recirc_running_watts_day_2,107.9,2026-08-31T03:59:00.517751+00:00
2026-08-31T00:20:00,capture_daily_hwh_recirc_watts,spc,input_number.hwh_recirc_running_watts_day_3,106.5,2026-08-31T03:59:00.516214+00:00
2026-08-31T00:20:00,capture_daily_hwh_recirc_watts,spc,input_number.hwh_recirc_running_watts_day_4,108.1,2026-08-30T03:59:00.516947+00:00
2026-08-31T00:20:00,capture_daily_hwh_recirc_watts,spc,input_number.hwh_recirc_running_watts_day_5,108.1,2026-08-31T03:59:00.514138+00:00
2026-08-31T00:20:00,capture_daily_hwh_recirc_watts,spc,input_number.hwh_recirc_running_watts_day_6,108.5,2026-08-31T03:59:00.508981+00:00
2026-08-31T00:20:00,capture_daily_hwh_recirc_watts,spc,input_number.hwh_recirc_running_watts_day_7,107.6,2026-08-31T03:59:00.502043+00:00
2026-08-31T00:20:00,capture_daily_hwh_recirc_watts,spc,input_datetime.hwh_recirc_spc_last_capture,2026-08-30,2026-08-31T03:59:00.521730+00:00
2026-08-31T00:20:00,capture_daily_hwh_recirc_watts,spc,input_datetime.hwh_recirc_spc_last_seed,2026-08-21,2026-08-29T19:42:17.147157+00:00
2026-08-31T00:20:00,capture_daily_monthly_tracking,accumulator,input_number.ac_cycles_month_acc,165.0,2026-08-31T03:56:30.389363+00:00
2026-08-31T00:20:00,capture_daily_monthly_tracking,accumulator,input_number.ac_cycles_year_acc,616.0,2026-08-31T03:56:30.391889+00:00
2026-08-31T00:20:00,capture_daily_monthly_tracking,accumulator,input_number.ac_runtime_month_acc,67.29,2026-08-31T03:56:30.388613+00:00
2026-08-31T00:20:00,capture_daily_monthly_tracking,accumulator,input_number.ac_runtime_year_acc,276.62,2026-08-31T03:56:30.391571+00:00
2026-08-31T00:20:00,capture_daily_monthly_tracking,accumulator,input_number.cdd_cumulative_month_auto,209.3,2026-08-31T03:56:30.382640+00:00
2026-08-31T00:20:00,capture_daily_monthly_tracking,accumulator,input_number.cdd_cumulative_year_auto,618.4,2026-08-31T03:56:30.383467+00:00
2026-08-31T00:20:00,capture_daily_monthly_tracking,accumulator,input_number.expected_runtime_sum_month,0.0,2026-08-29T19:42:17.328845+00:00
2026-08-31T00:20:00,capture_daily_monthly_tracking,accumulator,input_number.furnace_cycles_month_acc,0.0,2026-08-29T19:42:17.329009+00:00
2026-08-31T00:20:00,capture_daily_monthly_tracking,accumulator,input_number.furnace_runtime_month_acc,0.0,2026-08-29T19:42:17.328930+00:00
2026-08-31T00:20:00,capture_daily_monthly_tracking,accumulator,input_number.hdd_cumulative_month_auto,0.0,2026-08-29T19:42:17.328317+00:00
2026-08-31T00:20:00,capture_daily_monthly_tracking,accumulator,input_number.hdd_cumulative_year_auto,3726.9,2026-08-29T19:42:17.328401+00:00
2026-08-31T00:20:00,capture_daily_monthly_tracking,accumulator,input_number.outdoor_temp_days_month,30.0,2026-08-31T03:56:30.386256+00:00
2026-08-31T00:20:00,capture_daily_monthly_tracking,accumulator,input_number.outdoor_temp_sum_month,2162.9,2026-08-31T03:56:30.385621+00:00
2026-08-31T00:20:00,capture_daily_monthly_tracking,accumulator,input_number.zone_1f_cool_cycles_month_acc,0.0,2026-08-29T19:42:17.329850+00:00
2026-08-31T00:20:00,capture_daily_monthly_tracking,accumulator,input_number.zone_1f_cool_runtime_month_acc,0.0,2026-08-29T19:42:17.329679+00:00
2026-08-31T00:20:00,capture_daily_monthly_tracking,accumulator,input_number.zone_1f_cycles_month_acc,0.0,2026-08-29T19:42:17.329250+00:00
2026-08-31T00:20:00,capture_daily_monthly_tracking,accumulator,input_number.zone_1f_runtime_month_acc,0.0,2026-08-29T19:42:17.329088+00:00
2026-08-31T00:20:00,capture_daily_monthly_tracking,accumulator,input_number.zone_2f_cool_cycles_month_acc,165.0,2026-08-31T03:56:30.391040+00:00
2026-08-31T00:20:00,capture_daily_monthly_tracking,accumulator,input_number.zone_2f_cool_runtime_month_acc,67.29,2026-08-31T03:56:30.390213+00:00
2026-08-31T00:20:00,capture_daily_monthly_tracking,accumulator,input_number.zone_2f_cycles_month_acc,0.0,2026-08-29T19:42:17.329338+00:00
2026-08-31T00:20:00,capture_daily_monthly_tracking,accumulator,input_number.zone_2f_runtime_month_acc,0.0,2026-08-29T19:42:17.329166+00:00
2026-08-31T00:20:00,capture_daily_monthly_tracking,accumulator,input_datetime.monthly_tracking_capture_last_ok,2026-08-30 23:56:30,2026-08-31T03:56:30.379161+00:00
2026-08-31T00:20:00,capture_daily_runtime_per_cdd,accumulator,input_number.runtime_per_cdd_day_1,29.1,2026-08-31T03:56:45.395363+00:00
2026-08-31T00:20:00,capture_daily_runtime_per_cdd,accumulator,input_number.runtime_per_cdd_day_2,0.0,2026-08-31T03:56:45.393381+00:00
2026-08-31T00:20:00,capture_daily_runtime_per_cdd,accumulator,input_number.runtime_per_cdd_day_3,21.8,2026-08-31T03:56:45.391316+00:00
2026-08-31T00:20:00,capture_daily_runtime_per_cdd,accumulator,input_number.runtime_per_cdd_day_4,20.1,2026-08-31T03:56:45.387723+00:00
2026-08-31T00:20:00,capture_daily_runtime_per_cdd,accumulator,input_number.runtime_per_cdd_day_5,37.6,2026-08-31T03:56:45.380229+00:00
2026-08-31T00:20:00,capture_daily_runtime_per_cdd,accumulator,input_number.runtime_per_cdd_day_6,30.3,2026-08-31T03:56:45.371215+00:00
2026-08-31T00:20:00,capture_daily_runtime_per_cdd,accumulator,input_number.runtime_per_cdd_day_7,48.2,2026-08-31T03:56:45.359766+00:00
2026-08-31T00:20:00,capture_daily_runtime_per_cdd,accumulator,input_datetime.runtime_per_cdd_capture_last_ok,2026-08-30 23:56:45,2026-08-31T03:56:45.406171+00:00
2026-08-31T00:20:00,capture_daily_runtime_per_hdd,accumulator,input_number.runtime_per_hdd_day_1,0.0,2026-08-29T19:42:17.325044+00:00
2026-08-31T00:20:00,capture_daily_runtime_per_hdd,accumulator,input_number.runtime_per_hdd_day_2,0.0,2026-08-29T19:42:17.325163+00:00
2026-08-31T00:20:00,capture_daily_runtime_per_hdd,accumulator,input_number.runtime_per_hdd_day_3,0.0,2026-08-29T19:42:17.325287+00:00
2026-08-31T00:20:00,capture_daily_runtime_per_hdd,accumulator,input_number.runtime_per_hdd_day_4,0.0,2026-08-29T19:42:17.325390+00:00
2026-08-31T00:20:00,capture_daily_runtime_per_hdd,accumulator,input_number.runtime_per_hdd_day_5,0.0,2026-08-29T19:42:17.325491+00:00
2026-08-31T00:20:00,capture_daily_runtime_per_hdd,accumulator,input_number.runtime_per_hdd_day_6,0.0,2026-08-29T19:42:17.325604+00:00
2026-08-31T00:20:00,capture_daily_runtime_per_hdd,accumulator,input_number.runtime_per_hdd_day_7,0.0,2026-08-29T19:42:17.325714+00:00
2026-08-31T00:20:00,capture_daily_runtime_per_hdd,accumulator,input_datetime.runtime_per_hdd_capture_last_ok,2026-08-30 23:56:00,2026-08-31T03:56:00.518663+00:00
2026-08-31T00:20:00,capture_daily_water_overnight,leak,input_number.water_overnight_min_day_1,0.0,2026-08-29T19:42:17.354320+00:00
2026-08-31T00:20:00,capture_daily_water_overnight,leak,input_number.water_overnight_min_day_2,0.0,2026-08-29T19:42:17.354399+00:00
2026-08-31T00:20:00,capture_daily_water_overnight,leak,input_number.water_overnight_min_day_3,0.0,2026-08-30T09:00:45.490103+00:00
2026-08-31T00:20:00,capture_daily_water_overnight,leak,input_number.water_overnight_min_day_4,0.1,2026-08-30T09:00:45.488912+00:00
2026-08-31T00:20:00,capture_daily_water_overnight,leak,input_number.water_overnight_min_day_5,0.0,2026-08-29T19:42:17.354664+00:00
2026-08-31T00:20:00,capture_daily_water_overnight,leak,input_number.water_overnight_min_day_6,0.0,2026-08-29T19:42:17.354743+00:00
2026-08-31T00:20:00,capture_daily_water_overnight,leak,input_number.water_overnight_min_day_7,0.0,2026-08-29T19:42:17.354821+00:00
2026-08-31T00:20:00,capture_daily_water_overnight,leak,input_datetime.water_overnight_capture_last_ok,2026-08-30 05:00:45,2026-08-30T09:00:45.492847+00:00
2026-09-01T00:20:00,archive_monthly_cdd,accumulator,input_datetime.cdd_archive_last_ok,2026-08-31 23:58:30,2026-09-01T03:58:30.250985+00:00
2026-09-01T00:20:00,archive_monthly_gas_heat_cost,accumulator,input_datetime.gas_heat_cost_archive_last_ok,2026-08-27 15:32:37,2026-08-31T23:05:36.472167+00:00
2026-09-01T00:20:00,archive_monthly_hdd,accumulator,input_datetime.hdd_archive_last_ok,2026-08-31 23:58:15,2026-09-01T03:58:15.366570+00:00
2026-09-01T00:20:00,capture_daily_ac_cost,accumulator,input_number.ac_cost_year_acc,180.42,2026-09-01T03:59:45.115443+00:00
2026-09-01T00:20:00,capture_daily_ac_cost,accumulator,input_datetime.ac_cost_capture_last_ok,2026-08-31 23:59:45,2026-09-01T03:59:45.123582+00:00
2026-09-01T00:20:00,capture_daily_ac_min_per_cycle,accumulator,input_number.ac_min_per_cycle_day_1,23.0,2026-09-01T03:55:30.408612+00:00
2026-09-01T00:20:00,capture_daily_ac_min_per_cycle,accumulator,input_number.ac_min_per_cycle_day_2,18.3,2026-09-01T03:55:30.403054+00:00
2026-09-01T00:20:00,capture_daily_ac_min_per_cycle,accumulator,input_number.ac_min_per_cycle_day_3,24.5,2026-09-01T03:55:30.400135+00:00
2026-09-01T00:20:00,capture_daily_ac_min_per_cycle,accumulator,input_number.ac_min_per_cycle_day_4,17.8,2026-09-01T03:55:30.392145+00:00
2026-09-01T00:20:00,capture_daily_ac_min_per_cycle,accumulator,input_number.ac_min_per_cycle_day_5,19.7,2026-09-01T03:55:30.387844+00:00
2026-09-01T00:20:00,capture_daily_ac_min_per_cycle,accumulator,input_number.ac_min_per_cycle_day_6,20.6,2026-09-01T03:55:30.383949+00:00
2026-09-01T00:20:00,capture_daily_ac_min_per_cycle,accumulator,input_number.ac_min_per_cycle_day_7,19.3,2026-09-01T03:55:30.372349+00:00
2026-09-01T00:20:00,capture_daily_ac_min_per_cycle,accumulator,input_datetime.ac_min_per_cycle_capture_last_ok,2026-08-31 23:55:30,2026-09-01T03:55:30.412419+00:00
2026-09-01T00:20:00,capture_daily_ac_watts,spc,input_number.ac_running_watts_day_1,2430.6,2026-09-01T03:59:00.538482+00:00
2026-09-01T00:20:00,capture_daily_ac_watts,spc,input_number.ac_running_watts_day_2,2482.1,2026-09-01T03:59:00.536919+00:00
2026-09-01T00:20:00,capture_daily_ac_watts,spc,input_number.ac_running_watts_day_3,2513.7,2026-09-01T03:59:00.534999+00:00
2026-09-01T00:20:00,capture_daily_ac_watts,spc,input_number.ac_running_watts_day_4,2425.6,2026-09-01T03:59:00.530212+00:00
2026-09-01T00:20:00,capture_daily_ac_watts,spc,input_number.ac_running_watts_day_5,2411.9,2026-09-01T03:59:00.528447+00:00
2026-09-01T00:20:00,capture_daily_ac_watts,spc,input_number.ac_running_watts_day_6,2317.0,2026-09-01T03:59:00.526434+00:00
2026-09-01T00:20:00,capture_daily_ac_watts,spc,input_number.ac_running_watts_day_7,2419.8,2026-09-01T03:59:00.514521+00:00
2026-09-01T00:20:00,capture_daily_ac_watts,spc,input_datetime.ac_spc_last_capture,2026-08-31,2026-09-01T03:59:00.540442+00:00
2026-09-01T00:20:00,capture_daily_ac_watts,spc,input_datetime.ac_spc_last_seed,2026-08-21,2026-08-31T23:05:36.474071+00:00
2026-09-01T00:20:00,capture_daily_cdd,accumulator,input_number.cdd_day_1,5.0,2026-09-01T03:55:15.502986+00:00
2026-09-01T00:20:00,capture_daily_cdd,accumulator,input_number.cdd_day_2,4.4,2026-09-01T03:55:15.496667+00:00
2026-09-01T00:20:00,capture_daily_cdd,accumulator,input_number.cdd_day_3,2.6,2026-09-01T03:55:15.491864+00:00
2026-09-01T00:20:00,capture_daily_cdd,accumulator,input_number.cdd_day_4,9.0,2026-09-01T03:55:15.488415+00:00
2026-09-01T00:20:00,capture_daily_cdd,accumulator,input_number.cdd_day_5,6.2,2026-09-01T03:55:15.480557+00:00
2026-09-01T00:20:00,capture_daily_cdd,accumulator,input_number.cdd_day_6,4.2,2026-09-01T03:55:15.473294+00:00
2026-09-01T00:20:00,capture_daily_cdd,accumulator,input_number.cdd_day_7,2.1,2026-09-01T03:55:15.466419+00:00
2026-09-01T00:20:00,capture_daily_cdd,accumulator,input_datetime.cdd_capture_last_ok,2026-08-31 23:55:15,2026-09-01T03:55:15.510698+00:00
2026-09-01T00:20:00,capture_daily_cooling_kwh_cdd,spc,input_number.cooling_kwh_cdd_day_1,1.49,2026-09-01T03:59:00.107196+00:00
2026-09-01T00:20:00,capture_daily_cooling_kwh_cdd,spc,input_number.cooling_kwh_cdd_day_2,1.21,2026-09-01T03:59:00.105752+00:00
2026-09-01T00:20:00,capture_daily_cooling_kwh_cdd,spc,input_number.cooling_kwh_cdd_day_3,0.91,2026-09-01T03:59:00.103509+00:00
2026-09-01T00:20:00,capture_daily_cooling_kwh_cdd,spc,input_number.cooling_kwh_cdd_day_4,0.82,2026-09-01T03:59:00.101905+00:00
2026-09-01T00:20:00,capture_daily_cooling_kwh_cdd,spc,input_number.cooling_kwh_cdd_day_5,1.52,2026-09-01T03:59:00.100142+00:00
2026-09-01T00:20:00,capture_daily_cooling_kwh_cdd,spc,input_number.cooling_kwh_cdd_day_6,1.21,2026-09-01T03:59:00.095499+00:00
2026-09-01T00:20:00,capture_daily_cooling_kwh_cdd,spc,input_number.cooling_kwh_cdd_day_7,1.94,2026-09-01T03:59:00.093193+00:00
2026-09-01T00:20:00,capture_daily_cooling_kwh_cdd,spc,input_datetime.cooling_kwh_cdd_spc_last_capture,2026-08-31,2026-09-01T03:59:00.109075+00:00
2026-09-01T00:20:00,capture_daily_dehumidifier_cost,accumulator,input_number.dehumidifier_cost_year_acc,51.9,2026-09-01T03:59:30.216839+00:00
2026-09-01T00:20:00,capture_daily_dehumidifier_cost,accumulator,input_datetime.dehumidifier_cost_capture_last_ok,2026-08-31 23:59:30,2026-09-01T03:59:30.220349+00:00
2026-09-01T00:20:00,capture_daily_dehumidifier_duty_kwh,accumulator,input_number.dehumidifier_duty_day_1,9.2,2026-09-01T03:59:30.398194+00:00
2026-09-01T00:20:00,capture_daily_dehumidifier_duty_kwh,accumulator,input_number.dehumidifier_duty_day_2,7.9,2026-09-01T03:59:30.397468+00:00
2026-09-01T00:20:00,capture_daily_dehumidifier_duty_kwh,accumulator,input_number.dehumidifier_duty_day_3,6.8,2026-09-01T03:59:30.392921+00:00
2026-09-01T00:20:00,capture_daily_dehumidifier_duty_kwh,accumulator,input_number.dehumidifier_duty_day_4,7.8,2026-09-01T03:59:30.392438+00:00
2026-09-01T00:20:00,capture_daily_dehumidifier_duty_kwh,accumulator,input_number.dehumidifier_duty_day_5,8.0,2026-09-01T03:59:30.392053+00:00
2026-09-01T00:20:00,capture_daily_dehumidifier_duty_kwh,accumulator,input_number.dehumidifier_duty_day_6,7.8,2026-09-01T03:59:30.391664+00:00
2026-09-01T00:20:00,capture_daily_dehumidifier_duty_kwh,accumulator,input_number.dehumidifier_duty_day_7,8.3,2026-09-01T03:59:30.390641+00:00
2026-09-01T00:20:00,capture_daily_dehumidifier_duty_kwh,accumulator,input_number.dehumidifier_kwh_day_1,1.036,2026-09-01T03:59:30.403719+00:00
2026-09-01T00:20:00,capture_daily_dehumidifier_duty_kwh,accumulator,input_number.dehumidifier_kwh_day_2,0.885,2026-09-01T03:59:30.402527+00:00
2026-09-01T00:20:00,capture_daily_dehumidifier_duty_kwh,accumulator,input_number.dehumidifier_kwh_day_3,0.759,2026-09-01T03:59:30.401897+00:00
2026-09-01T00:20:00,capture_daily_dehumidifier_duty_kwh,accumulator,input_number.dehumidifier_kwh_day_4,0.869,2026-09-01T03:59:30.401316+00:00
2026-09-01T00:20:00,capture_daily_dehumidifier_duty_kwh,accumulator,input_number.dehumidifier_kwh_day_5,0.892,2026-09-01T03:59:30.400686+00:00
2026-09-01T00:20:00,capture_daily_dehumidifier_duty_kwh,accumulator,input_number.dehumidifier_kwh_day_6,0.87,2026-09-01T03:59:30.399539+00:00
2026-09-01T00:20:00,capture_daily_dehumidifier_duty_kwh,accumulator,input_number.dehumidifier_kwh_day_7,0.926,2026-09-01T03:59:30.398927+00:00
2026-09-01T00:20:00,capture_daily_dehumidifier_duty_kwh,accumulator,input_datetime.dehumidifier_duty_kwh_capture_last_ok,2026-08-31 23:59:30,2026-09-01T03:59:30.412199+00:00
2026-09-01T00:20:00,capture_daily_dehumidifier_watts,spc,input_number.dehumidifier_running_watts_day_1,465.4,2026-09-01T03:59:00.493715+00:00
2026-09-01T00:20:00,capture_daily_dehumidifier_watts,spc,input_number.dehumidifier_running_watts_day_2,464.8,2026-09-01T03:59:00.491929+00:00
2026-09-01T00:20:00,capture_daily_dehumidifier_watts,spc,input_number.dehumidifier_running_watts_day_3,466.4,2026-09-01T03:59:00.488056+00:00
2026-09-01T00:20:00,capture_daily_dehumidifier_watts,spc,input_number.dehumidifier_running_watts_day_4,464.4,2026-09-01T03:59:00.486221+00:00
2026-09-01T00:20:00,capture_daily_dehumidifier_watts,spc,input_number.dehumidifier_running_watts_day_5,464.8,2026-09-01T03:59:00.482550+00:00
2026-09-01T00:20:00,capture_daily_dehumidifier_watts,spc,input_number.dehumidifier_running_watts_day_6,465.4,2026-09-01T03:59:00.478616+00:00
2026-09-01T00:20:00,capture_daily_dehumidifier_watts,spc,input_number.dehumidifier_running_watts_day_7,468.1,2026-09-01T03:59:00.473797+00:00
2026-09-01T00:20:00,capture_daily_dehumidifier_watts,spc,input_datetime.dehumidifier_spc_last_capture,2026-08-31,2026-09-01T03:59:00.495422+00:00
2026-09-01T00:20:00,capture_daily_dehumidifier_watts,spc,input_datetime.dehumidifier_spc_last_seed,2026-08-21,2026-08-31T23:05:36.474319+00:00
2026-09-01T00:20:00,capture_daily_fridge_watts,spc,input_number.fridge_running_watts_day_1,123.9,2026-09-01T03:59:00.510647+00:00
2026-09-01T00:20:00,capture_daily_fridge_watts,spc,input_number.fridge_running_watts_day_2,112.7,2026-09-01T03:59:00.507960+00:00
2026-09-01T00:20:00,capture_daily_fridge_watts,spc,input_number.fridge_running_watts_day_3,124.6,2026-09-01T03:59:00.506545+00:00
2026-09-01T00:20:00,capture_daily_fridge_watts,spc,input_number.fridge_running_watts_day_4,112.9,2026-09-01T03:59:00.505178+00:00
2026-09-01T00:20:00,capture_daily_fridge_watts,spc,input_number.fridge_running_watts_day_5,123.6,2026-09-01T03:59:00.503515+00:00
2026-09-01T00:20:00,capture_daily_fridge_watts,spc,input_number.fridge_running_watts_day_6,112.5,2026-09-01T03:59:00.502229+00:00
2026-09-01T00:20:00,capture_daily_fridge_watts,spc,input_number.fridge_running_watts_day_7,114.8,2026-09-01T03:59:00.500827+00:00
2026-09-01T00:20:00,capture_daily_fridge_watts,spc,input_datetime.fridge_spc_last_capture,2026-08-31,2026-09-01T03:59:00.512404+00:00
2026-09-01T00:20:00,capture_daily_fridge_watts,spc,input_datetime.fridge_spc_last_seed,2026-08-21,2026-08-31T23:05:36.473819+00:00
2026-09-01T00:20:00,capture_daily_furnace_min_per_cycle,accumulator,input_number.furnace_min_per_cycle_day_1,0.0,2026-08-31T23:05:36.493828+00:00
2026-09-01T00:20:00,capture_daily_furnace_min_per_cycle,accumulator,input_number.furnace_min_per_cycle_day_2,0.0,2026-08-31T23:05:36.493896+00:00
2026-09-01T00:20:00,capture_daily_furnace_min_per_cycle,accumulator,input_number.furnace_min_per_cycle_day_3,0.0,2026-08-31T23:05:36.493966+00:00
2026-09-01T00:20:00,capture_daily_furnace_min_per_cycle,accumulator,input_number.furnace_min_per_cycle_day_4,0.0,2026-08-31T23:05:36.494033+00:00
2026-09-01T00:20:00,capture_daily_furnace_min_per_cycle,accumulator,input_number.furnace_min_per_cycle_day_5,0.0,2026-08-31T23:05:36.494103+00:00
2026-09-01T00:20:00,capture_daily_furnace_min_per_cycle,accumulator,input_number.furnace_min_per_cycle_day_6,0.0,2026-08-31T23:05:36.494175+00:00
2026-09-01T00:20:00,capture_daily_furnace_min_per_cycle,accumulator,input_number.furnace_min_per_cycle_day_7,0.0,2026-08-31T23:05:36.494249+00:00
2026-09-01T00:20:00,capture_daily_furnace_min_per_cycle,accumulator,input_datetime.furnace_cycle_capture_last_ok,1970-01-01 00:00:00,2026-08-31T23:05:36.472613+00:00
2026-09-01T00:20:00,capture_daily_furnace_watts,spc,input_number.furnace_running_watts_day_1,774.6,2026-09-01T03:59:00.088409+00:00
2026-09-01T00:20:00,capture_daily_furnace_watts,spc,input_number.furnace_running_watts_day_2,774.5,2026-09-01T03:59:00.086706+00:00
2026-09-01T00:20:00,capture_daily_furnace_watts,spc,input_number.furnace_running_watts_day_3,771.0,2026-09-01T03:59:00.085266+00:00
2026-09-01T00:20:00,capture_daily_furnace_watts,spc,input_number.furnace_running_watts_day_4,772.3,2026-09-01T03:59:00.079336+00:00
2026-09-01T00:20:00,capture_daily_furnace_watts,spc,input_number.furnace_running_watts_day_5,772.7,2026-09-01T03:59:00.076599+00:00
2026-09-01T00:20:00,capture_daily_furnace_watts,spc,input_number.furnace_running_watts_day_6,770.3,2026-09-01T03:59:00.068699+00:00
2026-09-01T00:20:00,capture_daily_furnace_watts,spc,input_number.furnace_running_watts_day_7,771.2,2026-09-01T03:59:00.058865+00:00
2026-09-01T00:20:00,capture_daily_furnace_watts,spc,input_datetime.furnace_spc_last_capture,2026-08-31,2026-09-01T03:59:00.089944+00:00
2026-09-01T00:20:00,capture_daily_furnace_watts,spc,input_datetime.furnace_spc_last_seed,2026-08-21,2026-08-31T23:05:36.473947+00:00
2026-09-01T00:20:00,capture_daily_hdd,accumulator,input_number.hdd_day_1,0.0,2026-08-31T23:05:36.491677+00:00
2026-09-01T00:20:00,capture_daily_hdd,accumulator,input_number.hdd_day_2,0.0,2026-08-31T23:05:36.491749+00:00
2026-09-01T00:20:00,capture_daily_hdd,accumulator,input_number.hdd_day_3,0.0,2026-08-31T23:05:36.491822+00:00
2026-09-01T00:20:00,capture_daily_hdd,accumulator,input_number.hdd_day_4,0.0,2026-08-31T23:05:36.491897+00:00
2026-09-01T00:20:00,capture_daily_hdd,accumulator,input_number.hdd_day_5,0.0,2026-08-31T23:05:36.491969+00:00
2026-09-01T00:20:00,capture_daily_hdd,accumulator,input_number.hdd_day_6,0.0,2026-08-31T23:05:36.492039+00:00
2026-09-01T00:20:00,capture_daily_hdd,accumulator,input_number.hdd_day_7,0.0,2026-08-31T23:05:36.492218+00:00
2026-09-01T00:20:00,capture_daily_hdd,accumulator,input_datetime.hdd_capture_last_ok,2026-08-31 23:55:00,2026-09-01T03:55:00.142511+00:00
2026-09-01T00:20:00,capture_daily_hwh_recirc_watts,spc,input_number.hwh_recirc_running_watts_day_1,109.4,2026-09-01T03:59:00.434412+00:00
2026-09-01T00:20:00,capture_daily_hwh_recirc_watts,spc,input_number.hwh_recirc_running_watts_day_2,107.2,2026-09-01T03:59:00.425896+00:00
2026-09-01T00:20:00,capture_daily_hwh_recirc_watts,spc,input_number.hwh_recirc_running_watts_day_3,107.9,2026-09-01T03:59:00.413858+00:00
2026-09-01T00:20:00,capture_daily_hwh_recirc_watts,spc,input_number.hwh_recirc_running_watts_day_4,106.5,2026-09-01T03:59:00.410448+00:00
2026-09-01T00:20:00,capture_daily_hwh_recirc_watts,spc,input_number.hwh_recirc_running_watts_day_5,108.1,2026-08-31T23:05:36.542867+00:00
2026-09-01T00:20:00,capture_daily_hwh_recirc_watts,spc,input_number.hwh_recirc_running_watts_day_6,108.1,2026-09-01T03:59:00.405645+00:00
2026-09-01T00:20:00,capture_daily_hwh_recirc_watts,spc,input_number.hwh_recirc_running_watts_day_7,108.5,2026-09-01T03:59:00.392147+00:00
2026-09-01T00:20:00,capture_daily_hwh_recirc_watts,spc,input_datetime.hwh_recirc_spc_last_capture,2026-08-31,2026-09-01T03:59:00.440231+00:00
2026-09-01T00:20:00,capture_daily_hwh_recirc_watts,spc,input_datetime.hwh_recirc_spc_last_seed,2026-08-21,2026-08-31T23:05:36.474204+00:00
2026-09-01T00:20:00,capture_daily_monthly_tracking,accumulator,input_number.ac_cycles_month_acc,0.0,2026-09-01T04:01:00.394782+00:00
2026-09-01T00:20:00,capture_daily_monthly_tracking,accumulator,input_number.ac_cycles_year_acc,624.0,2026-09-01T03:56:30.278235+00:00
2026-09-01T00:20:00,capture_daily_monthly_tracking,accumulator,input_number.ac_runtime_month_acc,0.0,2026-09-01T04:01:00.392394+00:00
2026-09-01T00:20:00,capture_daily_monthly_tracking,accumulator,input_number.ac_runtime_year_acc,279.68,2026-09-01T03:56:30.276265+00:00
2026-09-01T00:20:00,capture_daily_monthly_tracking,accumulator,input_number.cdd_cumulative_month_auto,0.0,2026-09-01T04:01:00.372883+00:00
2026-09-01T00:20:00,capture_daily_monthly_tracking,accumulator,input_number.cdd_cumulative_year_auto,623.4,2026-09-01T03:56:30.261013+00:00
2026-09-01T00:20:00,capture_daily_monthly_tracking,accumulator,input_number.expected_runtime_sum_month,0.0,2026-08-31T23:05:36.495271+00:00
2026-09-01T00:20:00,capture_daily_monthly_tracking,accumulator,input_number.furnace_cycles_month_acc,0.0,2026-08-31T23:05:36.495422+00:00
2026-09-01T00:20:00,capture_daily_monthly_tracking,accumulator,input_number.furnace_runtime_month_acc,0.0,2026-08-31T23:05:36.495338+00:00
2026-09-01T00:20:00,capture_daily_monthly_tracking,accumulator,input_number.hdd_cumulative_month_auto,0.0,2026-08-31T23:05:36.494833+00:00
2026-09-01T00:20:00,capture_daily_monthly_tracking,accumulator,input_number.hdd_cumulative_year_auto,3726.9,2026-08-31T23:05:36.494911+00:00
2026-09-01T00:20:00,capture_daily_monthly_tracking,accumulator,input_number.outdoor_temp_days_month,0.0,2026-09-01T04:01:00.379886+00:00
2026-09-01T00:20:00,capture_daily_monthly_tracking,accumulator,input_number.outdoor_temp_sum_month,0.0,2026-09-01T04:01:00.377823+00:00
2026-09-01T00:20:00,capture_daily_monthly_tracking,accumulator,input_number.zone_1f_cool_cycles_month_acc,0.0,2026-08-31T23:05:36.496688+00:00
2026-09-01T00:20:00,capture_daily_monthly_tracking,accumulator,input_number.zone_1f_cool_runtime_month_acc,0.0,2026-08-31T23:05:36.496519+00:00
2026-09-01T00:20:00,capture_daily_monthly_tracking,accumulator,input_number.zone_1f_cycles_month_acc,0.0,2026-08-31T23:05:36.496201+00:00
2026-09-01T00:20:00,capture_daily_monthly_tracking,accumulator,input_number.zone_1f_runtime_month_acc,0.0,2026-08-31T23:05:36.495502+00:00
2026-09-01T00:20:00,capture_daily_monthly_tracking,accumulator,input_number.zone_2f_cool_cycles_month_acc,0.0,2026-09-01T04:01:00.403886+00:00
2026-09-01T00:20:00,capture_daily_monthly_tracking,accumulator,input_number.zone_2f_cool_runtime_month_acc,0.0,2026-09-01T04:01:00.402527+00:00
2026-09-01T00:20:00,capture_daily_monthly_tracking,accumulator,input_number.zone_2f_cycles_month_acc,0.0,2026-08-31T23:05:36.496284+00:00
2026-09-01T00:20:00,capture_daily_monthly_tracking,accumulator,input_number.zone_2f_runtime_month_acc,0.0,2026-08-31T23:05:36.496099+00:00
2026-09-01T00:20:00,capture_daily_monthly_tracking,accumulator,input_datetime.monthly_tracking_capture_last_ok,2026-08-31 23:56:30,2026-09-01T03:56:30.242632+00:00
2026-09-01T00:20:00,capture_daily_runtime_per_cdd,accumulator,input_number.runtime_per_cdd_day_1,36.8,2026-09-01T03:56:45.233361+00:00
2026-09-01T00:20:00,capture_daily_runtime_per_cdd,accumulator,input_number.runtime_per_cdd_day_2,29.1,2026-09-01T03:56:45.231577+00:00
2026-09-01T00:20:00,capture_daily_runtime_per_cdd,accumulator,input_number.runtime_per_cdd_day_3,0.0,2026-09-01T03:56:45.228473+00:00
2026-09-01T00:20:00,capture_daily_runtime_per_cdd,accumulator,input_number.runtime_per_cdd_day_4,21.8,2026-09-01T03:56:45.225564+00:00
2026-09-01T00:20:00,capture_daily_runtime_per_cdd,accumulator,input_number.runtime_per_cdd_day_5,20.1,2026-09-01T03:56:45.219295+00:00
2026-09-01T00:20:00,capture_daily_runtime_per_cdd,accumulator,input_number.runtime_per_cdd_day_6,37.6,2026-09-01T03:56:45.208263+00:00
2026-09-01T00:20:00,capture_daily_runtime_per_cdd,accumulator,input_number.runtime_per_cdd_day_7,30.3,2026-09-01T03:56:45.196136+00:00
2026-09-01T00:20:00,capture_daily_runtime_per_cdd,accumulator,input_datetime.runtime_per_cdd_capture_last_ok,2026-08-31 23:56:45,2026-09-01T03:56:45.236116+00:00
2026-09-01T00:20:00,capture_daily_runtime_per_hdd,accumulator,input_number.runtime_per_hdd_day_1,0.0,2026-08-31T23:05:36.492294+00:00
2026-09-01T00:20:00,capture_daily_runtime_per_hdd,accumulator,input_number.runtime_per_hdd_day_2,0.0,2026-08-31T23:05:36.492371+00:00
2026-09-01T00:20:00,capture_daily_runtime_per_hdd,accumulator,input_number.runtime_per_hdd_day_3,0.0,2026-08-31T23:05:36.492445+00:00
2026-09-01T00:20:00,capture_daily_runtime_per_hdd,accumulator,input_number.runtime_per_hdd_day_4,0.0,2026-08-31T23:05:36.492515+00:00
2026-09-01T00:20:00,capture_daily_runtime_per_hdd,accumulator,input_number.runtime_per_hdd_day_5,0.0,2026-08-31T23:05:36.492589+00:00
2026-09-01T00:20:00,capture_daily_runtime_per_hdd,accumulator,input_number.runtime_per_hdd_day_6,0.0,2026-08-31T23:05:36.492665+00:00
2026-09-01T00:20:00,capture_daily_runtime_per_hdd,accumulator,input_number.runtime_per_hdd_day_7,0.0,2026-08-31T23:05:36.492738+00:00
2026-09-01T00:20:00,capture_daily_runtime_per_hdd,accumulator,input_datetime.runtime_per_hdd_capture_last_ok,2026-08-31 23:56:00,2026-09-01T03:56:00.073300+00:00
2026-09-01T00:20:00,capture_daily_water_overnight,leak,input_number.water_overnight_min_day_1,0.0,2026-08-31T23:05:36.545262+00:00
2026-09-01T00:20:00,capture_daily_water_overnight,leak,input_number.water_overnight_min_day_2,0.0,2026-08-31T23:05:36.545336+00:00
2026-09-01T00:20:00,capture_daily_water_overnight,leak,input_number.water_overnight_min_day_3,0.0,2026-08-31T23:05:36.545404+00:00
2026-09-01T00:20:00,capture_daily_water_overnight,leak,input_number.water_overnight_min_day_4,0.0,2026-08-31T23:05:36.545474+00:00
2026-09-01T00:20:00,capture_daily_water_overnight,leak,input_number.water_overnight_min_day_5,0.1,2026-08-31T23:05:36.545551+00:00
2026-09-01T00:20:00,capture_daily_water_overnight,leak,input_number.water_overnight_min_day_6,0.0,2026-08-31T23:05:36.545626+00:00
2026-09-01T00:20:00,capture_daily_water_overnight,leak,input_number.water_overnight_min_day_7,0.0,2026-08-31T23:05:36.545700+00:00
2026-09-01T00:20:00,capture_daily_water_overnight,leak,input_datetime.water_overnight_capture_last_ok,2026-08-31 05:00:45,2026-08-31T23:05:36.474589+00:00
2026-09-02T00:20:00,archive_monthly_cdd,accumulator,input_datetime.cdd_archive_last_ok,2026-08-31 23:58:30,2026-09-01T03:58:30.250985+00:00
2026-09-02T00:20:00,archive_monthly_gas_heat_cost,accumulator,input_datetime.gas_heat_cost_archive_last_ok,2026-08-27 15:32:37,2026-08-31T23:05:36.472167+00:00
2026-09-02T00:20:00,archive_monthly_hdd,accumulator,input_datetime.hdd_archive_last_ok,2026-08-31 23:58:15,2026-09-01T03:58:15.366570+00:00
2026-09-02T00:20:00,capture_daily_ac_cost,accumulator,input_number.ac_cost_year_acc,181.02,2026-09-02T03:59:45.114611+00:00
2026-09-02T00:20:00,capture_daily_ac_cost,accumulator,input_datetime.ac_cost_capture_last_ok,2026-09-01 23:59:45,2026-09-02T03:59:45.117007+00:00
2026-09-02T00:20:00,capture_daily_ac_min_per_cycle,accumulator,input_number.ac_min_per_cycle_day_1,15.1,2026-09-02T03:55:30.445581+00:00
2026-09-02T00:20:00,capture_daily_ac_min_per_cycle,accumulator,input_number.ac_min_per_cycle_day_2,23.0,2026-09-02T03:55:30.435861+00:00
2026-09-02T00:20:00,capture_daily_ac_min_per_cycle,accumulator,input_number.ac_min_per_cycle_day_3,18.3,2026-09-02T03:55:30.425272+00:00
2026-09-02T00:20:00,capture_daily_ac_min_per_cycle,accumulator,input_number.ac_min_per_cycle_day_4,24.5,2026-09-02T03:55:30.399018+00:00
2026-09-02T00:20:00,capture_daily_ac_min_per_cycle,accumulator,input_number.ac_min_per_cycle_day_5,17.8,2026-09-02T03:55:30.390363+00:00
2026-09-02T00:20:00,capture_daily_ac_min_per_cycle,accumulator,input_number.ac_min_per_cycle_day_6,19.7,2026-09-02T03:55:30.383898+00:00
2026-09-02T00:20:00,capture_daily_ac_min_per_cycle,accumulator,input_number.ac_min_per_cycle_day_7,20.6,2026-09-02T03:55:30.372051+00:00
2026-09-02T00:20:00,capture_daily_ac_min_per_cycle,accumulator,input_datetime.ac_min_per_cycle_capture_last_ok,2026-09-01 23:55:30,2026-09-02T03:55:30.451808+00:00
2026-09-02T00:20:00,capture_daily_ac_watts,spc,input_number.ac_running_watts_day_1,2231.3,2026-09-02T03:59:00.544187+00:00
2026-09-02T00:20:00,capture_daily_ac_watts,spc,input_number.ac_running_watts_day_2,2430.6,2026-09-02T03:59:00.541773+00:00
2026-09-02T00:20:00,capture_daily_ac_watts,spc,input_number.ac_running_watts_day_3,2482.1,2026-09-02T03:59:00.539815+00:00
2026-09-02T00:20:00,capture_daily_ac_watts,spc,input_number.ac_running_watts_day_4,2513.7,2026-09-02T03:59:00.536702+00:00
2026-09-02T00:20:00,capture_daily_ac_watts,spc,input_number.ac_running_watts_day_5,2425.6,2026-09-02T03:59:00.535136+00:00
2026-09-02T00:20:00,capture_daily_ac_watts,spc,input_number.ac_running_watts_day_6,2411.9,2026-09-02T03:59:00.533799+00:00
2026-09-02T00:20:00,capture_daily_ac_watts,spc,input_number.ac_running_watts_day_7,2317.0,2026-09-02T03:59:00.531183+00:00
2026-09-02T00:20:00,capture_daily_ac_watts,spc,input_datetime.ac_spc_last_capture,2026-09-01,2026-09-02T03:59:00.546066+00:00
2026-09-02T00:20:00,capture_daily_ac_watts,spc,input_datetime.ac_spc_last_seed,2026-08-21,2026-08-31T23:05:36.474071+00:00
2026-09-02T00:20:00,capture_daily_cdd,accumulator,input_number.cdd_day_1,1.1,2026-09-02T03:55:15.490765+00:00
2026-09-02T00:20:00,capture_daily_cdd,accumulator,input_number.cdd_day_2,5.0,2026-09-02T03:55:15.489898+00:00
2026-09-02T00:20:00,capture_daily_cdd,accumulator,input_number.cdd_day_3,4.4,2026-09-02T03:55:15.488871+00:00
2026-09-02T00:20:00,capture_daily_cdd,accumulator,input_number.cdd_day_4,2.6,2026-09-02T03:55:15.487411+00:00
2026-09-02T00:20:00,capture_daily_cdd,accumulator,input_number.cdd_day_5,9.0,2026-09-02T03:55:15.481162+00:00
2026-09-02T00:20:00,capture_daily_cdd,accumulator,input_number.cdd_day_6,6.2,2026-09-02T03:55:15.471942+00:00
2026-09-02T00:20:00,capture_daily_cdd,accumulator,input_number.cdd_day_7,4.2,2026-09-02T03:55:15.466116+00:00
2026-09-02T00:20:00,capture_daily_cdd,accumulator,input_datetime.cdd_capture_last_ok,2026-09-01 23:55:15,2026-09-02T03:55:15.491604+00:00
2026-09-02T00:20:00,capture_daily_cooling_kwh_cdd,spc,input_number.cooling_kwh_cdd_day_1,2.04,2026-09-02T03:59:00.124815+00:00
2026-09-02T00:20:00,capture_daily_cooling_kwh_cdd,spc,input_number.cooling_kwh_cdd_day_2,1.49,2026-09-02T03:59:00.117965+00:00
2026-09-02T00:20:00,capture_daily_cooling_kwh_cdd,spc,input_number.cooling_kwh_cdd_day_3,1.21,2026-09-02T03:59:00.116173+00:00
2026-09-02T00:20:00,capture_daily_cooling_kwh_cdd,spc,input_number.cooling_kwh_cdd_day_4,0.91,2026-09-02T03:59:00.113915+00:00
2026-09-02T00:20:00,capture_daily_cooling_kwh_cdd,spc,input_number.cooling_kwh_cdd_day_5,0.82,2026-09-02T03:59:00.110434+00:00
2026-09-02T00:20:00,capture_daily_cooling_kwh_cdd,spc,input_number.cooling_kwh_cdd_day_6,1.52,2026-09-02T03:59:00.108261+00:00
2026-09-02T00:20:00,capture_daily_cooling_kwh_cdd,spc,input_number.cooling_kwh_cdd_day_7,1.21,2026-09-02T03:59:00.106042+00:00
2026-09-02T00:20:00,capture_daily_cooling_kwh_cdd,spc,input_datetime.cooling_kwh_cdd_spc_last_capture,2026-09-01,2026-09-02T03:59:00.135428+00:00
2026-09-02T00:20:00,capture_daily_dehumidifier_cost,accumulator,input_number.dehumidifier_cost_year_acc,52.12,2026-09-02T03:59:30.215935+00:00
2026-09-02T00:20:00,capture_daily_dehumidifier_cost,accumulator,input_datetime.dehumidifier_cost_capture_last_ok,2026-09-01 23:59:30,2026-09-02T03:59:30.221860+00:00
2026-09-02T00:20:00,capture_daily_dehumidifier_duty_kwh,accumulator,input_number.dehumidifier_duty_day_1,8.2,2026-09-02T03:59:30.398350+00:00
2026-09-02T00:20:00,capture_daily_dehumidifier_duty_kwh,accumulator,input_number.dehumidifier_duty_day_2,9.2,2026-09-02T03:59:30.397529+00:00
2026-09-02T00:20:00,capture_daily_dehumidifier_duty_kwh,accumulator,input_number.dehumidifier_duty_day_3,7.9,2026-09-02T03:59:30.396583+00:00
2026-09-02T00:20:00,capture_daily_dehumidifier_duty_kwh,accumulator,input_number.dehumidifier_duty_day_4,6.8,2026-09-02T03:59:30.395364+00:00
2026-09-02T00:20:00,capture_daily_dehumidifier_duty_kwh,accumulator,input_number.dehumidifier_duty_day_5,7.8,2026-09-02T03:59:30.392477+00:00
2026-09-02T00:20:00,capture_daily_dehumidifier_duty_kwh,accumulator,input_number.dehumidifier_duty_day_6,8.0,2026-09-02T03:59:30.391444+00:00
2026-09-02T00:20:00,capture_daily_dehumidifier_duty_kwh,accumulator,input_number.dehumidifier_duty_day_7,7.8,2026-09-02T03:59:30.389879+00:00
2026-09-02T00:20:00,capture_daily_dehumidifier_duty_kwh,accumulator,input_number.dehumidifier_kwh_day_1,0.921,2026-09-02T03:59:30.407540+00:00
2026-09-02T00:20:00,capture_daily_dehumidifier_duty_kwh,accumulator,input_number.dehumidifier_kwh_day_2,1.036,2026-09-02T03:59:30.407081+00:00
2026-09-02T00:20:00,capture_daily_dehumidifier_duty_kwh,accumulator,input_number.dehumidifier_kwh_day_3,0.885,2026-09-02T03:59:30.406578+00:00
2026-09-02T00:20:00,capture_daily_dehumidifier_duty_kwh,accumulator,input_number.dehumidifier_kwh_day_4,0.759,2026-09-02T03:59:30.406007+00:00
2026-09-02T00:20:00,capture_daily_dehumidifier_duty_kwh,accumulator,input_number.dehumidifier_kwh_day_5,0.869,2026-09-02T03:59:30.405387+00:00
2026-09-02T00:20:00,capture_daily_dehumidifier_duty_kwh,accumulator,input_number.dehumidifier_kwh_day_6,0.892,2026-09-02T03:59:30.404710+00:00
2026-09-02T00:20:00,capture_daily_dehumidifier_duty_kwh,accumulator,input_number.dehumidifier_kwh_day_7,0.87,2026-09-02T03:59:30.403740+00:00
2026-09-02T00:20:00,capture_daily_dehumidifier_duty_kwh,accumulator,input_datetime.dehumidifier_duty_kwh_capture_last_ok,2026-09-01 23:59:30,2026-09-02T03:59:30.408318+00:00
2026-09-02T00:20:00,capture_daily_dehumidifier_watts,spc,input_number.dehumidifier_running_watts_day_1,468.2,2026-09-02T03:59:00.511047+00:00
2026-09-02T00:20:00,capture_daily_dehumidifier_watts,spc,input_number.dehumidifier_running_watts_day_2,465.4,2026-09-02T03:59:00.506642+00:00
2026-09-02T00:20:00,capture_daily_dehumidifier_watts,spc,input_number.dehumidifier_running_watts_day_3,464.8,2026-09-02T03:59:00.500762+00:00
2026-09-02T00:20:00,capture_daily_dehumidifier_watts,spc,input_number.dehumidifier_running_watts_day_4,466.4,2026-09-02T03:59:00.497761+00:00
2026-09-02T00:20:00,capture_daily_dehumidifier_watts,spc,input_number.dehumidifier_running_watts_day_5,464.4,2026-09-02T03:59:00.493597+00:00
2026-09-02T00:20:00,capture_daily_dehumidifier_watts,spc,input_number.dehumidifier_running_watts_day_6,464.8,2026-09-02T03:59:00.482554+00:00
2026-09-02T00:20:00,capture_daily_dehumidifier_watts,spc,input_number.dehumidifier_running_watts_day_7,465.4,2026-09-02T03:59:00.473632+00:00
2026-09-02T00:20:00,capture_daily_dehumidifier_watts,spc,input_datetime.dehumidifier_spc_last_capture,2026-09-01,2026-09-02T03:59:00.513602+00:00
2026-09-02T00:20:00,capture_daily_dehumidifier_watts,spc,input_datetime.dehumidifier_spc_last_seed,2026-08-21,2026-08-31T23:05:36.474319+00:00
2026-09-02T00:20:00,capture_daily_fridge_watts,spc,input_number.fridge_running_watts_day_1,112.2,2026-09-02T03:59:00.526804+00:00
2026-09-02T00:20:00,capture_daily_fridge_watts,spc,input_number.fridge_running_watts_day_2,123.9,2026-09-02T03:59:00.524838+00:00
2026-09-02T00:20:00,capture_daily_fridge_watts,spc,input_number.fridge_running_watts_day_3,112.7,2026-09-02T03:59:00.523544+00:00
2026-09-02T00:20:00,capture_daily_fridge_watts,spc,input_number.fridge_running_watts_day_4,124.6,2026-09-02T03:59:00.522054+00:00
2026-09-02T00:20:00,capture_daily_fridge_watts,spc,input_number.fridge_running_watts_day_5,112.9,2026-09-02T03:59:00.518616+00:00
2026-09-02T00:20:00,capture_daily_fridge_watts,spc,input_number.fridge_running_watts_day_6,123.6,2026-09-02T03:59:00.517138+00:00
2026-09-02T00:20:00,capture_daily_fridge_watts,spc,input_number.fridge_running_watts_day_7,112.5,2026-09-02T03:59:00.515566+00:00
2026-09-02T00:20:00,capture_daily_fridge_watts,spc,input_datetime.fridge_spc_last_capture,2026-09-01,2026-09-02T03:59:00.529161+00:00
2026-09-02T00:20:00,capture_daily_fridge_watts,spc,input_datetime.fridge_spc_last_seed,2026-08-21,2026-08-31T23:05:36.473819+00:00
2026-09-02T00:20:00,capture_daily_furnace_min_per_cycle,accumulator,input_number.furnace_min_per_cycle_day_1,0.0,2026-08-31T23:05:36.493828+00:00
2026-09-02T00:20:00,capture_daily_furnace_min_per_cycle,accumulator,input_number.furnace_min_per_cycle_day_2,0.0,2026-08-31T23:05:36.493896+00:00
2026-09-02T00:20:00,capture_daily_furnace_min_per_cycle,accumulator,input_number.furnace_min_per_cycle_day_3,0.0,2026-08-31T23:05:36.493966+00:00
2026-09-02T00:20:00,capture_daily_furnace_min_per_cycle,accumulator,input_number.furnace_min_per_cycle_day_4,0.0,2026-08-31T23:05:36.494033+00:00
2026-09-02T00:20:00,capture_daily_furnace_min_per_cycle,accumulator,input_number.furnace_min_per_cycle_day_5,0.0,2026-08-31T23:05:36.494103+00:00
2026-09-02T00:20:00,capture_daily_furnace_min_per_cycle,accumulator,input_number.furnace_min_per_cycle_day_6,0.0,2026-08-31T23:05:36.494175+00:00
2026-09-02T00:20:00,capture_daily_furnace_min_per_cycle,accumulator,input_number.furnace_min_per_cycle_day_7,0.0,2026-08-31T23:05:36.494249+00:00
2026-09-02T00:20:00,capture_daily_furnace_min_per_cycle,accumulator,input_datetime.furnace_cycle_capture_last_ok,1970-01-01 00:00:00,2026-08-31T23:05:36.472613+00:00
2026-09-02T00:20:00,capture_daily_furnace_watts,spc,input_number.furnace_running_watts_day_1,772.9,2026-09-02T03:59:00.093799+00:00
2026-09-02T00:20:00,capture_daily_furnace_watts,spc,input_number.furnace_running_watts_day_2,774.6,2026-09-02T03:59:00.091658+00:00
2026-09-02T00:20:00,capture_daily_furnace_watts,spc,input_number.furnace_running_watts_day_3,774.5,2026-09-02T03:59:00.087111+00:00
2026-09-02T00:20:00,capture_daily_furnace_watts,spc,input_number.furnace_running_watts_day_4,771.0,2026-09-02T03:59:00.082939+00:00
2026-09-02T00:20:00,capture_daily_furnace_watts,spc,input_number.furnace_running_watts_day_5,772.3,2026-09-02T03:59:00.078938+00:00
2026-09-02T00:20:00,capture_daily_furnace_watts,spc,input_number.furnace_running_watts_day_6,772.7,2026-09-02T03:59:00.069826+00:00
2026-09-02T00:20:00,capture_daily_furnace_watts,spc,input_number.furnace_running_watts_day_7,770.3,2026-09-02T03:59:00.058435+00:00
2026-09-02T00:20:00,capture_daily_furnace_watts,spc,input_datetime.furnace_spc_last_capture,2026-09-01,2026-09-02T03:59:00.099790+00:00
2026-09-02T00:20:00,capture_daily_furnace_watts,spc,input_datetime.furnace_spc_last_seed,2026-08-21,2026-08-31T23:05:36.473947+00:00
2026-09-02T00:20:00,capture_daily_hdd,accumulator,input_number.hdd_day_1,0.0,2026-08-31T23:05:36.491677+00:00
2026-09-02T00:20:00,capture_daily_hdd,accumulator,input_number.hdd_day_2,0.0,2026-08-31T23:05:36.491749+00:00
2026-09-02T00:20:00,capture_daily_hdd,accumulator,input_number.hdd_day_3,0.0,2026-08-31T23:05:36.491822+00:00
2026-09-02T00:20:00,capture_daily_hdd,accumulator,input_number.hdd_day_4,0.0,2026-08-31T23:05:36.491897+00:00
2026-09-02T00:20:00,capture_daily_hdd,accumulator,input_number.hdd_day_5,0.0,2026-08-31T23:05:36.491969+00:00
2026-09-02T00:20:00,capture_daily_hdd,accumulator,input_number.hdd_day_6,0.0,2026-08-31T23:05:36.492039+00:00
2026-09-02T00:20:00,capture_daily_hdd,accumulator,input_number.hdd_day_7,0.0,2026-08-31T23:05:36.492218+00:00
2026-09-02T00:20:00,capture_daily_hdd,accumulator,input_datetime.hdd_capture_last_ok,2026-09-01 23:55:00,2026-09-02T03:55:00.118994+00:00
2026-09-02T00:20:00,capture_daily_hwh_recirc_watts,spc,input_number.hwh_recirc_running_watts_day_1,110.1,2026-09-02T03:59:00.433945+00:00
2026-09-02T00:20:00,capture_daily_hwh_recirc_watts,spc,input_number.hwh_recirc_running_watts_day_2,109.4,2026-09-02T03:59:00.425965+00:00
2026-09-02T00:20:00,capture_daily_hwh_recirc_watts,spc,input_number.hwh_recirc_running_watts_day_3,107.2,2026-09-02T03:59:00.419229+00:00
2026-09-02T00:20:00,capture_daily_hwh_recirc_watts,spc,input_number.hwh_recirc_running_watts_day_4,107.9,2026-09-02T03:59:00.412585+00:00
2026-09-02T00:20:00,capture_daily_hwh_recirc_watts,spc,input_number.hwh_recirc_running_watts_day_5,106.5,2026-09-02T03:59:00.406035+00:00
2026-09-02T00:20:00,capture_daily_hwh_recirc_watts,spc,input_number.hwh_recirc_running_watts_day_6,108.1,2026-09-01T03:59:00.405645+00:00
2026-09-02T00:20:00,capture_daily_hwh_recirc_watts,spc,input_number.hwh_recirc_running_watts_day_7,108.1,2026-09-02T03:59:00.391227+00:00
2026-09-02T00:20:00,capture_daily_hwh_recirc_watts,spc,input_datetime.hwh_recirc_spc_last_capture,2026-09-01,2026-09-02T03:59:00.440903+00:00
2026-09-02T00:20:00,capture_daily_hwh_recirc_watts,spc,input_datetime.hwh_recirc_spc_last_seed,2026-08-21,2026-08-31T23:05:36.474204+00:00
2026-09-02T00:20:00,capture_daily_monthly_tracking,accumulator,input_number.ac_cycles_month_acc,4.0,2026-09-02T03:56:30.259065+00:00
2026-09-02T00:20:00,capture_daily_monthly_tracking,accumulator,input_number.ac_cycles_year_acc,628.0,2026-09-02T03:56:30.261293+00:00
2026-09-02T00:20:00,capture_daily_monthly_tracking,accumulator,input_number.ac_runtime_month_acc,1.0,2026-09-02T03:56:30.255167+00:00
2026-09-02T00:20:00,capture_daily_monthly_tracking,accumulator,input_number.ac_runtime_year_acc,280.68,2026-09-02T03:56:30.261028+00:00
2026-09-02T00:20:00,capture_daily_monthly_tracking,accumulator,input_number.cdd_cumulative_month_auto,1.1,2026-09-02T03:56:30.249114+00:00
2026-09-02T00:20:00,capture_daily_monthly_tracking,accumulator,input_number.cdd_cumulative_year_auto,624.5,2026-09-02T03:56:30.251315+00:00
2026-09-02T00:20:00,capture_daily_monthly_tracking,accumulator,input_number.expected_runtime_sum_month,0.0,2026-08-31T23:05:36.495271+00:00
2026-09-02T00:20:00,capture_daily_monthly_tracking,accumulator,input_number.furnace_cycles_month_acc,0.0,2026-08-31T23:05:36.495422+00:00
2026-09-02T00:20:00,capture_daily_monthly_tracking,accumulator,input_number.furnace_runtime_month_acc,0.0,2026-08-31T23:05:36.495338+00:00
2026-09-02T00:20:00,capture_daily_monthly_tracking,accumulator,input_number.hdd_cumulative_month_auto,0.0,2026-08-31T23:05:36.494833+00:00
2026-09-02T00:20:00,capture_daily_monthly_tracking,accumulator,input_number.hdd_cumulative_year_auto,3726.9,2026-08-31T23:05:36.494911+00:00
2026-09-02T00:20:00,capture_daily_monthly_tracking,accumulator,input_number.outdoor_temp_days_month,1.0,2026-09-02T03:56:30.252544+00:00
2026-09-02T00:20:00,capture_daily_monthly_tracking,accumulator,input_number.outdoor_temp_sum_month,65.4,2026-09-02T03:56:30.251891+00:00
2026-09-02T00:20:00,capture_daily_monthly_tracking,accumulator,input_number.zone_1f_cool_cycles_month_acc,0.0,2026-08-31T23:05:36.496688+00:00
2026-09-02T00:20:00,capture_daily_monthly_tracking,accumulator,input_number.zone_1f_cool_runtime_month_acc,0.0,2026-08-31T23:05:36.496519+00:00
2026-09-02T00:20:00,capture_daily_monthly_tracking,accumulator,input_number.zone_1f_cycles_month_acc,0.0,2026-08-31T23:05:36.496201+00:00
2026-09-02T00:20:00,capture_daily_monthly_tracking,accumulator,input_number.zone_1f_runtime_month_acc,0.0,2026-08-31T23:05:36.495502+00:00
2026-09-02T00:20:00,capture_daily_monthly_tracking,accumulator,input_number.zone_2f_cool_cycles_month_acc,4.0,2026-09-02T03:56:30.260586+00:00
2026-09-02T00:20:00,capture_daily_monthly_tracking,accumulator,input_number.zone_2f_cool_runtime_month_acc,1.0,2026-09-02T03:56:30.259881+00:00
2026-09-02T00:20:00,capture_daily_monthly_tracking,accumulator,input_number.zone_2f_cycles_month_acc,0.0,2026-08-31T23:05:36.496284+00:00
2026-09-02T00:20:00,capture_daily_monthly_tracking,accumulator,input_number.zone_2f_runtime_month_acc,0.0,2026-08-31T23:05:36.496099+00:00
2026-09-02T00:20:00,capture_daily_monthly_tracking,accumulator,input_datetime.monthly_tracking_capture_last_ok,2026-09-01 23:56:30,2026-09-02T03:56:30.243425+00:00
2026-09-02T00:20:00,capture_daily_runtime_per_cdd,accumulator,input_number.runtime_per_cdd_day_1,54.8,2026-09-02T03:56:45.234120+00:00
2026-09-02T00:20:00,capture_daily_runtime_per_cdd,accumulator,input_number.runtime_per_cdd_day_2,36.8,2026-09-02T03:56:45.228491+00:00
2026-09-02T00:20:00,capture_daily_runtime_per_cdd,accumulator,input_number.runtime_per_cdd_day_3,29.1,2026-09-02T03:56:45.222466+00:00
2026-09-02T00:20:00,capture_daily_runtime_per_cdd,accumulator,input_number.runtime_per_cdd_day_4,0.0,2026-09-02T03:56:45.213426+00:00
2026-09-02T00:20:00,capture_daily_runtime_per_cdd,accumulator,input_number.runtime_per_cdd_day_5,21.8,2026-09-02T03:56:45.204479+00:00
2026-09-02T00:20:00,capture_daily_runtime_per_cdd,accumulator,input_number.runtime_per_cdd_day_6,20.1,2026-09-02T03:56:45.195560+00:00
2026-09-02T00:20:00,capture_daily_runtime_per_cdd,accumulator,input_number.runtime_per_cdd_day_7,37.6,2026-09-02T03:56:45.190204+00:00
2026-09-02T00:20:00,capture_daily_runtime_per_cdd,accumulator,input_datetime.runtime_per_cdd_capture_last_ok,2026-09-01 23:56:45,2026-09-02T03:56:45.240977+00:00
2026-09-02T00:20:00,capture_daily_runtime_per_hdd,accumulator,input_number.runtime_per_hdd_day_1,0.0,2026-08-31T23:05:36.492294+00:00
2026-09-02T00:20:00,capture_daily_runtime_per_hdd,accumulator,input_number.runtime_per_hdd_day_2,0.0,2026-08-31T23:05:36.492371+00:00
2026-09-02T00:20:00,capture_daily_runtime_per_hdd,accumulator,input_number.runtime_per_hdd_day_3,0.0,2026-08-31T23:05:36.492445+00:00
2026-09-02T00:20:00,capture_daily_runtime_per_hdd,accumulator,input_number.runtime_per_hdd_day_4,0.0,2026-08-31T23:05:36.492515+00:00
2026-09-02T00:20:00,capture_daily_runtime_per_hdd,accumulator,input_number.runtime_per_hdd_day_5,0.0,2026-08-31T23:05:36.492589+00:00
2026-09-02T00:20:00,capture_daily_runtime_per_hdd,accumulator,input_number.runtime_per_hdd_day_6,0.0,2026-08-31T23:05:36.492665+00:00
2026-09-02T00:20:00,capture_daily_runtime_per_hdd,accumulator,input_number.runtime_per_hdd_day_7,0.0,2026-08-31T23:05:36.492738+00:00
2026-09-02T00:20:00,capture_daily_runtime_per_hdd,accumulator,input_datetime.runtime_per_hdd_capture_last_ok,2026-09-01 23:56:00,2026-09-02T03:56:00.070293+00:00
2026-09-02T00:20:00,capture_daily_water_overnight,leak,input_number.water_overnight_min_day_1,0.0,2026-08-31T23:05:36.545262+00:00
2026-09-02T00:20:00,capture_daily_water_overnight,leak,input_number.water_overnight_min_day_2,0.0,2026-08-31T23:05:36.545336+00:00
2026-09-02T00:20:00,capture_daily_water_overnight,leak,input_number.water_overnight_min_day_3,0.0,2026-08-31T23:05:36.545404+00:00
2026-09-02T00:20:00,capture_daily_water_overnight,leak,input_number.water_overnight_min_day_4,0.0,2026-08-31T23:05:36.545474+00:00
2026-09-02T00:20:00,capture_daily_water_overnight,leak,input_number.water_overnight_min_day_5,0.0,2026-09-01T09:00:45.077295+00:00
2026-09-02T00:20:00,capture_daily_water_overnight,leak,input_number.water_overnight_min_day_6,0.1,2026-09-01T09:00:45.074638+00:00
2026-09-02T00:20:00,capture_daily_water_overnight,leak,input_number.water_overnight_min_day_7,0.0,2026-08-31T23:05:36.545700+00:00
2026-09-02T00:20:00,capture_daily_water_overnight,leak,input_datetime.water_overnight_capture_last_ok,2026-09-01 05:00:45,2026-09-01T09:00:45.088341+00:00
2026-09-03T00:20:00,archive_monthly_cdd,accumulator,input_datetime.cdd_archive_last_ok,2026-08-31 23:58:30,2026-09-02T21:48:34.144098+00:00
2026-09-03T00:20:00,archive_monthly_gas_heat_cost,accumulator,input_datetime.gas_heat_cost_archive_last_ok,2026-08-27 15:32:37,2026-09-02T21:48:34.144217+00:00
2026-09-03T00:20:00,archive_monthly_hdd,accumulator,input_datetime.hdd_archive_last_ok,2026-08-31 23:58:15,2026-09-02T21:48:34.143983+00:00
2026-09-03T00:20:00,capture_daily_ac_cost,accumulator,input_number.ac_cost_year_acc,181.22,2026-09-03T03:59:45.232500+00:00
2026-09-03T00:20:00,capture_daily_ac_cost,accumulator,input_datetime.ac_cost_capture_last_ok,2026-09-02 23:59:45,2026-09-03T03:59:45.234845+00:00
2026-09-03T00:20:00,capture_daily_ac_min_per_cycle,accumulator,input_number.ac_min_per_cycle_day_1,15.1,2026-09-02T21:48:34.160274+00:00
2026-09-03T00:20:00,capture_daily_ac_min_per_cycle,accumulator,input_number.ac_min_per_cycle_day_2,23.0,2026-09-02T21:48:34.160378+00:00
2026-09-03T00:20:00,capture_daily_ac_min_per_cycle,accumulator,input_number.ac_min_per_cycle_day_3,18.3,2026-09-02T21:48:34.160486+00:00
2026-09-03T00:20:00,capture_daily_ac_min_per_cycle,accumulator,input_number.ac_min_per_cycle_day_4,24.5,2026-09-02T21:48:34.160619+00:00
2026-09-03T00:20:00,capture_daily_ac_min_per_cycle,accumulator,input_number.ac_min_per_cycle_day_5,17.8,2026-09-02T21:48:34.160798+00:00
2026-09-03T00:20:00,capture_daily_ac_min_per_cycle,accumulator,input_number.ac_min_per_cycle_day_6,19.7,2026-09-02T21:48:34.160917+00:00
2026-09-03T00:20:00,capture_daily_ac_min_per_cycle,accumulator,input_number.ac_min_per_cycle_day_7,20.6,2026-09-02T21:48:34.161019+00:00
2026-09-03T00:20:00,capture_daily_ac_min_per_cycle,accumulator,input_datetime.ac_min_per_cycle_capture_last_ok,1970-01-01 00:00:00,2026-09-03T03:55:30.200750+00:00
2026-09-03T00:20:00,capture_daily_ac_watts,spc,input_number.ac_running_watts_day_1,2231.3,2026-09-02T21:48:34.186060+00:00
2026-09-03T00:20:00,capture_daily_ac_watts,spc,input_number.ac_running_watts_day_2,2430.6,2026-09-02T21:48:34.186135+00:00
2026-09-03T00:20:00,capture_daily_ac_watts,spc,input_number.ac_running_watts_day_3,2482.1,2026-09-02T21:48:34.186220+00:00
2026-09-03T00:20:00,capture_daily_ac_watts,spc,input_number.ac_running_watts_day_4,2513.7,2026-09-02T21:48:34.186298+00:00
2026-09-03T00:20:00,capture_daily_ac_watts,spc,input_number.ac_running_watts_day_5,2425.6,2026-09-02T21:48:34.186371+00:00
2026-09-03T00:20:00,capture_daily_ac_watts,spc,input_number.ac_running_watts_day_6,2411.9,2026-09-02T21:48:34.186445+00:00
2026-09-03T00:20:00,capture_daily_ac_watts,spc,input_number.ac_running_watts_day_7,2317.0,2026-09-02T21:48:34.186525+00:00
2026-09-03T00:20:00,capture_daily_ac_watts,spc,input_datetime.ac_spc_last_capture,2026-09-01,2026-09-02T21:48:34.145548+00:00
2026-09-03T00:20:00,capture_daily_ac_watts,spc,input_datetime.ac_spc_last_seed,2026-08-21,2026-09-02T21:48:34.146172+00:00
2026-09-03T00:20:00,capture_daily_cdd,accumulator,input_number.cdd_day_1,1.4,2026-09-03T03:55:15.216445+00:00
2026-09-03T00:20:00,capture_daily_cdd,accumulator,input_number.cdd_day_2,1.1,2026-09-03T03:55:15.215210+00:00
2026-09-03T00:20:00,capture_daily_cdd,accumulator,input_number.cdd_day_3,5.0,2026-09-03T03:55:15.213704+00:00
2026-09-03T00:20:00,capture_daily_cdd,accumulator,input_number.cdd_day_4,4.4,2026-09-03T03:55:15.209112+00:00
2026-09-03T00:20:00,capture_daily_cdd,accumulator,input_number.cdd_day_5,2.6,2026-09-03T03:55:15.205791+00:00
2026-09-03T00:20:00,capture_daily_cdd,accumulator,input_number.cdd_day_6,9.0,2026-09-03T03:55:15.202186+00:00
2026-09-03T00:20:00,capture_daily_cdd,accumulator,input_number.cdd_day_7,6.2,2026-09-03T03:55:15.194137+00:00
2026-09-03T00:20:00,capture_daily_cdd,accumulator,input_datetime.cdd_capture_last_ok,2026-09-02 23:55:15,2026-09-03T03:55:15.217551+00:00
2026-09-03T00:20:00,capture_daily_cooling_kwh_cdd,spc,input_number.cooling_kwh_cdd_day_1,0.55,2026-09-03T03:59:00.280570+00:00
2026-09-03T00:20:00,capture_daily_cooling_kwh_cdd,spc,input_number.cooling_kwh_cdd_day_2,2.04,2026-09-03T03:59:00.278698+00:00
2026-09-03T00:20:00,capture_daily_cooling_kwh_cdd,spc,input_number.cooling_kwh_cdd_day_3,1.49,2026-09-03T03:59:00.277167+00:00
2026-09-03T00:20:00,capture_daily_cooling_kwh_cdd,spc,input_number.cooling_kwh_cdd_day_4,1.21,2026-09-03T03:59:00.275107+00:00
2026-09-03T00:20:00,capture_daily_cooling_kwh_cdd,spc,input_number.cooling_kwh_cdd_day_5,0.91,2026-09-03T03:59:00.273561+00:00
2026-09-03T00:20:00,capture_daily_cooling_kwh_cdd,spc,input_number.cooling_kwh_cdd_day_6,0.82,2026-09-03T03:59:00.272062+00:00
2026-09-03T00:20:00,capture_daily_cooling_kwh_cdd,spc,input_number.cooling_kwh_cdd_day_7,1.52,2026-09-03T03:59:00.270394+00:00
2026-09-03T00:20:00,capture_daily_cooling_kwh_cdd,spc,input_datetime.cooling_kwh_cdd_spc_last_capture,2026-09-02,2026-09-03T03:59:00.282366+00:00
2026-09-03T00:20:00,capture_daily_dehumidifier_cost,accumulator,input_number.dehumidifier_cost_year_acc,52.31,2026-09-03T03:59:30.254196+00:00
2026-09-03T00:20:00,capture_daily_dehumidifier_cost,accumulator,input_datetime.dehumidifier_cost_capture_last_ok,2026-09-02 23:59:30,2026-09-03T03:59:30.255258+00:00
2026-09-03T00:20:00,capture_daily_dehumidifier_duty_kwh,accumulator,input_number.dehumidifier_duty_day_1,6.9,2026-09-03T03:59:30.169086+00:00
2026-09-03T00:20:00,capture_daily_dehumidifier_duty_kwh,accumulator,input_number.dehumidifier_duty_day_2,8.2,2026-09-03T03:59:30.167773+00:00
2026-09-03T00:20:00,capture_daily_dehumidifier_duty_kwh,accumulator,input_number.dehumidifier_duty_day_3,9.2,2026-09-03T03:59:30.165913+00:00
2026-09-03T00:20:00,capture_daily_dehumidifier_duty_kwh,accumulator,input_number.dehumidifier_duty_day_4,7.9,2026-09-03T03:59:30.161403+00:00
2026-09-03T00:20:00,capture_daily_dehumidifier_duty_kwh,accumulator,input_number.dehumidifier_duty_day_5,6.8,2026-09-03T03:59:30.159613+00:00
2026-09-03T00:20:00,capture_daily_dehumidifier_duty_kwh,accumulator,input_number.dehumidifier_duty_day_6,7.8,2026-09-03T03:59:30.157971+00:00
2026-09-03T00:20:00,capture_daily_dehumidifier_duty_kwh,accumulator,input_number.dehumidifier_duty_day_7,8.0,2026-09-03T03:59:30.153001+00:00
2026-09-03T00:20:00,capture_daily_dehumidifier_duty_kwh,accumulator,input_number.dehumidifier_kwh_day_1,0.767,2026-09-03T03:59:30.191786+00:00
2026-09-03T00:20:00,capture_daily_dehumidifier_duty_kwh,accumulator,input_number.dehumidifier_kwh_day_2,0.921,2026-09-03T03:59:30.190583+00:00
2026-09-03T00:20:00,capture_daily_dehumidifier_duty_kwh,accumulator,input_number.dehumidifier_kwh_day_3,1.036,2026-09-03T03:59:30.188641+00:00
2026-09-03T00:20:00,capture_daily_dehumidifier_duty_kwh,accumulator,input_number.dehumidifier_kwh_day_4,0.885,2026-09-03T03:59:30.184481+00:00
2026-09-03T00:20:00,capture_daily_dehumidifier_duty_kwh,accumulator,input_number.dehumidifier_kwh_day_5,0.759,2026-09-03T03:59:30.180092+00:00
2026-09-03T00:20:00,capture_daily_dehumidifier_duty_kwh,accumulator,input_number.dehumidifier_kwh_day_6,0.869,2026-09-03T03:59:30.178755+00:00
2026-09-03T00:20:00,capture_daily_dehumidifier_duty_kwh,accumulator,input_number.dehumidifier_kwh_day_7,0.892,2026-09-03T03:59:30.176976+00:00
2026-09-03T00:20:00,capture_daily_dehumidifier_duty_kwh,accumulator,input_datetime.dehumidifier_duty_kwh_capture_last_ok,2026-09-02 23:59:30,2026-09-03T03:59:30.193498+00:00
2026-09-03T00:20:00,capture_daily_dehumidifier_watts,spc,input_number.dehumidifier_running_watts_day_1,465.2,2026-09-03T03:59:00.260434+00:00
2026-09-03T00:20:00,capture_daily_dehumidifier_watts,spc,input_number.dehumidifier_running_watts_day_2,468.2,2026-09-03T03:59:00.258035+00:00
2026-09-03T00:20:00,capture_daily_dehumidifier_watts,spc,input_number.dehumidifier_running_watts_day_3,465.4,2026-09-03T03:59:00.256493+00:00
2026-09-03T00:20:00,capture_daily_dehumidifier_watts,spc,input_number.dehumidifier_running_watts_day_4,464.8,2026-09-03T03:59:00.252755+00:00
2026-09-03T00:20:00,capture_daily_dehumidifier_watts,spc,input_number.dehumidifier_running_watts_day_5,466.4,2026-09-03T03:59:00.250304+00:00
2026-09-03T00:20:00,capture_daily_dehumidifier_watts,spc,input_number.dehumidifier_running_watts_day_6,464.4,2026-09-03T03:59:00.246452+00:00
2026-09-03T00:20:00,capture_daily_dehumidifier_watts,spc,input_number.dehumidifier_running_watts_day_7,464.8,2026-09-03T03:59:00.239494+00:00
2026-09-03T00:20:00,capture_daily_dehumidifier_watts,spc,input_datetime.dehumidifier_spc_last_capture,2026-09-02,2026-09-03T03:59:00.262949+00:00
2026-09-03T00:20:00,capture_daily_dehumidifier_watts,spc,input_datetime.dehumidifier_spc_last_seed,2026-08-21,2026-09-02T21:48:34.146417+00:00
2026-09-03T00:20:00,capture_daily_fridge_watts,spc,input_number.fridge_running_watts_day_1,113.5,2026-09-03T03:59:00.139422+00:00
2026-09-03T00:20:00,capture_daily_fridge_watts,spc,input_number.fridge_running_watts_day_2,112.2,2026-09-03T03:59:00.137400+00:00
2026-09-03T00:20:00,capture_daily_fridge_watts,spc,input_number.fridge_running_watts_day_3,123.9,2026-09-03T03:59:00.133914+00:00
2026-09-03T00:20:00,capture_daily_fridge_watts,spc,input_number.fridge_running_watts_day_4,112.7,2026-09-03T03:59:00.127230+00:00
2026-09-03T00:20:00,capture_daily_fridge_watts,spc,input_number.fridge_running_watts_day_5,124.6,2026-09-03T03:59:00.118326+00:00
2026-09-03T00:20:00,capture_daily_fridge_watts,spc,input_number.fridge_running_watts_day_6,112.9,2026-09-03T03:59:00.110072+00:00
2026-09-03T00:20:00,capture_daily_fridge_watts,spc,input_number.fridge_running_watts_day_7,123.6,2026-09-03T03:59:00.097907+00:00
2026-09-03T00:20:00,capture_daily_fridge_watts,spc,input_datetime.fridge_spc_last_capture,2026-09-02,2026-09-03T03:59:00.142021+00:00
2026-09-03T00:20:00,capture_daily_fridge_watts,spc,input_datetime.fridge_spc_last_seed,2026-08-21,2026-09-02T21:48:34.145930+00:00
2026-09-03T00:20:00,capture_daily_furnace_min_per_cycle,accumulator,input_number.furnace_min_per_cycle_day_1,0.0,2026-09-02T21:48:34.159014+00:00
2026-09-03T00:20:00,capture_daily_furnace_min_per_cycle,accumulator,input_number.furnace_min_per_cycle_day_2,0.0,2026-09-02T21:48:34.159152+00:00
2026-09-03T00:20:00,capture_daily_furnace_min_per_cycle,accumulator,input_number.furnace_min_per_cycle_day_3,0.0,2026-09-02T21:48:34.159275+00:00
2026-09-03T00:20:00,capture_daily_furnace_min_per_cycle,accumulator,input_number.furnace_min_per_cycle_day_4,0.0,2026-09-02T21:48:34.159449+00:00
2026-09-03T00:20:00,capture_daily_furnace_min_per_cycle,accumulator,input_number.furnace_min_per_cycle_day_5,0.0,2026-09-02T21:48:34.159594+00:00
2026-09-03T00:20:00,capture_daily_furnace_min_per_cycle,accumulator,input_number.furnace_min_per_cycle_day_6,0.0,2026-09-02T21:48:34.159695+00:00
2026-09-03T00:20:00,capture_daily_furnace_min_per_cycle,accumulator,input_number.furnace_min_per_cycle_day_7,0.0,2026-09-02T21:48:34.160146+00:00
2026-09-03T00:20:00,capture_daily_furnace_min_per_cycle,accumulator,input_datetime.furnace_cycle_capture_last_ok,1970-01-01 00:00:00,2026-09-02T21:48:34.144709+00:00
2026-09-03T00:20:00,capture_daily_furnace_watts,spc,input_number.furnace_running_watts_day_1,772.9,2026-09-02T21:48:34.185426+00:00
2026-09-03T00:20:00,capture_daily_furnace_watts,spc,input_number.furnace_running_watts_day_2,774.6,2026-09-02T21:48:34.185503+00:00
2026-09-03T00:20:00,capture_daily_furnace_watts,spc,input_number.furnace_running_watts_day_3,774.5,2026-09-02T21:48:34.185591+00:00
2026-09-03T00:20:00,capture_daily_furnace_watts,spc,input_number.furnace_running_watts_day_4,771.0,2026-09-02T21:48:34.185670+00:00
2026-09-03T00:20:00,capture_daily_furnace_watts,spc,input_number.furnace_running_watts_day_5,772.3,2026-09-02T21:48:34.185747+00:00
2026-09-03T00:20:00,capture_daily_furnace_watts,spc,input_number.furnace_running_watts_day_6,772.7,2026-09-02T21:48:34.185826+00:00
2026-09-03T00:20:00,capture_daily_furnace_watts,spc,input_number.furnace_running_watts_day_7,770.3,2026-09-02T21:48:34.185906+00:00
2026-09-03T00:20:00,capture_daily_furnace_watts,spc,input_datetime.furnace_spc_last_capture,2026-09-01,2026-09-02T21:48:34.145413+00:00
2026-09-03T00:20:00,capture_daily_furnace_watts,spc,input_datetime.furnace_spc_last_seed,2026-08-21,2026-09-02T21:48:34.146050+00:00
2026-09-03T00:20:00,capture_daily_hdd,accumulator,input_number.hdd_day_1,0.0,2026-09-02T21:48:34.156367+00:00
2026-09-03T00:20:00,capture_daily_hdd,accumulator,input_number.hdd_day_2,0.0,2026-09-02T21:48:34.156456+00:00
2026-09-03T00:20:00,capture_daily_hdd,accumulator,input_number.hdd_day_3,0.0,2026-09-02T21:48:34.156554+00:00
2026-09-03T00:20:00,capture_daily_hdd,accumulator,input_number.hdd_day_4,0.0,2026-09-02T21:48:34.156644+00:00
2026-09-03T00:20:00,capture_daily_hdd,accumulator,input_number.hdd_day_5,0.0,2026-09-02T21:48:34.156732+00:00
2026-09-03T00:20:00,capture_daily_hdd,accumulator,input_number.hdd_day_6,0.0,2026-09-02T21:48:34.156816+00:00
2026-09-03T00:20:00,capture_daily_hdd,accumulator,input_number.hdd_day_7,0.0,2026-09-02T21:48:34.156901+00:00
2026-09-03T00:20:00,capture_daily_hdd,accumulator,input_datetime.hdd_capture_last_ok,2026-09-02 23:55:00,2026-09-03T03:55:00.398912+00:00
2026-09-03T00:20:00,capture_daily_hwh_recirc_watts,spc,input_number.hwh_recirc_running_watts_day_1,109.5,2026-09-03T03:59:00.293374+00:00
2026-09-03T00:20:00,capture_daily_hwh_recirc_watts,spc,input_number.hwh_recirc_running_watts_day_2,110.1,2026-09-03T03:59:00.292010+00:00
2026-09-03T00:20:00,capture_daily_hwh_recirc_watts,spc,input_number.hwh_recirc_running_watts_day_3,109.4,2026-09-03T03:59:00.290823+00:00
2026-09-03T00:20:00,capture_daily_hwh_recirc_watts,spc,input_number.hwh_recirc_running_watts_day_4,107.2,2026-09-03T03:59:00.289426+00:00
2026-09-03T00:20:00,capture_daily_hwh_recirc_watts,spc,input_number.hwh_recirc_running_watts_day_5,107.9,2026-09-03T03:59:00.287389+00:00
2026-09-03T00:20:00,capture_daily_hwh_recirc_watts,spc,input_number.hwh_recirc_running_watts_day_6,106.5,2026-09-03T03:59:00.285925+00:00
2026-09-03T00:20:00,capture_daily_hwh_recirc_watts,spc,input_number.hwh_recirc_running_watts_day_7,108.1,2026-09-02T21:48:34.187176+00:00
2026-09-03T00:20:00,capture_daily_hwh_recirc_watts,spc,input_datetime.hwh_recirc_spc_last_capture,2026-09-02,2026-09-03T03:59:00.297083+00:00
2026-09-03T00:20:00,capture_daily_hwh_recirc_watts,spc,input_datetime.hwh_recirc_spc_last_seed,2026-08-21,2026-09-02T21:48:34.146295+00:00
2026-09-03T00:20:00,capture_daily_monthly_tracking,accumulator,input_number.ac_cycles_month_acc,5.0,2026-09-03T03:56:30.271602+00:00
2026-09-03T00:20:00,capture_daily_monthly_tracking,accumulator,input_number.ac_cycles_year_acc,629.0,2026-09-03T03:56:30.276677+00:00
2026-09-03T00:20:00,capture_daily_monthly_tracking,accumulator,input_number.ac_runtime_month_acc,1.33,2026-09-03T03:56:30.269660+00:00
2026-09-03T00:20:00,capture_daily_monthly_tracking,accumulator,input_number.ac_runtime_year_acc,281.01,2026-09-03T03:56:30.276232+00:00
2026-09-03T00:20:00,capture_daily_monthly_tracking,accumulator,input_number.cdd_cumulative_month_auto,2.5,2026-09-03T03:56:30.235842+00:00
2026-09-03T00:20:00,capture_daily_monthly_tracking,accumulator,input_number.cdd_cumulative_year_auto,625.9,2026-09-03T03:56:30.244058+00:00
2026-09-03T00:20:00,capture_daily_monthly_tracking,accumulator,input_number.expected_runtime_sum_month,0.0,2026-09-02T21:48:34.161905+00:00
2026-09-03T00:20:00,capture_daily_monthly_tracking,accumulator,input_number.furnace_cycles_month_acc,0.0,2026-09-02T21:48:34.162132+00:00
2026-09-03T00:20:00,capture_daily_monthly_tracking,accumulator,input_number.furnace_runtime_month_acc,0.0,2026-09-02T21:48:34.162024+00:00
2026-09-03T00:20:00,capture_daily_monthly_tracking,accumulator,input_number.hdd_cumulative_month_auto,0.0,2026-09-02T21:48:34.161124+00:00
2026-09-03T00:20:00,capture_daily_monthly_tracking,accumulator,input_number.hdd_cumulative_year_auto,3726.9,2026-09-02T21:48:34.161241+00:00
2026-09-03T00:20:00,capture_daily_monthly_tracking,accumulator,input_number.outdoor_temp_days_month,2.0,2026-09-03T03:56:30.249402+00:00
2026-09-03T00:20:00,capture_daily_monthly_tracking,accumulator,input_number.outdoor_temp_sum_month,132.6,2026-09-03T03:56:30.245752+00:00
2026-09-03T00:20:00,capture_daily_monthly_tracking,accumulator,input_number.zone_1f_cool_cycles_month_acc,0.0,2026-09-02T21:48:34.163351+00:00
2026-09-03T00:20:00,capture_daily_monthly_tracking,accumulator,input_number.zone_1f_cool_runtime_month_acc,0.0,2026-09-02T21:48:34.162945+00:00
2026-09-03T00:20:00,capture_daily_monthly_tracking,accumulator,input_number.zone_1f_cycles_month_acc,0.0,2026-09-02T21:48:34.162466+00:00
2026-09-03T00:20:00,capture_daily_monthly_tracking,accumulator,input_number.zone_1f_runtime_month_acc,0.0,2026-09-02T21:48:34.162243+00:00
2026-09-03T00:20:00,capture_daily_monthly_tracking,accumulator,input_number.zone_2f_cool_cycles_month_acc,5.0,2026-09-03T03:56:30.275412+00:00
2026-09-03T00:20:00,capture_daily_monthly_tracking,accumulator,input_number.zone_2f_cool_runtime_month_acc,1.33,2026-09-03T03:56:30.273256+00:00
2026-09-03T00:20:00,capture_daily_monthly_tracking,accumulator,input_number.zone_2f_cycles_month_acc,0.0,2026-09-02T21:48:34.162586+00:00
2026-09-03T00:20:00,capture_daily_monthly_tracking,accumulator,input_number.zone_2f_runtime_month_acc,0.0,2026-09-02T21:48:34.162358+00:00
2026-09-03T00:20:00,capture_daily_monthly_tracking,accumulator,input_datetime.monthly_tracking_capture_last_ok,2026-09-02 23:56:30,2026-09-03T03:56:30.225153+00:00
2026-09-03T00:20:00,capture_daily_runtime_per_cdd,accumulator,input_number.runtime_per_cdd_day_1,14.3,2026-09-03T03:56:45.476959+00:00
2026-09-03T00:20:00,capture_daily_runtime_per_cdd,accumulator,input_number.runtime_per_cdd_day_2,54.8,2026-09-03T03:56:45.474602+00:00
2026-09-03T00:20:00,capture_daily_runtime_per_cdd,accumulator,input_number.runtime_per_cdd_day_3,36.8,2026-09-03T03:56:45.472916+00:00
2026-09-03T00:20:00,capture_daily_runtime_per_cdd,accumulator,input_number.runtime_per_cdd_day_4,29.1,2026-09-03T03:56:45.468287+00:00
2026-09-03T00:20:00,capture_daily_runtime_per_cdd,accumulator,input_number.runtime_per_cdd_day_5,0.0,2026-09-03T03:56:45.466377+00:00
2026-09-03T00:20:00,capture_daily_runtime_per_cdd,accumulator,input_number.runtime_per_cdd_day_6,21.8,2026-09-03T03:56:45.464649+00:00
2026-09-03T00:20:00,capture_daily_runtime_per_cdd,accumulator,input_number.runtime_per_cdd_day_7,20.1,2026-09-03T03:56:45.461994+00:00
2026-09-03T00:20:00,capture_daily_runtime_per_cdd,accumulator,input_datetime.runtime_per_cdd_capture_last_ok,2026-09-02 23:56:45,2026-09-03T03:56:45.478427+00:00
2026-09-03T00:20:00,capture_daily_runtime_per_hdd,accumulator,input_number.runtime_per_hdd_day_1,0.0,2026-09-02T21:48:34.156989+00:00
2026-09-03T00:20:00,capture_daily_runtime_per_hdd,accumulator,input_number.runtime_per_hdd_day_2,0.0,2026-09-02T21:48:34.157081+00:00
2026-09-03T00:20:00,capture_daily_runtime_per_hdd,accumulator,input_number.runtime_per_hdd_day_3,0.0,2026-09-02T21:48:34.157166+00:00
2026-09-03T00:20:00,capture_daily_runtime_per_hdd,accumulator,input_number.runtime_per_hdd_day_4,0.0,2026-09-02T21:48:34.157255+00:00
2026-09-03T00:20:00,capture_daily_runtime_per_hdd,accumulator,input_number.runtime_per_hdd_day_5,0.0,2026-09-02T21:48:34.157350+00:00
2026-09-03T00:20:00,capture_daily_runtime_per_hdd,accumulator,input_number.runtime_per_hdd_day_6,0.0,2026-09-02T21:48:34.157443+00:00
2026-09-03T00:20:00,capture_daily_runtime_per_hdd,accumulator,input_number.runtime_per_hdd_day_7,0.0,2026-09-02T21:48:34.157530+00:00
2026-09-03T00:20:00,capture_daily_runtime_per_hdd,accumulator,input_datetime.runtime_per_hdd_capture_last_ok,2026-09-02 23:56:00,2026-09-03T03:56:00.147817+00:00
2026-09-03T00:20:00,capture_daily_water_overnight,leak,input_number.water_overnight_min_day_1,0.0,2026-09-02T21:48:34.189699+00:00
2026-09-03T00:20:00,capture_daily_water_overnight,leak,input_number.water_overnight_min_day_2,0.0,2026-09-02T21:48:34.189776+00:00
2026-09-03T00:20:00,capture_daily_water_overnight,leak,input_number.water_overnight_min_day_3,0.0,2026-09-02T21:48:34.189895+00:00
2026-09-03T00:20:00,capture_daily_water_overnight,leak,input_number.water_overnight_min_day_4,0.0,2026-09-02T21:48:34.189977+00:00
2026-09-03T00:20:00,capture_daily_water_overnight,leak,input_number.water_overnight_min_day_5,0.0,2026-09-02T21:48:34.190058+00:00
2026-09-03T00:20:00,capture_daily_water_overnight,leak,input_number.water_overnight_min_day_6,0.0,2026-09-02T21:48:34.190135+00:00
2026-09-03T00:20:00,capture_daily_water_overnight,leak,input_number.water_overnight_min_day_7,0.1,2026-09-02T21:48:34.190212+00:00
2026-09-03T00:20:00,capture_daily_water_overnight,leak,input_datetime.water_overnight_capture_last_ok,2026-09-02 05:00:45,2026-09-02T21:48:34.146667+00:00
2026-09-04T00:20:00,archive_monthly_cdd,accumulator,input_datetime.cdd_archive_last_ok,2026-08-31 23:58:30,2026-09-02T21:48:34.144098+00:00
2026-09-04T00:20:00,archive_monthly_gas_heat_cost,accumulator,input_datetime.gas_heat_cost_archive_last_ok,2026-08-27 15:32:37,2026-09-02T21:48:34.144217+00:00
2026-09-04T00:20:00,archive_monthly_hdd,accumulator,input_datetime.hdd_archive_last_ok,2026-08-31 23:58:15,2026-09-02T21:48:34.143983+00:00
2026-09-04T00:20:00,capture_daily_ac_cost,accumulator,input_number.ac_cost_year_acc,182.52,2026-09-04T03:59:45.231867+00:00
2026-09-04T00:20:00,capture_daily_ac_cost,accumulator,input_datetime.ac_cost_capture_last_ok,2026-09-03 23:59:45,2026-09-04T03:59:45.233289+00:00
2026-09-04T00:20:00,capture_daily_ac_min_per_cycle,accumulator,input_number.ac_min_per_cycle_day_1,17.5,2026-09-04T03:55:30.247452+00:00
2026-09-04T00:20:00,capture_daily_ac_min_per_cycle,accumulator,input_number.ac_min_per_cycle_day_2,15.1,2026-09-04T03:55:30.244430+00:00
2026-09-04T00:20:00,capture_daily_ac_min_per_cycle,accumulator,input_number.ac_min_per_cycle_day_3,23.0,2026-09-04T03:55:30.238751+00:00
2026-09-04T00:20:00,capture_daily_ac_min_per_cycle,accumulator,input_number.ac_min_per_cycle_day_4,18.3,2026-09-04T03:55:30.223771+00:00
2026-09-04T00:20:00,capture_daily_ac_min_per_cycle,accumulator,input_number.ac_min_per_cycle_day_5,24.5,2026-09-04T03:55:30.212751+00:00
2026-09-04T00:20:00,capture_daily_ac_min_per_cycle,accumulator,input_number.ac_min_per_cycle_day_6,17.8,2026-09-04T03:55:30.200085+00:00
2026-09-04T00:20:00,capture_daily_ac_min_per_cycle,accumulator,input_number.ac_min_per_cycle_day_7,19.7,2026-09-04T03:55:30.198900+00:00
2026-09-04T00:20:00,capture_daily_ac_min_per_cycle,accumulator,input_datetime.ac_min_per_cycle_capture_last_ok,2026-09-03 23:55:30,2026-09-04T03:55:30.249432+00:00
2026-09-04T00:20:00,capture_daily_ac_watts,spc,input_number.ac_running_watts_day_1,2420.4,2026-09-04T03:59:00.223316+00:00
2026-09-04T00:20:00,capture_daily_ac_watts,spc,input_number.ac_running_watts_day_2,2231.3,2026-09-04T03:59:00.220374+00:00
2026-09-04T00:20:00,capture_daily_ac_watts,spc,input_number.ac_running_watts_day_3,2430.6,2026-09-04T03:59:00.218292+00:00
2026-09-04T00:20:00,capture_daily_ac_watts,spc,input_number.ac_running_watts_day_4,2482.1,2026-09-04T03:59:00.213336+00:00
2026-09-04T00:20:00,capture_daily_ac_watts,spc,input_number.ac_running_watts_day_5,2513.7,2026-09-04T03:59:00.210015+00:00
2026-09-04T00:20:00,capture_daily_ac_watts,spc,input_number.ac_running_watts_day_6,2425.6,2026-09-04T03:59:00.204499+00:00
2026-09-04T00:20:00,capture_daily_ac_watts,spc,input_number.ac_running_watts_day_7,2411.9,2026-09-04T03:59:00.188934+00:00
2026-09-04T00:20:00,capture_daily_ac_watts,spc,input_datetime.ac_spc_last_capture,2026-09-03,2026-09-04T03:59:00.224882+00:00
2026-09-04T00:20:00,capture_daily_ac_watts,spc,input_datetime.ac_spc_last_seed,2026-08-21,2026-09-02T21:48:34.146172+00:00
2026-09-04T00:20:00,capture_daily_cdd,accumulator,input_number.cdd_day_1,6.1,2026-09-04T03:55:15.199012+00:00
2026-09-04T00:20:00,capture_daily_cdd,accumulator,input_number.cdd_day_2,1.4,2026-09-04T03:55:15.198127+00:00
2026-09-04T00:20:00,capture_daily_cdd,accumulator,input_number.cdd_day_3,1.1,2026-09-04T03:55:15.197206+00:00
2026-09-04T00:20:00,capture_daily_cdd,accumulator,input_number.cdd_day_4,5.0,2026-09-04T03:55:15.194775+00:00
2026-09-04T00:20:00,capture_daily_cdd,accumulator,input_number.cdd_day_5,4.4,2026-09-04T03:55:15.193850+00:00
2026-09-04T00:20:00,capture_daily_cdd,accumulator,input_number.cdd_day_6,2.6,2026-09-04T03:55:15.193105+00:00
2026-09-04T00:20:00,capture_daily_cdd,accumulator,input_number.cdd_day_7,9.0,2026-09-04T03:55:15.192298+00:00
2026-09-04T00:20:00,capture_daily_cdd,accumulator,input_datetime.cdd_capture_last_ok,2026-09-03 23:55:15,2026-09-04T03:55:15.199940+00:00
2026-09-04T00:20:00,capture_daily_cooling_kwh_cdd,spc,input_number.cooling_kwh_cdd_day_1,0.81,2026-09-04T03:59:00.283350+00:00
2026-09-04T00:20:00,capture_daily_cooling_kwh_cdd,spc,input_number.cooling_kwh_cdd_day_2,0.55,2026-09-04T03:59:00.281109+00:00
2026-09-04T00:20:00,capture_daily_cooling_kwh_cdd,spc,input_number.cooling_kwh_cdd_day_3,2.04,2026-09-04T03:59:00.277695+00:00
2026-09-04T00:20:00,capture_daily_cooling_kwh_cdd,spc,input_number.cooling_kwh_cdd_day_4,1.49,2026-09-04T03:59:00.275643+00:00
2026-09-04T00:20:00,capture_daily_cooling_kwh_cdd,spc,input_number.cooling_kwh_cdd_day_5,1.21,2026-09-04T03:59:00.270687+00:00
2026-09-04T00:20:00,capture_daily_cooling_kwh_cdd,spc,input_number.cooling_kwh_cdd_day_6,0.91,2026-09-04T03:59:00.269089+00:00
2026-09-04T00:20:00,capture_daily_cooling_kwh_cdd,spc,input_number.cooling_kwh_cdd_day_7,0.82,2026-09-04T03:59:00.267633+00:00
2026-09-04T00:20:00,capture_daily_cooling_kwh_cdd,spc,input_datetime.cooling_kwh_cdd_spc_last_capture,2026-09-03,2026-09-04T03:59:00.285484+00:00
2026-09-04T00:20:00,capture_daily_dehumidifier_cost,accumulator,input_number.dehumidifier_cost_year_acc,52.5,2026-09-04T03:59:30.256185+00:00
2026-09-04T00:20:00,capture_daily_dehumidifier_cost,accumulator,input_datetime.dehumidifier_cost_capture_last_ok,2026-09-03 23:59:30,2026-09-04T03:59:30.258697+00:00
2026-09-04T00:20:00,capture_daily_dehumidifier_duty_kwh,accumulator,input_number.dehumidifier_duty_day_1,7.1,2026-09-04T03:59:30.167742+00:00
2026-09-04T00:20:00,capture_daily_dehumidifier_duty_kwh,accumulator,input_number.dehumidifier_duty_day_2,6.9,2026-09-04T03:59:30.166580+00:00
2026-09-04T00:20:00,capture_daily_dehumidifier_duty_kwh,accumulator,input_number.dehumidifier_duty_day_3,8.2,2026-09-04T03:59:30.158964+00:00
2026-09-04T00:20:00,capture_daily_dehumidifier_duty_kwh,accumulator,input_number.dehumidifier_duty_day_4,9.2,2026-09-04T03:59:30.156798+00:00
2026-09-04T00:20:00,capture_daily_dehumidifier_duty_kwh,accumulator,input_number.dehumidifier_duty_day_5,7.9,2026-09-04T03:59:30.155841+00:00
2026-09-04T00:20:00,capture_daily_dehumidifier_duty_kwh,accumulator,input_number.dehumidifier_duty_day_6,6.8,2026-09-04T03:59:30.154154+00:00
2026-09-04T00:20:00,capture_daily_dehumidifier_duty_kwh,accumulator,input_number.dehumidifier_duty_day_7,7.8,2026-09-04T03:59:30.152208+00:00
2026-09-04T00:20:00,capture_daily_dehumidifier_duty_kwh,accumulator,input_number.dehumidifier_kwh_day_1,0.788,2026-09-04T03:59:30.176194+00:00
2026-09-04T00:20:00,capture_daily_dehumidifier_duty_kwh,accumulator,input_number.dehumidifier_kwh_day_2,0.767,2026-09-04T03:59:30.175223+00:00
2026-09-04T00:20:00,capture_daily_dehumidifier_duty_kwh,accumulator,input_number.dehumidifier_kwh_day_3,0.921,2026-09-04T03:59:30.174217+00:00
2026-09-04T00:20:00,capture_daily_dehumidifier_duty_kwh,accumulator,input_number.dehumidifier_kwh_day_4,1.036,2026-09-04T03:59:30.170820+00:00
2026-09-04T00:20:00,capture_daily_dehumidifier_duty_kwh,accumulator,input_number.dehumidifier_kwh_day_5,0.885,2026-09-04T03:59:30.170258+00:00
2026-09-04T00:20:00,capture_daily_dehumidifier_duty_kwh,accumulator,input_number.dehumidifier_kwh_day_6,0.759,2026-09-04T03:59:30.169640+00:00
2026-09-04T00:20:00,capture_daily_dehumidifier_duty_kwh,accumulator,input_number.dehumidifier_kwh_day_7,0.869,2026-09-04T03:59:30.168823+00:00
2026-09-04T00:20:00,capture_daily_dehumidifier_duty_kwh,accumulator,input_datetime.dehumidifier_duty_kwh_capture_last_ok,2026-09-03 23:59:30,2026-09-04T03:59:30.177978+00:00
2026-09-04T00:20:00,capture_daily_dehumidifier_watts,spc,input_number.dehumidifier_running_watts_day_1,463.3,2026-09-04T03:59:00.261390+00:00
2026-09-04T00:20:00,capture_daily_dehumidifier_watts,spc,input_number.dehumidifier_running_watts_day_2,465.2,2026-09-04T03:59:00.257847+00:00
2026-09-04T00:20:00,capture_daily_dehumidifier_watts,spc,input_number.dehumidifier_running_watts_day_3,468.2,2026-09-04T03:59:00.256197+00:00
2026-09-04T00:20:00,capture_daily_dehumidifier_watts,spc,input_number.dehumidifier_running_watts_day_4,465.4,2026-09-04T03:59:00.254842+00:00
2026-09-04T00:20:00,capture_daily_dehumidifier_watts,spc,input_number.dehumidifier_running_watts_day_5,464.8,2026-09-04T03:59:00.251883+00:00
2026-09-04T00:20:00,capture_daily_dehumidifier_watts,spc,input_number.dehumidifier_running_watts_day_6,466.4,2026-09-04T03:59:00.250284+00:00
2026-09-04T00:20:00,capture_daily_dehumidifier_watts,spc,input_number.dehumidifier_running_watts_day_7,464.4,2026-09-04T03:59:00.248581+00:00
2026-09-04T00:20:00,capture_daily_dehumidifier_watts,spc,input_datetime.dehumidifier_spc_last_capture,2026-09-03,2026-09-04T03:59:00.263330+00:00
2026-09-04T00:20:00,capture_daily_dehumidifier_watts,spc,input_datetime.dehumidifier_spc_last_seed,2026-08-21,2026-09-02T21:48:34.146417+00:00
2026-09-04T00:20:00,capture_daily_fridge_watts,spc,input_number.fridge_running_watts_day_1,121.6,2026-09-04T03:59:00.120281+00:00
2026-09-04T00:20:00,capture_daily_fridge_watts,spc,input_number.fridge_running_watts_day_2,113.5,2026-09-04T03:59:00.118845+00:00
2026-09-04T00:20:00,capture_daily_fridge_watts,spc,input_number.fridge_running_watts_day_3,112.2,2026-09-04T03:59:00.116888+00:00
2026-09-04T00:20:00,capture_daily_fridge_watts,spc,input_number.fridge_running_watts_day_4,123.9,2026-09-04T03:59:00.113096+00:00
2026-09-04T00:20:00,capture_daily_fridge_watts,spc,input_number.fridge_running_watts_day_5,112.7,2026-09-04T03:59:00.109626+00:00
2026-09-04T00:20:00,capture_daily_fridge_watts,spc,input_number.fridge_running_watts_day_6,124.6,2026-09-04T03:59:00.104396+00:00
2026-09-04T00:20:00,capture_daily_fridge_watts,spc,input_number.fridge_running_watts_day_7,112.9,2026-09-04T03:59:00.097706+00:00
2026-09-04T00:20:00,capture_daily_fridge_watts,spc,input_datetime.fridge_spc_last_capture,2026-09-03,2026-09-04T03:59:00.122496+00:00
2026-09-04T00:20:00,capture_daily_fridge_watts,spc,input_datetime.fridge_spc_last_seed,2026-08-21,2026-09-02T21:48:34.145930+00:00
2026-09-04T00:20:00,capture_daily_furnace_min_per_cycle,accumulator,input_number.furnace_min_per_cycle_day_1,0.0,2026-09-02T21:48:34.159014+00:00
2026-09-04T00:20:00,capture_daily_furnace_min_per_cycle,accumulator,input_number.furnace_min_per_cycle_day_2,0.0,2026-09-02T21:48:34.159152+00:00
2026-09-04T00:20:00,capture_daily_furnace_min_per_cycle,accumulator,input_number.furnace_min_per_cycle_day_3,0.0,2026-09-02T21:48:34.159275+00:00
2026-09-04T00:20:00,capture_daily_furnace_min_per_cycle,accumulator,input_number.furnace_min_per_cycle_day_4,0.0,2026-09-02T21:48:34.159449+00:00
2026-09-04T00:20:00,capture_daily_furnace_min_per_cycle,accumulator,input_number.furnace_min_per_cycle_day_5,0.0,2026-09-02T21:48:34.159594+00:00
2026-09-04T00:20:00,capture_daily_furnace_min_per_cycle,accumulator,input_number.furnace_min_per_cycle_day_6,0.0,2026-09-02T21:48:34.159695+00:00
2026-09-04T00:20:00,capture_daily_furnace_min_per_cycle,accumulator,input_number.furnace_min_per_cycle_day_7,0.0,2026-09-02T21:48:34.160146+00:00
2026-09-04T00:20:00,capture_daily_furnace_min_per_cycle,accumulator,input_datetime.furnace_cycle_capture_last_ok,1970-01-01 00:00:00,2026-09-02T21:48:34.144709+00:00
2026-09-04T00:20:00,capture_daily_furnace_watts,spc,input_number.furnace_running_watts_day_1,774.1,2026-09-04T03:59:00.239660+00:00
2026-09-04T00:20:00,capture_daily_furnace_watts,spc,input_number.furnace_running_watts_day_2,772.9,2026-09-04T03:59:00.238254+00:00
2026-09-04T00:20:00,capture_daily_furnace_watts,spc,input_number.furnace_running_watts_day_3,774.6,2026-09-04T03:59:00.237418+00:00
2026-09-04T00:20:00,capture_daily_furnace_watts,spc,input_number.furnace_running_watts_day_4,774.5,2026-09-04T03:59:00.235913+00:00
2026-09-04T00:20:00,capture_daily_furnace_watts,spc,input_number.furnace_running_watts_day_5,771.0,2026-09-04T03:59:00.234163+00:00
2026-09-04T00:20:00,capture_daily_furnace_watts,spc,input_number.furnace_running_watts_day_6,772.3,2026-09-04T03:59:00.230924+00:00
2026-09-04T00:20:00,capture_daily_furnace_watts,spc,input_number.furnace_running_watts_day_7,772.7,2026-09-04T03:59:00.228000+00:00
2026-09-04T00:20:00,capture_daily_furnace_watts,spc,input_datetime.furnace_spc_last_capture,2026-09-03,2026-09-04T03:59:00.245587+00:00
2026-09-04T00:20:00,capture_daily_furnace_watts,spc,input_datetime.furnace_spc_last_seed,2026-08-21,2026-09-02T21:48:34.146050+00:00
2026-09-04T00:20:00,capture_daily_hdd,accumulator,input_number.hdd_day_1,0.0,2026-09-02T21:48:34.156367+00:00
2026-09-04T00:20:00,capture_daily_hdd,accumulator,input_number.hdd_day_2,0.0,2026-09-02T21:48:34.156456+00:00
2026-09-04T00:20:00,capture_daily_hdd,accumulator,input_number.hdd_day_3,0.0,2026-09-02T21:48:34.156554+00:00
2026-09-04T00:20:00,capture_daily_hdd,accumulator,input_number.hdd_day_4,0.0,2026-09-02T21:48:34.156644+00:00
2026-09-04T00:20:00,capture_daily_hdd,accumulator,input_number.hdd_day_5,0.0,2026-09-02T21:48:34.156732+00:00
2026-09-04T00:20:00,capture_daily_hdd,accumulator,input_number.hdd_day_6,0.0,2026-09-02T21:48:34.156816+00:00
2026-09-04T00:20:00,capture_daily_hdd,accumulator,input_number.hdd_day_7,0.0,2026-09-02T21:48:34.156901+00:00
2026-09-04T00:20:00,capture_daily_hdd,accumulator,input_datetime.hdd_capture_last_ok,2026-09-03 23:55:00,2026-09-04T03:55:00.410677+00:00
2026-09-04T00:20:00,capture_daily_hwh_recirc_watts,spc,input_number.hwh_recirc_running_watts_day_1,107.7,2026-09-04T03:59:00.304931+00:00
2026-09-04T00:20:00,capture_daily_hwh_recirc_watts,spc,input_number.hwh_recirc_running_watts_day_2,109.5,2026-09-04T03:59:00.302145+00:00
2026-09-04T00:20:00,capture_daily_hwh_recirc_watts,spc,input_number.hwh_recirc_running_watts_day_3,110.1,2026-09-04T03:59:00.300687+00:00
2026-09-04T00:20:00,capture_daily_hwh_recirc_watts,spc,input_number.hwh_recirc_running_watts_day_4,109.4,2026-09-04T03:59:00.299547+00:00
2026-09-04T00:20:00,capture_daily_hwh_recirc_watts,spc,input_number.hwh_recirc_running_watts_day_5,107.2,2026-09-04T03:59:00.298019+00:00
2026-09-04T00:20:00,capture_daily_hwh_recirc_watts,spc,input_number.hwh_recirc_running_watts_day_6,107.9,2026-09-04T03:59:00.292076+00:00
2026-09-04T00:20:00,capture_daily_hwh_recirc_watts,spc,input_number.hwh_recirc_running_watts_day_7,106.5,2026-09-04T03:59:00.290439+00:00
2026-09-04T00:20:00,capture_daily_hwh_recirc_watts,spc,input_datetime.hwh_recirc_spc_last_capture,2026-09-03,2026-09-04T03:59:00.306849+00:00
2026-09-04T00:20:00,capture_daily_hwh_recirc_watts,spc,input_datetime.hwh_recirc_spc_last_seed,2026-08-21,2026-09-02T21:48:34.146295+00:00
2026-09-04T00:20:00,capture_daily_monthly_tracking,accumulator,input_number.ac_cycles_month_acc,12.0,2026-09-04T03:56:30.266891+00:00
2026-09-04T00:20:00,capture_daily_monthly_tracking,accumulator,input_number.ac_cycles_year_acc,636.0,2026-09-04T03:56:30.271407+00:00
2026-09-04T00:20:00,capture_daily_monthly_tracking,accumulator,input_number.ac_runtime_month_acc,3.37,2026-09-04T03:56:30.265207+00:00
2026-09-04T00:20:00,capture_daily_monthly_tracking,accumulator,input_number.ac_runtime_year_acc,283.05,2026-09-04T03:56:30.271128+00:00
2026-09-04T00:20:00,capture_daily_monthly_tracking,accumulator,input_number.cdd_cumulative_month_auto,8.6,2026-09-04T03:56:30.237302+00:00
2026-09-04T00:20:00,capture_daily_monthly_tracking,accumulator,input_number.cdd_cumulative_year_auto,632.0,2026-09-04T03:56:30.246939+00:00
2026-09-04T00:20:00,capture_daily_monthly_tracking,accumulator,input_number.expected_runtime_sum_month,0.0,2026-09-02T21:48:34.161905+00:00
2026-09-04T00:20:00,capture_daily_monthly_tracking,accumulator,input_number.furnace_cycles_month_acc,0.0,2026-09-02T21:48:34.162132+00:00
2026-09-04T00:20:00,capture_daily_monthly_tracking,accumulator,input_number.furnace_runtime_month_acc,0.0,2026-09-02T21:48:34.162024+00:00
2026-09-04T00:20:00,capture_daily_monthly_tracking,accumulator,input_number.hdd_cumulative_month_auto,0.0,2026-09-02T21:48:34.161124+00:00
2026-09-04T00:20:00,capture_daily_monthly_tracking,accumulator,input_number.hdd_cumulative_year_auto,3726.9,2026-09-02T21:48:34.161241+00:00
2026-09-04T00:20:00,capture_daily_monthly_tracking,accumulator,input_number.outdoor_temp_days_month,3.0,2026-09-04T03:56:30.249063+00:00
2026-09-04T00:20:00,capture_daily_monthly_tracking,accumulator,input_number.outdoor_temp_sum_month,204.4,2026-09-04T03:56:30.247858+00:00
2026-09-04T00:20:00,capture_daily_monthly_tracking,accumulator,input_number.zone_1f_cool_cycles_month_acc,0.0,2026-09-02T21:48:34.163351+00:00
2026-09-04T00:20:00,capture_daily_monthly_tracking,accumulator,input_number.zone_1f_cool_runtime_month_acc,0.0,2026-09-02T21:48:34.162945+00:00
2026-09-04T00:20:00,capture_daily_monthly_tracking,accumulator,input_number.zone_1f_cycles_month_acc,0.0,2026-09-02T21:48:34.162466+00:00
2026-09-04T00:20:00,capture_daily_monthly_tracking,accumulator,input_number.zone_1f_runtime_month_acc,0.0,2026-09-02T21:48:34.162243+00:00
2026-09-04T00:20:00,capture_daily_monthly_tracking,accumulator,input_number.zone_2f_cool_cycles_month_acc,12.0,2026-09-04T03:56:30.270546+00:00
2026-09-04T00:20:00,capture_daily_monthly_tracking,accumulator,input_number.zone_2f_cool_runtime_month_acc,3.37,2026-09-04T03:56:30.268048+00:00
2026-09-04T00:20:00,capture_daily_monthly_tracking,accumulator,input_number.zone_2f_cycles_month_acc,0.0,2026-09-02T21:48:34.162586+00:00
2026-09-04T00:20:00,capture_daily_monthly_tracking,accumulator,input_number.zone_2f_runtime_month_acc,0.0,2026-09-02T21:48:34.162358+00:00
2026-09-04T00:20:00,capture_daily_monthly_tracking,accumulator,input_datetime.monthly_tracking_capture_last_ok,2026-09-03 23:56:30,2026-09-04T03:56:30.226715+00:00
2026-09-04T00:20:00,capture_daily_runtime_per_cdd,accumulator,input_number.runtime_per_cdd_day_1,20.1,2026-09-04T03:56:45.497150+00:00
2026-09-04T00:20:00,capture_daily_runtime_per_cdd,accumulator,input_number.runtime_per_cdd_day_2,14.3,2026-09-04T03:56:45.494652+00:00
2026-09-04T00:20:00,capture_daily_runtime_per_cdd,accumulator,input_number.runtime_per_cdd_day_3,54.8,2026-09-04T03:56:45.493241+00:00
2026-09-04T00:20:00,capture_daily_runtime_per_cdd,accumulator,input_number.runtime_per_cdd_day_4,36.8,2026-09-04T03:56:45.491315+00:00
2026-09-04T00:20:00,capture_daily_runtime_per_cdd,accumulator,input_number.runtime_per_cdd_day_5,29.1,2026-09-04T03:56:45.479232+00:00
2026-09-04T00:20:00,capture_daily_runtime_per_cdd,accumulator,input_number.runtime_per_cdd_day_6,0.0,2026-09-04T03:56:45.467833+00:00
2026-09-04T00:20:00,capture_daily_runtime_per_cdd,accumulator,input_number.runtime_per_cdd_day_7,21.8,2026-09-04T03:56:45.459378+00:00
2026-09-04T00:20:00,capture_daily_runtime_per_cdd,accumulator,input_datetime.runtime_per_cdd_capture_last_ok,2026-09-03 23:56:45,2026-09-04T03:56:45.498457+00:00
2026-09-04T00:20:00,capture_daily_runtime_per_hdd,accumulator,input_number.runtime_per_hdd_day_1,0.0,2026-09-02T21:48:34.156989+00:00
2026-09-04T00:20:00,capture_daily_runtime_per_hdd,accumulator,input_number.runtime_per_hdd_day_2,0.0,2026-09-02T21:48:34.157081+00:00
2026-09-04T00:20:00,capture_daily_runtime_per_hdd,accumulator,input_number.runtime_per_hdd_day_3,0.0,2026-09-02T21:48:34.157166+00:00
2026-09-04T00:20:00,capture_daily_runtime_per_hdd,accumulator,input_number.runtime_per_hdd_day_4,0.0,2026-09-02T21:48:34.157255+00:00
2026-09-04T00:20:00,capture_daily_runtime_per_hdd,accumulator,input_number.runtime_per_hdd_day_5,0.0,2026-09-02T21:48:34.157350+00:00
2026-09-04T00:20:00,capture_daily_runtime_per_hdd,accumulator,input_number.runtime_per_hdd_day_6,0.0,2026-09-02T21:48:34.157443+00:00
2026-09-04T00:20:00,capture_daily_runtime_per_hdd,accumulator,input_number.runtime_per_hdd_day_7,0.0,2026-09-02T21:48:34.157530+00:00
2026-09-04T00:20:00,capture_daily_runtime_per_hdd,accumulator,input_datetime.runtime_per_hdd_capture_last_ok,2026-09-03 23:56:00,2026-09-04T03:56:00.163251+00:00
2026-09-04T00:20:00,capture_daily_water_overnight,leak,input_number.water_overnight_min_day_1,0.0,2026-09-02T21:48:34.189699+00:00
2026-09-04T00:20:00,capture_daily_water_overnight,leak,input_number.water_overnight_min_day_2,0.0,2026-09-02T21:48:34.189776+00:00
2026-09-04T00:20:00,capture_daily_water_overnight,leak,input_number.water_overnight_min_day_3,0.0,2026-09-02T21:48:34.189895+00:00
2026-09-04T00:20:00,capture_daily_water_overnight,leak,input_number.water_overnight_min_day_4,0.0,2026-09-02T21:48:34.189977+00:00
2026-09-04T00:20:00,capture_daily_water_overnight,leak,input_number.water_overnight_min_day_5,0.0,2026-09-02T21:48:34.190058+00:00
2026-09-04T00:20:00,capture_daily_water_overnight,leak,input_number.water_overnight_min_day_6,0.0,2026-09-02T21:48:34.190135+00:00
2026-09-04T00:20:00,capture_daily_water_overnight,leak,input_number.water_overnight_min_day_7,0.0,2026-09-03T09:00:45.193130+00:00
2026-09-04T00:20:00,capture_daily_water_overnight,leak,input_datetime.water_overnight_capture_last_ok,2026-09-03 05:00:45,2026-09-03T09:00:45.200643+00:00
2026-09-05T00:20:00,archive_monthly_cdd,accumulator,input_datetime.cdd_archive_last_ok,2026-08-31 23:58:30,2026-09-02T21:48:34.144098+00:00
2026-09-05T00:20:00,archive_monthly_gas_heat_cost,accumulator,input_datetime.gas_heat_cost_archive_last_ok,2026-08-27 15:32:37,2026-09-02T21:48:34.144217+00:00
2026-09-05T00:20:00,archive_monthly_hdd,accumulator,input_datetime.hdd_archive_last_ok,2026-08-31 23:58:15,2026-09-02T21:48:34.143983+00:00
2026-09-05T00:20:00,capture_daily_ac_cost,accumulator,input_number.ac_cost_year_acc,184.54,2026-09-05T03:59:45.232004+00:00
2026-09-05T00:20:00,capture_daily_ac_cost,accumulator,input_datetime.ac_cost_capture_last_ok,2026-09-04 23:59:45,2026-09-05T03:59:45.233216+00:00
2026-09-05T00:20:00,capture_daily_ac_min_per_cycle,accumulator,input_number.ac_min_per_cycle_day_1,26.5,2026-09-05T03:55:30.246026+00:00
2026-09-05T00:20:00,capture_daily_ac_min_per_cycle,accumulator,input_number.ac_min_per_cycle_day_2,17.5,2026-09-05T03:55:30.244219+00:00
2026-09-05T00:20:00,capture_daily_ac_min_per_cycle,accumulator,input_number.ac_min_per_cycle_day_3,15.1,2026-09-05T03:55:30.239907+00:00
2026-09-05T00:20:00,capture_daily_ac_min_per_cycle,accumulator,input_number.ac_min_per_cycle_day_4,23.0,2026-09-05T03:55:30.233689+00:00
2026-09-05T00:20:00,capture_daily_ac_min_per_cycle,accumulator,input_number.ac_min_per_cycle_day_5,18.3,2026-09-05T03:55:30.225959+00:00
2026-09-05T00:20:00,capture_daily_ac_min_per_cycle,accumulator,input_number.ac_min_per_cycle_day_6,24.5,2026-09-05T03:55:30.213199+00:00
2026-09-05T00:20:00,capture_daily_ac_min_per_cycle,accumulator,input_number.ac_min_per_cycle_day_7,17.8,2026-09-05T03:55:30.200114+00:00
2026-09-05T00:20:00,capture_daily_ac_min_per_cycle,accumulator,input_datetime.ac_min_per_cycle_capture_last_ok,2026-09-04 23:55:30,2026-09-05T03:55:30.250437+00:00
2026-09-05T00:20:00,capture_daily_ac_watts,spc,input_number.ac_running_watts_day_1,2484.8,2026-09-05T03:59:00.244054+00:00
2026-09-05T00:20:00,capture_daily_ac_watts,spc,input_number.ac_running_watts_day_2,2420.4,2026-09-05T03:59:00.242435+00:00
2026-09-05T00:20:00,capture_daily_ac_watts,spc,input_number.ac_running_watts_day_3,2231.3,2026-09-05T03:59:00.239677+00:00
2026-09-05T00:20:00,capture_daily_ac_watts,spc,input_number.ac_running_watts_day_4,2430.6,2026-09-05T03:59:00.234841+00:00
2026-09-05T00:20:00,capture_daily_ac_watts,spc,input_number.ac_running_watts_day_5,2482.1,2026-09-05T03:59:00.221384+00:00
2026-09-05T00:20:00,capture_daily_ac_watts,spc,input_number.ac_running_watts_day_6,2513.7,2026-09-05T03:59:00.193606+00:00
2026-09-05T00:20:00,capture_daily_ac_watts,spc,input_number.ac_running_watts_day_7,2425.6,2026-09-05T03:59:00.186952+00:00
2026-09-05T00:20:00,capture_daily_ac_watts,spc,input_datetime.ac_spc_last_capture,2026-09-04,2026-09-05T03:59:00.247039+00:00
2026-09-05T00:20:00,capture_daily_ac_watts,spc,input_datetime.ac_spc_last_seed,2026-08-21,2026-09-02T21:48:34.146172+00:00
2026-09-05T00:20:00,capture_daily_cdd,accumulator,input_number.cdd_day_1,8.4,2026-09-05T03:55:15.206130+00:00
2026-09-05T00:20:00,capture_daily_cdd,accumulator,input_number.cdd_day_2,6.1,2026-09-05T03:55:15.204112+00:00
2026-09-05T00:20:00,capture_daily_cdd,accumulator,input_number.cdd_day_3,1.4,2026-09-05T03:55:15.203384+00:00
2026-09-05T00:20:00,capture_daily_cdd,accumulator,input_number.cdd_day_4,1.1,2026-09-05T03:55:15.202659+00:00
2026-09-05T00:20:00,capture_daily_cdd,accumulator,input_number.cdd_day_5,5.0,2026-09-05T03:55:15.201918+00:00
2026-09-05T00:20:00,capture_daily_cdd,accumulator,input_number.cdd_day_6,4.4,2026-09-05T03:55:15.201159+00:00
2026-09-05T00:20:00,capture_daily_cdd,accumulator,input_number.cdd_day_7,2.6,2026-09-05T03:55:15.200272+00:00
2026-09-05T00:20:00,capture_daily_cdd,accumulator,input_datetime.cdd_capture_last_ok,2026-09-04 23:55:15,2026-09-05T03:55:15.206927+00:00
2026-09-05T00:20:00,capture_daily_cooling_kwh_cdd,spc,input_number.cooling_kwh_cdd_day_1,0.92,2026-09-05T03:59:00.318585+00:00
2026-09-05T00:20:00,capture_daily_cooling_kwh_cdd,spc,input_number.cooling_kwh_cdd_day_2,0.81,2026-09-05T03:59:00.316857+00:00
2026-09-05T00:20:00,capture_daily_cooling_kwh_cdd,spc,input_number.cooling_kwh_cdd_day_3,0.55,2026-09-05T03:59:00.313242+00:00
2026-09-05T00:20:00,capture_daily_cooling_kwh_cdd,spc,input_number.cooling_kwh_cdd_day_4,2.04,2026-09-05T03:59:00.310735+00:00
2026-09-05T00:20:00,capture_daily_cooling_kwh_cdd,spc,input_number.cooling_kwh_cdd_day_5,1.49,2026-09-05T03:59:00.303134+00:00
2026-09-05T00:20:00,capture_daily_cooling_kwh_cdd,spc,input_number.cooling_kwh_cdd_day_6,1.21,2026-09-05T03:59:00.301762+00:00
2026-09-05T00:20:00,capture_daily_cooling_kwh_cdd,spc,input_number.cooling_kwh_cdd_day_7,0.91,2026-09-05T03:59:00.300257+00:00
2026-09-05T00:20:00,capture_daily_cooling_kwh_cdd,spc,input_datetime.cooling_kwh_cdd_spc_last_capture,2026-09-04,2026-09-05T03:59:00.321506+00:00
2026-09-05T00:20:00,capture_daily_dehumidifier_cost,accumulator,input_number.dehumidifier_cost_year_acc,52.74,2026-09-05T03:59:30.255101+00:00
2026-09-05T00:20:00,capture_daily_dehumidifier_cost,accumulator,input_datetime.dehumidifier_cost_capture_last_ok,2026-09-04 23:59:30,2026-09-05T03:59:30.256177+00:00
2026-09-05T00:20:00,capture_daily_dehumidifier_duty_kwh,accumulator,input_number.dehumidifier_duty_day_1,9.0,2026-09-05T03:59:30.171511+00:00
2026-09-05T00:20:00,capture_daily_dehumidifier_duty_kwh,accumulator,input_number.dehumidifier_duty_day_2,7.1,2026-09-05T03:59:30.169495+00:00
2026-09-05T00:20:00,capture_daily_dehumidifier_duty_kwh,accumulator,input_number.dehumidifier_duty_day_3,6.9,2026-09-05T03:59:30.162112+00:00
2026-09-05T00:20:00,capture_daily_dehumidifier_duty_kwh,accumulator,input_number.dehumidifier_duty_day_4,8.2,2026-09-05T03:59:30.159949+00:00
2026-09-05T00:20:00,capture_daily_dehumidifier_duty_kwh,accumulator,input_number.dehumidifier_duty_day_5,9.2,2026-09-05T03:59:30.154500+00:00
2026-09-05T00:20:00,capture_daily_dehumidifier_duty_kwh,accumulator,input_number.dehumidifier_duty_day_6,7.9,2026-09-05T03:59:30.154030+00:00
2026-09-05T00:20:00,capture_daily_dehumidifier_duty_kwh,accumulator,input_number.dehumidifier_duty_day_7,6.8,2026-09-05T03:59:30.152582+00:00
2026-09-05T00:20:00,capture_daily_dehumidifier_duty_kwh,accumulator,input_number.dehumidifier_kwh_day_1,1.0,2026-09-05T03:59:30.186154+00:00
2026-09-05T00:20:00,capture_daily_dehumidifier_duty_kwh,accumulator,input_number.dehumidifier_kwh_day_2,0.788,2026-09-05T03:59:30.184881+00:00
2026-09-05T00:20:00,capture_daily_dehumidifier_duty_kwh,accumulator,input_number.dehumidifier_kwh_day_3,0.767,2026-09-05T03:59:30.183089+00:00
2026-09-05T00:20:00,capture_daily_dehumidifier_duty_kwh,accumulator,input_number.dehumidifier_kwh_day_4,0.921,2026-09-05T03:59:30.179837+00:00
2026-09-05T00:20:00,capture_daily_dehumidifier_duty_kwh,accumulator,input_number.dehumidifier_kwh_day_5,1.036,2026-09-05T03:59:30.178709+00:00
2026-09-05T00:20:00,capture_daily_dehumidifier_duty_kwh,accumulator,input_number.dehumidifier_kwh_day_6,0.885,2026-09-05T03:59:30.177239+00:00
2026-09-05T00:20:00,capture_daily_dehumidifier_duty_kwh,accumulator,input_number.dehumidifier_kwh_day_7,0.759,2026-09-05T03:59:30.175162+00:00
2026-09-05T00:20:00,capture_daily_dehumidifier_duty_kwh,accumulator,input_datetime.dehumidifier_duty_kwh_capture_last_ok,2026-09-04 23:59:30,2026-09-05T03:59:30.191756+00:00
2026-09-05T00:20:00,capture_daily_dehumidifier_watts,spc,input_number.dehumidifier_running_watts_day_1,463.3,2026-09-04T03:59:00.261390+00:00
2026-09-05T00:20:00,capture_daily_dehumidifier_watts,spc,input_number.dehumidifier_running_watts_day_2,463.3,2026-09-05T03:59:00.292716+00:00
2026-09-05T00:20:00,capture_daily_dehumidifier_watts,spc,input_number.dehumidifier_running_watts_day_3,465.2,2026-09-05T03:59:00.291349+00:00
2026-09-05T00:20:00,capture_daily_dehumidifier_watts,spc,input_number.dehumidifier_running_watts_day_4,468.2,2026-09-05T03:59:00.290013+00:00
2026-09-05T00:20:00,capture_daily_dehumidifier_watts,spc,input_number.dehumidifier_running_watts_day_5,465.4,2026-09-05T03:59:00.288230+00:00
2026-09-05T00:20:00,capture_daily_dehumidifier_watts,spc,input_number.dehumidifier_running_watts_day_6,464.8,2026-09-05T03:59:00.287105+00:00
2026-09-05T00:20:00,capture_daily_dehumidifier_watts,spc,input_number.dehumidifier_running_watts_day_7,466.4,2026-09-05T03:59:00.285661+00:00
2026-09-05T00:20:00,capture_daily_dehumidifier_watts,spc,input_datetime.dehumidifier_spc_last_capture,2026-09-04,2026-09-05T03:59:00.297277+00:00
2026-09-05T00:20:00,capture_daily_dehumidifier_watts,spc,input_datetime.dehumidifier_spc_last_seed,2026-08-21,2026-09-02T21:48:34.146417+00:00
2026-09-05T00:20:00,capture_daily_fridge_watts,spc,input_number.fridge_running_watts_day_1,112.7,2026-09-05T03:59:00.115827+00:00
2026-09-05T00:20:00,capture_daily_fridge_watts,spc,input_number.fridge_running_watts_day_2,121.6,2026-09-05T03:59:00.113603+00:00
2026-09-05T00:20:00,capture_daily_fridge_watts,spc,input_number.fridge_running_watts_day_3,113.5,2026-09-05T03:59:00.109838+00:00
2026-09-05T00:20:00,capture_daily_fridge_watts,spc,input_number.fridge_running_watts_day_4,112.2,2026-09-05T03:59:00.108126+00:00
2026-09-05T00:20:00,capture_daily_fridge_watts,spc,input_number.fridge_running_watts_day_5,123.9,2026-09-05T03:59:00.105649+00:00
2026-09-05T00:20:00,capture_daily_fridge_watts,spc,input_number.fridge_running_watts_day_6,112.7,2026-09-05T03:59:00.103137+00:00
2026-09-05T00:20:00,capture_daily_fridge_watts,spc,input_number.fridge_running_watts_day_7,124.6,2026-09-05T03:59:00.097218+00:00
2026-09-05T00:20:00,capture_daily_fridge_watts,spc,input_datetime.fridge_spc_last_capture,2026-09-04,2026-09-05T03:59:00.117941+00:00
2026-09-05T00:20:00,capture_daily_fridge_watts,spc,input_datetime.fridge_spc_last_seed,2026-08-21,2026-09-02T21:48:34.145930+00:00
2026-09-05T00:20:00,capture_daily_furnace_min_per_cycle,accumulator,input_number.furnace_min_per_cycle_day_1,0.0,2026-09-02T21:48:34.159014+00:00
2026-09-05T00:20:00,capture_daily_furnace_min_per_cycle,accumulator,input_number.furnace_min_per_cycle_day_2,0.0,2026-09-02T21:48:34.159152+00:00
2026-09-05T00:20:00,capture_daily_furnace_min_per_cycle,accumulator,input_number.furnace_min_per_cycle_day_3,0.0,2026-09-02T21:48:34.159275+00:00
2026-09-05T00:20:00,capture_daily_furnace_min_per_cycle,accumulator,input_number.furnace_min_per_cycle_day_4,0.0,2026-09-02T21:48:34.159449+00:00
2026-09-05T00:20:00,capture_daily_furnace_min_per_cycle,accumulator,input_number.furnace_min_per_cycle_day_5,0.0,2026-09-02T21:48:34.159594+00:00
2026-09-05T00:20:00,capture_daily_furnace_min_per_cycle,accumulator,input_number.furnace_min_per_cycle_day_6,0.0,2026-09-02T21:48:34.159695+00:00
2026-09-05T00:20:00,capture_daily_furnace_min_per_cycle,accumulator,input_number.furnace_min_per_cycle_day_7,0.0,2026-09-02T21:48:34.160146+00:00
2026-09-05T00:20:00,capture_daily_furnace_min_per_cycle,accumulator,input_datetime.furnace_cycle_capture_last_ok,1970-01-01 00:00:00,2026-09-02T21:48:34.144709+00:00
2026-09-05T00:20:00,capture_daily_furnace_watts,spc,input_number.furnace_running_watts_day_1,767.5,2026-09-05T03:59:00.280675+00:00
2026-09-05T00:20:00,capture_daily_furnace_watts,spc,input_number.furnace_running_watts_day_2,774.1,2026-09-05T03:59:00.279435+00:00
2026-09-05T00:20:00,capture_daily_furnace_watts,spc,input_number.furnace_running_watts_day_3,772.9,2026-09-05T03:59:00.277596+00:00
2026-09-05T00:20:00,capture_daily_furnace_watts,spc,input_number.furnace_running_watts_day_4,774.6,2026-09-05T03:59:00.273758+00:00
2026-09-05T00:20:00,capture_daily_furnace_watts,spc,input_number.furnace_running_watts_day_5,774.5,2026-09-05T03:59:00.271319+00:00
2026-09-05T00:20:00,capture_daily_furnace_watts,spc,input_number.furnace_running_watts_day_6,771.0,2026-09-05T03:59:00.265056+00:00
2026-09-05T00:20:00,capture_daily_furnace_watts,spc,input_number.furnace_running_watts_day_7,772.3,2026-09-05T03:59:00.257510+00:00
2026-09-05T00:20:00,capture_daily_furnace_watts,spc,input_datetime.furnace_spc_last_capture,2026-09-04,2026-09-05T03:59:00.282423+00:00
2026-09-05T00:20:00,capture_daily_furnace_watts,spc,input_datetime.furnace_spc_last_seed,2026-08-21,2026-09-02T21:48:34.146050+00:00
2026-09-05T00:20:00,capture_daily_hdd,accumulator,input_number.hdd_day_1,0.0,2026-09-02T21:48:34.156367+00:00
2026-09-05T00:20:00,capture_daily_hdd,accumulator,input_number.hdd_day_2,0.0,2026-09-02T21:48:34.156456+00:00
2026-09-05T00:20:00,capture_daily_hdd,accumulator,input_number.hdd_day_3,0.0,2026-09-02T21:48:34.156554+00:00
2026-09-05T00:20:00,capture_daily_hdd,accumulator,input_number.hdd_day_4,0.0,2026-09-02T21:48:34.156644+00:00
2026-09-05T00:20:00,capture_daily_hdd,accumulator,input_number.hdd_day_5,0.0,2026-09-02T21:48:34.156732+00:00
2026-09-05T00:20:00,capture_daily_hdd,accumulator,input_number.hdd_day_6,0.0,2026-09-02T21:48:34.156816+00:00
2026-09-05T00:20:00,capture_daily_hdd,accumulator,input_number.hdd_day_7,0.0,2026-09-02T21:48:34.156901+00:00
2026-09-05T00:20:00,capture_daily_hdd,accumulator,input_datetime.hdd_capture_last_ok,2026-09-04 23:55:00,2026-09-05T03:55:00.403708+00:00
2026-09-05T00:20:00,capture_daily_hwh_recirc_watts,spc,input_number.hwh_recirc_running_watts_day_1,106.3,2026-09-05T03:59:00.336374+00:00
2026-09-05T00:20:00,capture_daily_hwh_recirc_watts,spc,input_number.hwh_recirc_running_watts_day_2,107.7,2026-09-05T03:59:00.332116+00:00
2026-09-05T00:20:00,capture_daily_hwh_recirc_watts,spc,input_number.hwh_recirc_running_watts_day_3,109.5,2026-09-05T03:59:00.330981+00:00
2026-09-05T00:20:00,capture_daily_hwh_recirc_watts,spc,input_number.hwh_recirc_running_watts_day_4,110.1,2026-09-05T03:59:00.329660+00:00
2026-09-05T00:20:00,capture_daily_hwh_recirc_watts,spc,input_number.hwh_recirc_running_watts_day_5,109.4,2026-09-05T03:59:00.328141+00:00
2026-09-05T00:20:00,capture_daily_hwh_recirc_watts,spc,input_number.hwh_recirc_running_watts_day_6,107.2,2026-09-05T03:59:00.325529+00:00
2026-09-05T00:20:00,capture_daily_hwh_recirc_watts,spc,input_number.hwh_recirc_running_watts_day_7,107.9,2026-09-05T03:59:00.323958+00:00
2026-09-05T00:20:00,capture_daily_hwh_recirc_watts,spc,input_datetime.hwh_recirc_spc_last_capture,2026-09-04,2026-09-05T03:59:00.338015+00:00
2026-09-05T00:20:00,capture_daily_hwh_recirc_watts,spc,input_datetime.hwh_recirc_spc_last_seed,2026-08-21,2026-09-02T21:48:34.146295+00:00
2026-09-05T00:20:00,capture_daily_monthly_tracking,accumulator,input_number.ac_cycles_month_acc,19.0,2026-09-05T03:56:30.241362+00:00
2026-09-05T00:20:00,capture_daily_monthly_tracking,accumulator,input_number.ac_cycles_year_acc,643.0,2026-09-05T03:56:30.244968+00:00
2026-09-05T00:20:00,capture_daily_monthly_tracking,accumulator,input_number.ac_runtime_month_acc,6.46,2026-09-05T03:56:30.240322+00:00
2026-09-05T00:20:00,capture_daily_monthly_tracking,accumulator,input_number.ac_runtime_year_acc,286.14,2026-09-05T03:56:30.244581+00:00
2026-09-05T00:20:00,capture_daily_monthly_tracking,accumulator,input_number.cdd_cumulative_month_auto,17.0,2026-09-05T03:56:30.233058+00:00
2026-09-05T00:20:00,capture_daily_monthly_tracking,accumulator,input_number.cdd_cumulative_year_auto,640.4,2026-09-05T03:56:30.234180+00:00
2026-09-05T00:20:00,capture_daily_monthly_tracking,accumulator,input_number.expected_runtime_sum_month,0.0,2026-09-02T21:48:34.161905+00:00
2026-09-05T00:20:00,capture_daily_monthly_tracking,accumulator,input_number.furnace_cycles_month_acc,0.0,2026-09-02T21:48:34.162132+00:00
2026-09-05T00:20:00,capture_daily_monthly_tracking,accumulator,input_number.furnace_runtime_month_acc,0.0,2026-09-02T21:48:34.162024+00:00
2026-09-05T00:20:00,capture_daily_monthly_tracking,accumulator,input_number.hdd_cumulative_month_auto,0.0,2026-09-02T21:48:34.161124+00:00
2026-09-05T00:20:00,capture_daily_monthly_tracking,accumulator,input_number.hdd_cumulative_year_auto,3726.9,2026-09-02T21:48:34.161241+00:00
2026-09-05T00:20:00,capture_daily_monthly_tracking,accumulator,input_number.outdoor_temp_days_month,4.0,2026-09-05T03:56:30.235173+00:00
2026-09-05T00:20:00,capture_daily_monthly_tracking,accumulator,input_number.outdoor_temp_sum_month,278.2,2026-09-05T03:56:30.234581+00:00
2026-09-05T00:20:00,capture_daily_monthly_tracking,accumulator,input_number.zone_1f_cool_cycles_month_acc,0.0,2026-09-02T21:48:34.163351+00:00
2026-09-05T00:20:00,capture_daily_monthly_tracking,accumulator,input_number.zone_1f_cool_runtime_month_acc,0.0,2026-09-02T21:48:34.162945+00:00
2026-09-05T00:20:00,capture_daily_monthly_tracking,accumulator,input_number.zone_1f_cycles_month_acc,0.0,2026-09-02T21:48:34.162466+00:00
2026-09-05T00:20:00,capture_daily_monthly_tracking,accumulator,input_number.zone_1f_runtime_month_acc,0.0,2026-09-02T21:48:34.162243+00:00
2026-09-05T00:20:00,capture_daily_monthly_tracking,accumulator,input_number.zone_2f_cool_cycles_month_acc,19.0,2026-09-05T03:56:30.243816+00:00
2026-09-05T00:20:00,capture_daily_monthly_tracking,accumulator,input_number.zone_2f_cool_runtime_month_acc,6.46,2026-09-05T03:56:30.242427+00:00
2026-09-05T00:20:00,capture_daily_monthly_tracking,accumulator,input_number.zone_2f_cycles_month_acc,0.0,2026-09-02T21:48:34.162586+00:00
2026-09-05T00:20:00,capture_daily_monthly_tracking,accumulator,input_number.zone_2f_runtime_month_acc,0.0,2026-09-02T21:48:34.162358+00:00
2026-09-05T00:20:00,capture_daily_monthly_tracking,accumulator,input_datetime.monthly_tracking_capture_last_ok,2026-09-04 23:56:30,2026-09-05T03:56:30.224673+00:00
2026-09-05T00:20:00,capture_daily_runtime_per_cdd,accumulator,input_number.runtime_per_cdd_day_1,22.1,2026-09-05T03:56:45.496972+00:00
2026-09-05T00:20:00,capture_daily_runtime_per_cdd,accumulator,input_number.runtime_per_cdd_day_2,20.1,2026-09-05T03:56:45.495575+00:00
2026-09-05T00:20:00,capture_daily_runtime_per_cdd,accumulator,input_number.runtime_per_cdd_day_3,14.3,2026-09-05T03:56:45.492437+00:00
2026-09-05T00:20:00,capture_daily_runtime_per_cdd,accumulator,input_number.runtime_per_cdd_day_4,54.8,2026-09-05T03:56:45.489491+00:00
2026-09-05T00:20:00,capture_daily_runtime_per_cdd,accumulator,input_number.runtime_per_cdd_day_5,36.8,2026-09-05T03:56:45.482382+00:00
2026-09-05T00:20:00,capture_daily_runtime_per_cdd,accumulator,input_number.runtime_per_cdd_day_6,29.1,2026-09-05T03:56:45.477023+00:00
2026-09-05T00:20:00,capture_daily_runtime_per_cdd,accumulator,input_number.runtime_per_cdd_day_7,0.0,2026-09-05T03:56:45.462226+00:00
2026-09-05T00:20:00,capture_daily_runtime_per_cdd,accumulator,input_datetime.runtime_per_cdd_capture_last_ok,2026-09-04 23:56:45,2026-09-05T03:56:45.498994+00:00
2026-09-05T00:20:00,capture_daily_runtime_per_hdd,accumulator,input_number.runtime_per_hdd_day_1,0.0,2026-09-02T21:48:34.156989+00:00
2026-09-05T00:20:00,capture_daily_runtime_per_hdd,accumulator,input_number.runtime_per_hdd_day_2,0.0,2026-09-02T21:48:34.157081+00:00
2026-09-05T00:20:00,capture_daily_runtime_per_hdd,accumulator,input_number.runtime_per_hdd_day_3,0.0,2026-09-02T21:48:34.157166+00:00
2026-09-05T00:20:00,capture_daily_runtime_per_hdd,accumulator,input_number.runtime_per_hdd_day_4,0.0,2026-09-02T21:48:34.157255+00:00
2026-09-05T00:20:00,capture_daily_runtime_per_hdd,accumulator,input_number.runtime_per_hdd_day_5,0.0,2026-09-02T21:48:34.157350+00:00
2026-09-05T00:20:00,capture_daily_runtime_per_hdd,accumulator,input_number.runtime_per_hdd_day_6,0.0,2026-09-02T21:48:34.157443+00:00
2026-09-05T00:20:00,capture_daily_runtime_per_hdd,accumulator,input_number.runtime_per_hdd_day_7,0.0,2026-09-02T21:48:34.157530+00:00
2026-09-05T00:20:00,capture_daily_runtime_per_hdd,accumulator,input_datetime.runtime_per_hdd_capture_last_ok,2026-09-04 23:56:00,2026-09-05T03:56:00.149639+00:00
2026-09-05T00:20:00,capture_daily_water_overnight,leak,input_number.water_overnight_min_day_1,0.0,2026-09-02T21:48:34.189699+00:00
2026-09-05T00:20:00,capture_daily_water_overnight,leak,input_number.water_overnight_min_day_2,0.0,2026-09-02T21:48:34.189776+00:00
2026-09-05T00:20:00,capture_daily_water_overnight,leak,input_number.water_overnight_min_day_3,0.0,2026-09-02T21:48:34.189895+00:00
2026-09-05T00:20:00,capture_daily_water_overnight,leak,input_number.water_overnight_min_day_4,0.0,2026-09-02T21:48:34.189977+00:00
2026-09-05T00:20:00,capture_daily_water_overnight,leak,input_number.water_overnight_min_day_5,0.0,2026-09-02T21:48:34.190058+00:00
2026-09-05T00:20:00,capture_daily_water_overnight,leak,input_number.water_overnight_min_day_6,0.0,2026-09-02T21:48:34.190135+00:00
2026-09-05T00:20:00,capture_daily_water_overnight,leak,input_number.water_overnight_min_day_7,0.0,2026-09-03T09:00:45.193130+00:00
2026-09-05T00:20:00,capture_daily_water_overnight,leak,input_datetime.water_overnight_capture_last_ok,2026-09-04 05:00:45,2026-09-04T09:00:45.189790+00:00
2026-09-06T00:20:00,archive_monthly_cdd,accumulator,input_datetime.cdd_archive_last_ok,2026-08-31 23:58:30,2026-09-05T20:35:47.795842+00:00
2026-09-06T00:20:00,archive_monthly_gas_heat_cost,accumulator,input_datetime.gas_heat_cost_archive_last_ok,2026-08-27 15:32:37,2026-09-05T20:35:47.795964+00:00
2026-09-06T00:20:00,archive_monthly_hdd,accumulator,input_datetime.hdd_archive_last_ok,2026-08-31 23:58:15,2026-09-05T20:35:47.795715+00:00
2026-09-06T00:20:00,capture_daily_ac_cost,accumulator,input_number.ac_cost_year_acc,185.98,2026-09-06T03:59:45.091956+00:00
2026-09-06T00:20:00,capture_daily_ac_cost,accumulator,input_datetime.ac_cost_capture_last_ok,2026-09-05 23:59:45,2026-09-06T03:59:45.094321+00:00
2026-09-06T00:20:00,capture_daily_ac_min_per_cycle,accumulator,input_number.ac_min_per_cycle_day_1,19.3,2026-09-06T03:55:30.087564+00:00
2026-09-06T00:20:00,capture_daily_ac_min_per_cycle,accumulator,input_number.ac_min_per_cycle_day_2,26.5,2026-09-06T03:55:30.086221+00:00
2026-09-06T00:20:00,capture_daily_ac_min_per_cycle,accumulator,input_number.ac_min_per_cycle_day_3,17.5,2026-09-06T03:55:30.084486+00:00
2026-09-06T00:20:00,capture_daily_ac_min_per_cycle,accumulator,input_number.ac_min_per_cycle_day_4,15.1,2026-09-06T03:55:30.079872+00:00
2026-09-06T00:20:00,capture_daily_ac_min_per_cycle,accumulator,input_number.ac_min_per_cycle_day_5,23.0,2026-09-06T03:55:30.078309+00:00
2026-09-06T00:20:00,capture_daily_ac_min_per_cycle,accumulator,input_number.ac_min_per_cycle_day_6,18.3,2026-09-06T03:55:30.075225+00:00
2026-09-06T00:20:00,capture_daily_ac_min_per_cycle,accumulator,input_number.ac_min_per_cycle_day_7,24.5,2026-09-06T03:55:30.071868+00:00
2026-09-06T00:20:00,capture_daily_ac_min_per_cycle,accumulator,input_datetime.ac_min_per_cycle_capture_last_ok,2026-09-05 23:55:30,2026-09-06T03:55:30.090517+00:00
2026-09-06T00:20:00,capture_daily_ac_watts,spc,input_number.ac_running_watts_day_1,2414.9,2026-09-06T03:59:00.563420+00:00
2026-09-06T00:20:00,capture_daily_ac_watts,spc,input_number.ac_running_watts_day_2,2484.8,2026-09-06T03:59:00.562038+00:00
2026-09-06T00:20:00,capture_daily_ac_watts,spc,input_number.ac_running_watts_day_3,2420.4,2026-09-06T03:59:00.560333+00:00
2026-09-06T00:20:00,capture_daily_ac_watts,spc,input_number.ac_running_watts_day_4,2231.3,2026-09-06T03:59:00.538216+00:00
2026-09-06T00:20:00,capture_daily_ac_watts,spc,input_number.ac_running_watts_day_5,2430.6,2026-09-06T03:59:00.526265+00:00
2026-09-06T00:20:00,capture_daily_ac_watts,spc,input_number.ac_running_watts_day_6,2482.1,2026-09-06T03:59:00.513832+00:00
2026-09-06T00:20:00,capture_daily_ac_watts,spc,input_number.ac_running_watts_day_7,2513.7,2026-09-06T03:59:00.500496+00:00
2026-09-06T00:20:00,capture_daily_ac_watts,spc,input_datetime.ac_spc_last_capture,2026-09-05,2026-09-06T03:59:00.566186+00:00
2026-09-06T00:20:00,capture_daily_ac_watts,spc,input_datetime.ac_spc_last_seed,2026-08-21,2026-09-05T20:35:47.797890+00:00
2026-09-06T00:20:00,capture_daily_cdd,accumulator,input_number.cdd_day_1,3.3,2026-09-06T03:55:15.535868+00:00
2026-09-06T00:20:00,capture_daily_cdd,accumulator,input_number.cdd_day_2,8.4,2026-09-06T03:55:15.531005+00:00
2026-09-06T00:20:00,capture_daily_cdd,accumulator,input_number.cdd_day_3,6.1,2026-09-06T03:55:15.528082+00:00
2026-09-06T00:20:00,capture_daily_cdd,accumulator,input_number.cdd_day_4,1.4,2026-09-06T03:55:15.520655+00:00
2026-09-06T00:20:00,capture_daily_cdd,accumulator,input_number.cdd_day_5,1.1,2026-09-06T03:55:15.514025+00:00
2026-09-06T00:20:00,capture_daily_cdd,accumulator,input_number.cdd_day_6,5.0,2026-09-06T03:55:15.501826+00:00
2026-09-06T00:20:00,capture_daily_cdd,accumulator,input_number.cdd_day_7,4.4,2026-09-06T03:55:15.495877+00:00
2026-09-06T00:20:00,capture_daily_cdd,accumulator,input_datetime.cdd_capture_last_ok,2026-09-05 23:55:15,2026-09-06T03:55:15.537730+00:00
2026-09-06T00:20:00,capture_daily_cooling_kwh_cdd,spc,input_number.cooling_kwh_cdd_day_1,1.66,2026-09-06T03:59:00.238712+00:00
2026-09-06T00:20:00,capture_daily_cooling_kwh_cdd,spc,input_number.cooling_kwh_cdd_day_2,0.92,2026-09-06T03:59:00.235358+00:00
2026-09-06T00:20:00,capture_daily_cooling_kwh_cdd,spc,input_number.cooling_kwh_cdd_day_3,0.81,2026-09-06T03:59:00.228915+00:00
2026-09-06T00:20:00,capture_daily_cooling_kwh_cdd,spc,input_number.cooling_kwh_cdd_day_4,0.55,2026-09-06T03:59:00.223706+00:00
2026-09-06T00:20:00,capture_daily_cooling_kwh_cdd,spc,input_number.cooling_kwh_cdd_day_5,2.04,2026-09-06T03:59:00.217881+00:00
2026-09-06T00:20:00,capture_daily_cooling_kwh_cdd,spc,input_number.cooling_kwh_cdd_day_6,1.49,2026-09-06T03:59:00.211764+00:00
2026-09-06T00:20:00,capture_daily_cooling_kwh_cdd,spc,input_number.cooling_kwh_cdd_day_7,1.21,2026-09-06T03:59:00.204992+00:00
2026-09-06T00:20:00,capture_daily_cooling_kwh_cdd,spc,input_datetime.cooling_kwh_cdd_spc_last_capture,2026-09-05,2026-09-06T03:59:00.242025+00:00
2026-09-06T00:20:00,capture_daily_dehumidifier_cost,accumulator,input_number.dehumidifier_cost_year_acc,52.99,2026-09-06T03:59:30.454336+00:00
2026-09-06T00:20:00,capture_daily_dehumidifier_cost,accumulator,input_datetime.dehumidifier_cost_capture_last_ok,2026-09-05 23:59:30,2026-09-06T03:59:30.456213+00:00
2026-09-06T00:20:00,capture_daily_dehumidifier_duty_kwh,accumulator,input_number.dehumidifier_duty_day_1,9.1,2026-09-06T03:59:30.161144+00:00
2026-09-06T00:20:00,capture_daily_dehumidifier_duty_kwh,accumulator,input_number.dehumidifier_duty_day_2,9.0,2026-09-06T03:59:30.160342+00:00
2026-09-06T00:20:00,capture_daily_dehumidifier_duty_kwh,accumulator,input_number.dehumidifier_duty_day_3,7.1,2026-09-06T03:59:30.159741+00:00
2026-09-06T00:20:00,capture_daily_dehumidifier_duty_kwh,accumulator,input_number.dehumidifier_duty_day_4,6.9,2026-09-06T03:59:30.157215+00:00
2026-09-06T00:20:00,capture_daily_dehumidifier_duty_kwh,accumulator,input_number.dehumidifier_duty_day_5,8.2,2026-09-06T03:59:30.156643+00:00
2026-09-06T00:20:00,capture_daily_dehumidifier_duty_kwh,accumulator,input_number.dehumidifier_duty_day_6,9.2,2026-09-06T03:59:30.156080+00:00
2026-09-06T00:20:00,capture_daily_dehumidifier_duty_kwh,accumulator,input_number.dehumidifier_duty_day_7,7.9,2026-09-06T03:59:30.155392+00:00
2026-09-06T00:20:00,capture_daily_dehumidifier_duty_kwh,accumulator,input_number.dehumidifier_kwh_day_1,1.014,2026-09-06T03:59:30.168382+00:00
2026-09-06T00:20:00,capture_daily_dehumidifier_duty_kwh,accumulator,input_number.dehumidifier_kwh_day_2,1.0,2026-09-06T03:59:30.167738+00:00
2026-09-06T00:20:00,capture_daily_dehumidifier_duty_kwh,accumulator,input_number.dehumidifier_kwh_day_3,0.788,2026-09-06T03:59:30.166919+00:00
2026-09-06T00:20:00,capture_daily_dehumidifier_duty_kwh,accumulator,input_number.dehumidifier_kwh_day_4,0.767,2026-09-06T03:59:30.164673+00:00
2026-09-06T00:20:00,capture_daily_dehumidifier_duty_kwh,accumulator,input_number.dehumidifier_kwh_day_5,0.921,2026-09-06T03:59:30.163943+00:00
2026-09-06T00:20:00,capture_daily_dehumidifier_duty_kwh,accumulator,input_number.dehumidifier_kwh_day_6,1.036,2026-09-06T03:59:30.163165+00:00
2026-09-06T00:20:00,capture_daily_dehumidifier_duty_kwh,accumulator,input_number.dehumidifier_kwh_day_7,0.885,2026-09-06T03:59:30.162273+00:00
2026-09-06T00:20:00,capture_daily_dehumidifier_duty_kwh,accumulator,input_datetime.dehumidifier_duty_kwh_capture_last_ok,2026-09-05 23:59:30,2026-09-06T03:59:30.169497+00:00
2026-09-06T00:20:00,capture_daily_dehumidifier_watts,spc,input_number.dehumidifier_running_watts_day_1,465.7,2026-09-06T03:59:00.136871+00:00
2026-09-06T00:20:00,capture_daily_dehumidifier_watts,spc,input_number.dehumidifier_running_watts_day_2,463.3,2026-09-05T20:35:47.770166+00:00
2026-09-06T00:20:00,capture_daily_dehumidifier_watts,spc,input_number.dehumidifier_running_watts_day_3,463.3,2026-09-06T03:59:00.134569+00:00
2026-09-06T00:20:00,capture_daily_dehumidifier_watts,spc,input_number.dehumidifier_running_watts_day_4,465.2,2026-09-06T03:59:00.132907+00:00
2026-09-06T00:20:00,capture_daily_dehumidifier_watts,spc,input_number.dehumidifier_running_watts_day_5,468.2,2026-09-06T03:59:00.128909+00:00
2026-09-06T00:20:00,capture_daily_dehumidifier_watts,spc,input_number.dehumidifier_running_watts_day_6,465.4,2026-09-06T03:59:00.126587+00:00
2026-09-06T00:20:00,capture_daily_dehumidifier_watts,spc,input_number.dehumidifier_running_watts_day_7,464.8,2026-09-06T03:59:00.121372+00:00
2026-09-06T00:20:00,capture_daily_dehumidifier_watts,spc,input_datetime.dehumidifier_spc_last_capture,2026-09-05,2026-09-06T03:59:00.143162+00:00
2026-09-06T00:20:00,capture_daily_dehumidifier_watts,spc,input_datetime.dehumidifier_spc_last_seed,2026-08-21,2026-09-05T20:35:47.798201+00:00
2026-09-06T00:20:00,capture_daily_fridge_watts,spc,input_number.fridge_running_watts_day_1,124.9,2026-09-06T03:59:00.111354+00:00
2026-09-06T00:20:00,capture_daily_fridge_watts,spc,input_number.fridge_running_watts_day_2,112.7,2026-09-06T03:59:00.110016+00:00
2026-09-06T00:20:00,capture_daily_fridge_watts,spc,input_number.fridge_running_watts_day_3,121.6,2026-09-06T03:59:00.108620+00:00
2026-09-06T00:20:00,capture_daily_fridge_watts,spc,input_number.fridge_running_watts_day_4,113.5,2026-09-06T03:59:00.107352+00:00
2026-09-06T00:20:00,capture_daily_fridge_watts,spc,input_number.fridge_running_watts_day_5,112.2,2026-09-06T03:59:00.105896+00:00
2026-09-06T00:20:00,capture_daily_fridge_watts,spc,input_number.fridge_running_watts_day_6,123.9,2026-09-06T03:59:00.103378+00:00
2026-09-06T00:20:00,capture_daily_fridge_watts,spc,input_number.fridge_running_watts_day_7,112.7,2026-09-06T03:59:00.101922+00:00
2026-09-06T00:20:00,capture_daily_fridge_watts,spc,input_datetime.fridge_spc_last_capture,2026-09-05,2026-09-06T03:59:00.118366+00:00
2026-09-06T00:20:00,capture_daily_fridge_watts,spc,input_datetime.fridge_spc_last_seed,2026-08-21,2026-09-05T20:35:47.797639+00:00
2026-09-06T00:20:00,capture_daily_furnace_min_per_cycle,accumulator,input_number.furnace_min_per_cycle_day_1,0.0,2026-09-05T20:35:47.738436+00:00
2026-09-06T00:20:00,capture_daily_furnace_min_per_cycle,accumulator,input_number.furnace_min_per_cycle_day_2,0.0,2026-09-05T20:35:47.738526+00:00
2026-09-06T00:20:00,capture_daily_furnace_min_per_cycle,accumulator,input_number.furnace_min_per_cycle_day_3,0.0,2026-09-05T20:35:47.738621+00:00
2026-09-06T00:20:00,capture_daily_furnace_min_per_cycle,accumulator,input_number.furnace_min_per_cycle_day_4,0.0,2026-09-05T20:35:47.738697+00:00
2026-09-06T00:20:00,capture_daily_furnace_min_per_cycle,accumulator,input_number.furnace_min_per_cycle_day_5,0.0,2026-09-05T20:35:47.738775+00:00
2026-09-06T00:20:00,capture_daily_furnace_min_per_cycle,accumulator,input_number.furnace_min_per_cycle_day_6,0.0,2026-09-05T20:35:47.738858+00:00
2026-09-06T00:20:00,capture_daily_furnace_min_per_cycle,accumulator,input_number.furnace_min_per_cycle_day_7,0.0,2026-09-05T20:35:47.738938+00:00
2026-09-06T00:20:00,capture_daily_furnace_min_per_cycle,accumulator,input_datetime.furnace_cycle_capture_last_ok,1970-01-01 00:00:00,2026-09-05T20:35:47.796439+00:00
2026-09-06T00:20:00,capture_daily_furnace_watts,spc,input_number.furnace_running_watts_day_1,767.1,2026-09-06T03:59:00.096506+00:00
2026-09-06T00:20:00,capture_daily_furnace_watts,spc,input_number.furnace_running_watts_day_2,767.5,2026-09-06T03:59:00.095067+00:00
2026-09-06T00:20:00,capture_daily_furnace_watts,spc,input_number.furnace_running_watts_day_3,774.1,2026-09-06T03:59:00.090392+00:00
2026-09-06T00:20:00,capture_daily_furnace_watts,spc,input_number.furnace_running_watts_day_4,772.9,2026-09-06T03:59:00.088267+00:00
2026-09-06T00:20:00,capture_daily_furnace_watts,spc,input_number.furnace_running_watts_day_5,774.6,2026-09-06T03:59:00.083296+00:00
2026-09-06T00:20:00,capture_daily_furnace_watts,spc,input_number.furnace_running_watts_day_6,774.5,2026-09-06T03:59:00.079857+00:00
2026-09-06T00:20:00,capture_daily_furnace_watts,spc,input_number.furnace_running_watts_day_7,771.0,2026-09-06T03:59:00.069654+00:00
2026-09-06T00:20:00,capture_daily_furnace_watts,spc,input_datetime.furnace_spc_last_capture,2026-09-05,2026-09-06T03:59:00.098045+00:00
2026-09-06T00:20:00,capture_daily_furnace_watts,spc,input_datetime.furnace_spc_last_seed,2026-08-21,2026-09-05T20:35:47.797767+00:00
2026-09-06T00:20:00,capture_daily_hdd,accumulator,input_number.hdd_day_1,0.0,2026-09-05T20:35:47.735403+00:00
2026-09-06T00:20:00,capture_daily_hdd,accumulator,input_number.hdd_day_2,0.0,2026-09-05T20:35:47.735489+00:00
2026-09-06T00:20:00,capture_daily_hdd,accumulator,input_number.hdd_day_3,0.0,2026-09-05T20:35:47.735580+00:00
2026-09-06T00:20:00,capture_daily_hdd,accumulator,input_number.hdd_day_4,0.0,2026-09-05T20:35:47.735667+00:00
2026-09-06T00:20:00,capture_daily_hdd,accumulator,input_number.hdd_day_5,0.0,2026-09-05T20:35:47.735752+00:00
2026-09-06T00:20:00,capture_daily_hdd,accumulator,input_number.hdd_day_6,0.0,2026-09-05T20:35:47.735840+00:00
2026-09-06T00:20:00,capture_daily_hdd,accumulator,input_number.hdd_day_7,0.0,2026-09-05T20:35:47.735918+00:00
2026-09-06T00:20:00,capture_daily_hdd,accumulator,input_datetime.hdd_capture_last_ok,2026-09-05 23:55:00,2026-09-06T03:55:00.097788+00:00
2026-09-06T00:20:00,capture_daily_hwh_recirc_watts,spc,input_number.hwh_recirc_running_watts_day_1,106.9,2026-09-06T03:59:00.453279+00:00
2026-09-06T00:20:00,capture_daily_hwh_recirc_watts,spc,input_number.hwh_recirc_running_watts_day_2,106.3,2026-09-06T03:59:00.451683+00:00
2026-09-06T00:20:00,capture_daily_hwh_recirc_watts,spc,input_number.hwh_recirc_running_watts_day_3,107.7,2026-09-06T03:59:00.448989+00:00
2026-09-06T00:20:00,capture_daily_hwh_recirc_watts,spc,input_number.hwh_recirc_running_watts_day_4,109.5,2026-09-06T03:59:00.444016+00:00
2026-09-06T00:20:00,capture_daily_hwh_recirc_watts,spc,input_number.hwh_recirc_running_watts_day_5,110.1,2026-09-06T03:59:00.426654+00:00
2026-09-06T00:20:00,capture_daily_hwh_recirc_watts,spc,input_number.hwh_recirc_running_watts_day_6,109.4,2026-09-06T03:59:00.418488+00:00
2026-09-06T00:20:00,capture_daily_hwh_recirc_watts,spc,input_number.hwh_recirc_running_watts_day_7,107.2,2026-09-06T03:59:00.402423+00:00
2026-09-06T00:20:00,capture_daily_hwh_recirc_watts,spc,input_datetime.hwh_recirc_spc_last_capture,2026-09-05,2026-09-06T03:59:00.455031+00:00
2026-09-06T00:20:00,capture_daily_hwh_recirc_watts,spc,input_datetime.hwh_recirc_spc_last_seed,2026-08-21,2026-09-05T20:35:47.798016+00:00
2026-09-06T00:20:00,capture_daily_monthly_tracking,accumulator,input_number.ac_cycles_month_acc,26.0,2026-09-06T03:56:30.287672+00:00
2026-09-06T00:20:00,capture_daily_monthly_tracking,accumulator,input_number.ac_cycles_year_acc,650.0,2026-09-06T03:56:30.289805+00:00
2026-09-06T00:20:00,capture_daily_monthly_tracking,accumulator,input_number.ac_runtime_month_acc,8.71,2026-09-06T03:56:30.286965+00:00
2026-09-06T00:20:00,capture_daily_monthly_tracking,accumulator,input_number.ac_runtime_year_acc,288.39,2026-09-06T03:56:30.289540+00:00
2026-09-06T00:20:00,capture_daily_monthly_tracking,accumulator,input_number.cdd_cumulative_month_auto,20.3,2026-09-06T03:56:30.274248+00:00
2026-09-06T00:20:00,capture_daily_monthly_tracking,accumulator,input_number.cdd_cumulative_year_auto,643.7,2026-09-06T03:56:30.279375+00:00
2026-09-06T00:20:00,capture_daily_monthly_tracking,accumulator,input_number.expected_runtime_sum_month,0.0,2026-09-05T20:35:47.740067+00:00
2026-09-06T00:20:00,capture_daily_monthly_tracking,accumulator,input_number.furnace_cycles_month_acc,0.0,2026-09-05T20:35:47.740222+00:00
2026-09-06T00:20:00,capture_daily_monthly_tracking,accumulator,input_number.furnace_runtime_month_acc,0.0,2026-09-05T20:35:47.740148+00:00
2026-09-06T00:20:00,capture_daily_monthly_tracking,accumulator,input_number.hdd_cumulative_month_auto,0.0,2026-09-05T20:35:47.739580+00:00
2026-09-06T00:20:00,capture_daily_monthly_tracking,accumulator,input_number.hdd_cumulative_year_auto,3726.9,2026-09-05T20:35:47.739667+00:00
2026-09-06T00:20:00,capture_daily_monthly_tracking,accumulator,input_number.outdoor_temp_days_month,5.0,2026-09-06T03:56:30.281602+00:00
2026-09-06T00:20:00,capture_daily_monthly_tracking,accumulator,input_number.outdoor_temp_sum_month,346.4,2026-09-06T03:56:30.280557+00:00
2026-09-06T00:20:00,capture_daily_monthly_tracking,accumulator,input_number.zone_1f_cool_cycles_month_acc,0.0,2026-09-05T20:35:47.741067+00:00
2026-09-06T00:20:00,capture_daily_monthly_tracking,accumulator,input_number.zone_1f_cool_runtime_month_acc,0.0,2026-09-05T20:35:47.740904+00:00
2026-09-06T00:20:00,capture_daily_monthly_tracking,accumulator,input_number.zone_1f_cycles_month_acc,0.0,2026-09-05T20:35:47.740448+00:00
2026-09-06T00:20:00,capture_daily_monthly_tracking,accumulator,input_number.zone_1f_runtime_month_acc,0.0,2026-09-05T20:35:47.740296+00:00
2026-09-06T00:20:00,capture_daily_monthly_tracking,accumulator,input_number.zone_2f_cool_cycles_month_acc,26.0,2026-09-06T03:56:30.289085+00:00
2026-09-06T00:20:00,capture_daily_monthly_tracking,accumulator,input_number.zone_2f_cool_runtime_month_acc,8.71,2026-09-06T03:56:30.288386+00:00
2026-09-06T00:20:00,capture_daily_monthly_tracking,accumulator,input_number.zone_2f_cycles_month_acc,0.0,2026-09-05T20:35:47.740647+00:00
2026-09-06T00:20:00,capture_daily_monthly_tracking,accumulator,input_number.zone_2f_runtime_month_acc,0.0,2026-09-05T20:35:47.740372+00:00
2026-09-06T00:20:00,capture_daily_monthly_tracking,accumulator,input_datetime.monthly_tracking_capture_last_ok,2026-09-05 23:56:30,2026-09-06T03:56:30.260932+00:00
2026-09-06T00:20:00,capture_daily_runtime_per_cdd,accumulator,input_number.runtime_per_cdd_day_1,41.0,2026-09-06T03:56:45.472984+00:00
2026-09-06T00:20:00,capture_daily_runtime_per_cdd,accumulator,input_number.runtime_per_cdd_day_2,22.1,2026-09-06T03:56:45.471264+00:00
2026-09-06T00:20:00,capture_daily_runtime_per_cdd,accumulator,input_number.runtime_per_cdd_day_3,20.1,2026-09-06T03:56:45.468854+00:00
2026-09-06T00:20:00,capture_daily_runtime_per_cdd,accumulator,input_number.runtime_per_cdd_day_4,14.3,2026-09-06T03:56:45.467006+00:00
2026-09-06T00:20:00,capture_daily_runtime_per_cdd,accumulator,input_number.runtime_per_cdd_day_5,54.8,2026-09-06T03:56:45.462776+00:00
2026-09-06T00:20:00,capture_daily_runtime_per_cdd,accumulator,input_number.runtime_per_cdd_day_6,36.8,2026-09-06T03:56:45.460498+00:00
2026-09-06T00:20:00,capture_daily_runtime_per_cdd,accumulator,input_number.runtime_per_cdd_day_7,29.1,2026-09-06T03:56:45.455688+00:00
2026-09-06T00:20:00,capture_daily_runtime_per_cdd,accumulator,input_datetime.runtime_per_cdd_capture_last_ok,2026-09-05 23:56:45,2026-09-06T03:56:45.477060+00:00
2026-09-06T00:20:00,capture_daily_runtime_per_hdd,accumulator,input_number.runtime_per_hdd_day_1,0.0,2026-09-05T20:35:47.735999+00:00
2026-09-06T00:20:00,capture_daily_runtime_per_hdd,accumulator,input_number.runtime_per_hdd_day_2,0.0,2026-09-05T20:35:47.736077+00:00
2026-09-06T00:20:00,capture_daily_runtime_per_hdd,accumulator,input_number.runtime_per_hdd_day_3,0.0,2026-09-05T20:35:47.736157+00:00
2026-09-06T00:20:00,capture_daily_runtime_per_hdd,accumulator,input_number.runtime_per_hdd_day_4,0.0,2026-09-05T20:35:47.736236+00:00
2026-09-06T00:20:00,capture_daily_runtime_per_hdd,accumulator,input_number.runtime_per_hdd_day_5,0.0,2026-09-05T20:35:47.736317+00:00
2026-09-06T00:20:00,capture_daily_runtime_per_hdd,accumulator,input_number.runtime_per_hdd_day_6,0.0,2026-09-05T20:35:47.736393+00:00
2026-09-06T00:20:00,capture_daily_runtime_per_hdd,accumulator,input_number.runtime_per_hdd_day_7,0.0,2026-09-05T20:35:47.736472+00:00
2026-09-06T00:20:00,capture_daily_runtime_per_hdd,accumulator,input_datetime.runtime_per_hdd_capture_last_ok,2026-09-05 23:56:00,2026-09-06T03:56:00.297424+00:00
2026-09-06T00:20:00,capture_daily_water_overnight,leak,input_number.water_overnight_min_day_1,0.0,2026-09-05T20:35:47.772941+00:00
2026-09-06T00:20:00,capture_daily_water_overnight,leak,input_number.water_overnight_min_day_2,0.0,2026-09-05T20:35:47.773039+00:00
2026-09-06T00:20:00,capture_daily_water_overnight,leak,input_number.water_overnight_min_day_3,0.0,2026-09-05T20:35:47.773133+00:00
2026-09-06T00:20:00,capture_daily_water_overnight,leak,input_number.water_overnight_min_day_4,0.0,2026-09-05T20:35:47.774285+00:00
2026-09-06T00:20:00,capture_daily_water_overnight,leak,input_number.water_overnight_min_day_5,0.0,2026-09-05T20:35:47.774421+00:00
2026-09-06T00:20:00,capture_daily_water_overnight,leak,input_number.water_overnight_min_day_6,0.0,2026-09-05T20:35:47.774531+00:00
2026-09-06T00:20:00,capture_daily_water_overnight,leak,input_number.water_overnight_min_day_7,0.0,2026-09-05T20:35:47.774648+00:00
2026-09-06T00:20:00,capture_daily_water_overnight,leak,input_datetime.water_overnight_capture_last_ok,2026-09-05 05:00:45,2026-09-05T20:35:47.798439+00:00
2026-09-07T00:20:00,archive_monthly_cdd,accumulator,input_datetime.cdd_archive_last_ok,2026-08-31 23:58:30,2026-09-05T20:35:47.795842+00:00
2026-09-07T00:20:00,archive_monthly_gas_heat_cost,accumulator,input_datetime.gas_heat_cost_archive_last_ok,2026-08-27 15:32:37,2026-09-05T20:35:47.795964+00:00
2026-09-07T00:20:00,archive_monthly_hdd,accumulator,input_datetime.hdd_archive_last_ok,2026-08-31 23:58:15,2026-09-05T20:35:47.795715+00:00
2026-09-07T00:20:00,capture_daily_ac_cost,accumulator,input_number.ac_cost_year_acc,186.13,2026-09-07T03:59:45.088452+00:00
2026-09-07T00:20:00,capture_daily_ac_cost,accumulator,input_datetime.ac_cost_capture_last_ok,2026-09-06 23:59:45,2026-09-07T03:59:45.089103+00:00
2026-09-07T00:20:00,capture_daily_ac_min_per_cycle,accumulator,input_number.ac_min_per_cycle_day_1,19.3,2026-09-06T03:55:30.087564+00:00
2026-09-07T00:20:00,capture_daily_ac_min_per_cycle,accumulator,input_number.ac_min_per_cycle_day_2,26.5,2026-09-06T03:55:30.086221+00:00
2026-09-07T00:20:00,capture_daily_ac_min_per_cycle,accumulator,input_number.ac_min_per_cycle_day_3,17.5,2026-09-06T03:55:30.084486+00:00
2026-09-07T00:20:00,capture_daily_ac_min_per_cycle,accumulator,input_number.ac_min_per_cycle_day_4,15.1,2026-09-06T03:55:30.079872+00:00
2026-09-07T00:20:00,capture_daily_ac_min_per_cycle,accumulator,input_number.ac_min_per_cycle_day_5,23.0,2026-09-06T03:55:30.078309+00:00
2026-09-07T00:20:00,capture_daily_ac_min_per_cycle,accumulator,input_number.ac_min_per_cycle_day_6,18.3,2026-09-06T03:55:30.075225+00:00
2026-09-07T00:20:00,capture_daily_ac_min_per_cycle,accumulator,input_number.ac_min_per_cycle_day_7,24.5,2026-09-06T03:55:30.071868+00:00
2026-09-07T00:20:00,capture_daily_ac_min_per_cycle,accumulator,input_datetime.ac_min_per_cycle_capture_last_ok,1970-01-01 00:00:00,2026-09-07T03:55:30.067472+00:00
2026-09-07T00:20:00,capture_daily_ac_watts,spc,input_number.ac_running_watts_day_1,2414.9,2026-09-06T03:59:00.563420+00:00
2026-09-07T00:20:00,capture_daily_ac_watts,spc,input_number.ac_running_watts_day_2,2484.8,2026-09-06T03:59:00.562038+00:00
2026-09-07T00:20:00,capture_daily_ac_watts,spc,input_number.ac_running_watts_day_3,2420.4,2026-09-06T03:59:00.560333+00:00
2026-09-07T00:20:00,capture_daily_ac_watts,spc,input_number.ac_running_watts_day_4,2231.3,2026-09-06T03:59:00.538216+00:00
2026-09-07T00:20:00,capture_daily_ac_watts,spc,input_number.ac_running_watts_day_5,2430.6,2026-09-06T03:59:00.526265+00:00
2026-09-07T00:20:00,capture_daily_ac_watts,spc,input_number.ac_running_watts_day_6,2482.1,2026-09-06T03:59:00.513832+00:00
2026-09-07T00:20:00,capture_daily_ac_watts,spc,input_number.ac_running_watts_day_7,2513.7,2026-09-06T03:59:00.500496+00:00
2026-09-07T00:20:00,capture_daily_ac_watts,spc,input_datetime.ac_spc_last_capture,2026-09-05,2026-09-06T03:59:00.566186+00:00
2026-09-07T00:20:00,capture_daily_ac_watts,spc,input_datetime.ac_spc_last_seed,2026-08-21,2026-09-05T20:35:47.797890+00:00
2026-09-07T00:20:00,capture_daily_cdd,accumulator,input_number.cdd_day_1,0.0,2026-09-07T03:55:15.523816+00:00
2026-09-07T00:20:00,capture_daily_cdd,accumulator,input_number.cdd_day_2,3.3,2026-09-07T03:55:15.521888+00:00
2026-09-07T00:20:00,capture_daily_cdd,accumulator,input_number.cdd_day_3,8.4,2026-09-07T03:55:15.519142+00:00
2026-09-07T00:20:00,capture_daily_cdd,accumulator,input_number.cdd_day_4,6.1,2026-09-07T03:55:15.507276+00:00
2026-09-07T00:20:00,capture_daily_cdd,accumulator,input_number.cdd_day_5,1.4,2026-09-07T03:55:15.504082+00:00
2026-09-07T00:20:00,capture_daily_cdd,accumulator,input_number.cdd_day_6,1.1,2026-09-07T03:55:15.499073+00:00
2026-09-07T00:20:00,capture_daily_cdd,accumulator,input_number.cdd_day_7,5.0,2026-09-07T03:55:15.492818+00:00
2026-09-07T00:20:00,capture_daily_cdd,accumulator,input_datetime.cdd_capture_last_ok,2026-09-06 23:55:15,2026-09-07T03:55:15.529959+00:00
2026-09-07T00:20:00,capture_daily_cooling_kwh_cdd,spc,input_number.cooling_kwh_cdd_day_1,1.66,2026-09-06T03:59:00.238712+00:00
2026-09-07T00:20:00,capture_daily_cooling_kwh_cdd,spc,input_number.cooling_kwh_cdd_day_2,0.92,2026-09-06T03:59:00.235358+00:00
2026-09-07T00:20:00,capture_daily_cooling_kwh_cdd,spc,input_number.cooling_kwh_cdd_day_3,0.81,2026-09-06T03:59:00.228915+00:00
2026-09-07T00:20:00,capture_daily_cooling_kwh_cdd,spc,input_number.cooling_kwh_cdd_day_4,0.55,2026-09-06T03:59:00.223706+00:00
2026-09-07T00:20:00,capture_daily_cooling_kwh_cdd,spc,input_number.cooling_kwh_cdd_day_5,2.04,2026-09-06T03:59:00.217881+00:00
2026-09-07T00:20:00,capture_daily_cooling_kwh_cdd,spc,input_number.cooling_kwh_cdd_day_6,1.49,2026-09-06T03:59:00.211764+00:00
2026-09-07T00:20:00,capture_daily_cooling_kwh_cdd,spc,input_number.cooling_kwh_cdd_day_7,1.21,2026-09-06T03:59:00.204992+00:00
2026-09-07T00:20:00,capture_daily_cooling_kwh_cdd,spc,input_datetime.cooling_kwh_cdd_spc_last_capture,2026-09-05,2026-09-06T03:59:00.242025+00:00
2026-09-07T00:20:00,capture_daily_dehumidifier_cost,accumulator,input_number.dehumidifier_cost_year_acc,53.24,2026-09-07T03:59:30.454181+00:00
2026-09-07T00:20:00,capture_daily_dehumidifier_cost,accumulator,input_datetime.dehumidifier_cost_capture_last_ok,2026-09-06 23:59:30,2026-09-07T03:59:30.456286+00:00
2026-09-07T00:20:00,capture_daily_dehumidifier_duty_kwh,accumulator,input_number.dehumidifier_duty_day_1,9.2,2026-09-07T03:59:30.172680+00:00
2026-09-07T00:20:00,capture_daily_dehumidifier_duty_kwh,accumulator,input_number.dehumidifier_duty_day_2,9.1,2026-09-07T03:59:30.170746+00:00
2026-09-07T00:20:00,capture_daily_dehumidifier_duty_kwh,accumulator,input_number.dehumidifier_duty_day_3,9.0,2026-09-07T03:59:30.164045+00:00
2026-09-07T00:20:00,capture_daily_dehumidifier_duty_kwh,accumulator,input_number.dehumidifier_duty_day_4,7.1,2026-09-07T03:59:30.162885+00:00
2026-09-07T00:20:00,capture_daily_dehumidifier_duty_kwh,accumulator,input_number.dehumidifier_duty_day_5,6.9,2026-09-07T03:59:30.161187+00:00
2026-09-07T00:20:00,capture_daily_dehumidifier_duty_kwh,accumulator,input_number.dehumidifier_duty_day_6,8.2,2026-09-07T03:59:30.155981+00:00
2026-09-07T00:20:00,capture_daily_dehumidifier_duty_kwh,accumulator,input_number.dehumidifier_duty_day_7,9.2,2026-09-07T03:59:30.153794+00:00
2026-09-07T00:20:00,capture_daily_dehumidifier_duty_kwh,accumulator,input_number.dehumidifier_kwh_day_1,1.031,2026-09-07T03:59:30.210446+00:00
2026-09-07T00:20:00,capture_daily_dehumidifier_duty_kwh,accumulator,input_number.dehumidifier_kwh_day_2,1.014,2026-09-07T03:59:30.207519+00:00
2026-09-07T00:20:00,capture_daily_dehumidifier_duty_kwh,accumulator,input_number.dehumidifier_kwh_day_3,1.0,2026-09-07T03:59:30.202288+00:00
2026-09-07T00:20:00,capture_daily_dehumidifier_duty_kwh,accumulator,input_number.dehumidifier_kwh_day_4,0.788,2026-09-07T03:59:30.200752+00:00
2026-09-07T00:20:00,capture_daily_dehumidifier_duty_kwh,accumulator,input_number.dehumidifier_kwh_day_5,0.767,2026-09-07T03:59:30.198720+00:00
2026-09-07T00:20:00,capture_daily_dehumidifier_duty_kwh,accumulator,input_number.dehumidifier_kwh_day_6,0.921,2026-09-07T03:59:30.178879+00:00
2026-09-07T00:20:00,capture_daily_dehumidifier_duty_kwh,accumulator,input_number.dehumidifier_kwh_day_7,1.036,2026-09-07T03:59:30.176449+00:00
2026-09-07T00:20:00,capture_daily_dehumidifier_duty_kwh,accumulator,input_datetime.dehumidifier_duty_kwh_capture_last_ok,2026-09-06 23:59:30,2026-09-07T03:59:30.213833+00:00
2026-09-07T00:20:00,capture_daily_dehumidifier_watts,spc,input_number.dehumidifier_running_watts_day_1,467.2,2026-09-07T03:59:00.154875+00:00
2026-09-07T00:20:00,capture_daily_dehumidifier_watts,spc,input_number.dehumidifier_running_watts_day_2,465.7,2026-09-07T03:59:00.153296+00:00
2026-09-07T00:20:00,capture_daily_dehumidifier_watts,spc,input_number.dehumidifier_running_watts_day_3,463.3,2026-09-06T03:59:00.134569+00:00
2026-09-07T00:20:00,capture_daily_dehumidifier_watts,spc,input_number.dehumidifier_running_watts_day_4,463.3,2026-09-07T03:59:00.151132+00:00
2026-09-07T00:20:00,capture_daily_dehumidifier_watts,spc,input_number.dehumidifier_running_watts_day_5,465.2,2026-09-07T03:59:00.148145+00:00
2026-09-07T00:20:00,capture_daily_dehumidifier_watts,spc,input_number.dehumidifier_running_watts_day_6,468.2,2026-09-07T03:59:00.144611+00:00
2026-09-07T00:20:00,capture_daily_dehumidifier_watts,spc,input_number.dehumidifier_running_watts_day_7,465.4,2026-09-07T03:59:00.142469+00:00
2026-09-07T00:20:00,capture_daily_dehumidifier_watts,spc,input_datetime.dehumidifier_spc_last_capture,2026-09-06,2026-09-07T03:59:00.156464+00:00
2026-09-07T00:20:00,capture_daily_dehumidifier_watts,spc,input_datetime.dehumidifier_spc_last_seed,2026-08-21,2026-09-05T20:35:47.798201+00:00
2026-09-07T00:20:00,capture_daily_fridge_watts,spc,input_number.fridge_running_watts_day_1,125.1,2026-09-07T03:59:00.134965+00:00
2026-09-07T00:20:00,capture_daily_fridge_watts,spc,input_number.fridge_running_watts_day_2,124.9,2026-09-07T03:59:00.132882+00:00
2026-09-07T00:20:00,capture_daily_fridge_watts,spc,input_number.fridge_running_watts_day_3,112.7,2026-09-07T03:59:00.124106+00:00
2026-09-07T00:20:00,capture_daily_fridge_watts,spc,input_number.fridge_running_watts_day_4,121.6,2026-09-07T03:59:00.121787+00:00
2026-09-07T00:20:00,capture_daily_fridge_watts,spc,input_number.fridge_running_watts_day_5,113.5,2026-09-07T03:59:00.115474+00:00
2026-09-07T00:20:00,capture_daily_fridge_watts,spc,input_number.fridge_running_watts_day_6,112.2,2026-09-07T03:59:00.112252+00:00
2026-09-07T00:20:00,capture_daily_fridge_watts,spc,input_number.fridge_running_watts_day_7,123.9,2026-09-07T03:59:00.101042+00:00
2026-09-07T00:20:00,capture_daily_fridge_watts,spc,input_datetime.fridge_spc_last_capture,2026-09-06,2026-09-07T03:59:00.138692+00:00
2026-09-07T00:20:00,capture_daily_fridge_watts,spc,input_datetime.fridge_spc_last_seed,2026-08-21,2026-09-05T20:35:47.797639+00:00
2026-09-07T00:20:00,capture_daily_furnace_min_per_cycle,accumulator,input_number.furnace_min_per_cycle_day_1,0.0,2026-09-05T20:35:47.738436+00:00
2026-09-07T00:20:00,capture_daily_furnace_min_per_cycle,accumulator,input_number.furnace_min_per_cycle_day_2,0.0,2026-09-05T20:35:47.738526+00:00
2026-09-07T00:20:00,capture_daily_furnace_min_per_cycle,accumulator,input_number.furnace_min_per_cycle_day_3,0.0,2026-09-05T20:35:47.738621+00:00
2026-09-07T00:20:00,capture_daily_furnace_min_per_cycle,accumulator,input_number.furnace_min_per_cycle_day_4,0.0,2026-09-05T20:35:47.738697+00:00
2026-09-07T00:20:00,capture_daily_furnace_min_per_cycle,accumulator,input_number.furnace_min_per_cycle_day_5,0.0,2026-09-05T20:35:47.738775+00:00
2026-09-07T00:20:00,capture_daily_furnace_min_per_cycle,accumulator,input_number.furnace_min_per_cycle_day_6,0.0,2026-09-05T20:35:47.738858+00:00
2026-09-07T00:20:00,capture_daily_furnace_min_per_cycle,accumulator,input_number.furnace_min_per_cycle_day_7,0.0,2026-09-05T20:35:47.738938+00:00
2026-09-07T00:20:00,capture_daily_furnace_min_per_cycle,accumulator,input_datetime.furnace_cycle_capture_last_ok,1970-01-01 00:00:00,2026-09-05T20:35:47.796439+00:00
2026-09-07T00:20:00,capture_daily_furnace_watts,spc,input_number.furnace_running_watts_day_1,767.1,2026-09-06T03:59:00.096506+00:00
2026-09-07T00:20:00,capture_daily_furnace_watts,spc,input_number.furnace_running_watts_day_2,767.5,2026-09-06T03:59:00.095067+00:00
2026-09-07T00:20:00,capture_daily_furnace_watts,spc,input_number.furnace_running_watts_day_3,774.1,2026-09-06T03:59:00.090392+00:00
2026-09-07T00:20:00,capture_daily_furnace_watts,spc,input_number.furnace_running_watts_day_4,772.9,2026-09-06T03:59:00.088267+00:00
2026-09-07T00:20:00,capture_daily_furnace_watts,spc,input_number.furnace_running_watts_day_5,774.6,2026-09-06T03:59:00.083296+00:00
2026-09-07T00:20:00,capture_daily_furnace_watts,spc,input_number.furnace_running_watts_day_6,774.5,2026-09-06T03:59:00.079857+00:00
2026-09-07T00:20:00,capture_daily_furnace_watts,spc,input_number.furnace_running_watts_day_7,771.0,2026-09-06T03:59:00.069654+00:00
2026-09-07T00:20:00,capture_daily_furnace_watts,spc,input_datetime.furnace_spc_last_capture,2026-09-05,2026-09-06T03:59:00.098045+00:00
2026-09-07T00:20:00,capture_daily_furnace_watts,spc,input_datetime.furnace_spc_last_seed,2026-08-21,2026-09-05T20:35:47.797767+00:00
2026-09-07T00:20:00,capture_daily_hdd,accumulator,input_number.hdd_day_1,1.6,2026-09-07T03:55:00.081695+00:00
2026-09-07T00:20:00,capture_daily_hdd,accumulator,input_number.hdd_day_2,0.0,2026-09-05T20:35:47.735489+00:00
2026-09-07T00:20:00,capture_daily_hdd,accumulator,input_number.hdd_day_3,0.0,2026-09-05T20:35:47.735580+00:00
2026-09-07T00:20:00,capture_daily_hdd,accumulator,input_number.hdd_day_4,0.0,2026-09-05T20:35:47.735667+00:00
2026-09-07T00:20:00,capture_daily_hdd,accumulator,input_number.hdd_day_5,0.0,2026-09-05T20:35:47.735752+00:00
2026-09-07T00:20:00,capture_daily_hdd,accumulator,input_number.hdd_day_6,0.0,2026-09-05T20:35:47.735840+00:00
2026-09-07T00:20:00,capture_daily_hdd,accumulator,input_number.hdd_day_7,0.0,2026-09-05T20:35:47.735918+00:00
2026-09-07T00:20:00,capture_daily_hdd,accumulator,input_datetime.hdd_capture_last_ok,2026-09-06 23:55:00,2026-09-07T03:55:00.084883+00:00
2026-09-07T00:20:00,capture_daily_hwh_recirc_watts,spc,input_number.hwh_recirc_running_watts_day_1,107.4,2026-09-07T03:59:00.456869+00:00
2026-09-07T00:20:00,capture_daily_hwh_recirc_watts,spc,input_number.hwh_recirc_running_watts_day_2,106.9,2026-09-07T03:59:00.450129+00:00
2026-09-07T00:20:00,capture_daily_hwh_recirc_watts,spc,input_number.hwh_recirc_running_watts_day_3,106.3,2026-09-07T03:59:00.434062+00:00
2026-09-07T00:20:00,capture_daily_hwh_recirc_watts,spc,input_number.hwh_recirc_running_watts_day_4,107.7,2026-09-07T03:59:00.431359+00:00
2026-09-07T00:20:00,capture_daily_hwh_recirc_watts,spc,input_number.hwh_recirc_running_watts_day_5,109.5,2026-09-07T03:59:00.425115+00:00
2026-09-07T00:20:00,capture_daily_hwh_recirc_watts,spc,input_number.hwh_recirc_running_watts_day_6,110.1,2026-09-07T03:59:00.415633+00:00
2026-09-07T00:20:00,capture_daily_hwh_recirc_watts,spc,input_number.hwh_recirc_running_watts_day_7,109.4,2026-09-07T03:59:00.402483+00:00
2026-09-07T00:20:00,capture_daily_hwh_recirc_watts,spc,input_datetime.hwh_recirc_spc_last_capture,2026-09-06,2026-09-07T03:59:00.462135+00:00
2026-09-07T00:20:00,capture_daily_hwh_recirc_watts,spc,input_datetime.hwh_recirc_spc_last_seed,2026-08-21,2026-09-05T20:35:47.798016+00:00
2026-09-07T00:20:00,capture_daily_monthly_tracking,accumulator,input_number.ac_cycles_month_acc,27.0,2026-09-07T03:56:30.271237+00:00
2026-09-07T00:20:00,capture_daily_monthly_tracking,accumulator,input_number.ac_cycles_year_acc,651.0,2026-09-07T03:56:30.273483+00:00
2026-09-07T00:20:00,capture_daily_monthly_tracking,accumulator,input_number.ac_runtime_month_acc,8.96,2026-09-07T03:56:30.270516+00:00
2026-09-07T00:20:00,capture_daily_monthly_tracking,accumulator,input_number.ac_runtime_year_acc,288.64,2026-09-07T03:56:30.273096+00:00
2026-09-07T00:20:00,capture_daily_monthly_tracking,accumulator,input_number.cdd_cumulative_month_auto,20.3,2026-09-06T03:56:30.274248+00:00
2026-09-07T00:20:00,capture_daily_monthly_tracking,accumulator,input_number.cdd_cumulative_year_auto,643.7,2026-09-06T03:56:30.279375+00:00
2026-09-07T00:20:00,capture_daily_monthly_tracking,accumulator,input_number.expected_runtime_sum_month,0.0,2026-09-05T20:35:47.740067+00:00
2026-09-07T00:20:00,capture_daily_monthly_tracking,accumulator,input_number.furnace_cycles_month_acc,0.0,2026-09-05T20:35:47.740222+00:00
2026-09-07T00:20:00,capture_daily_monthly_tracking,accumulator,input_number.furnace_runtime_month_acc,0.0,2026-09-05T20:35:47.740148+00:00
2026-09-07T00:20:00,capture_daily_monthly_tracking,accumulator,input_number.hdd_cumulative_month_auto,1.6,2026-09-07T03:56:30.257562+00:00
2026-09-07T00:20:00,capture_daily_monthly_tracking,accumulator,input_number.hdd_cumulative_year_auto,3728.5,2026-09-07T03:56:30.263257+00:00
2026-09-07T00:20:00,capture_daily_monthly_tracking,accumulator,input_number.outdoor_temp_days_month,6.0,2026-09-07T03:56:30.265495+00:00
2026-09-07T00:20:00,capture_daily_monthly_tracking,accumulator,input_number.outdoor_temp_sum_month,409.2,2026-09-07T03:56:30.264783+00:00
2026-09-07T00:20:00,capture_daily_monthly_tracking,accumulator,input_number.zone_1f_cool_cycles_month_acc,0.0,2026-09-05T20:35:47.741067+00:00
2026-09-07T00:20:00,capture_daily_monthly_tracking,accumulator,input_number.zone_1f_cool_runtime_month_acc,0.0,2026-09-05T20:35:47.740904+00:00
2026-09-07T00:20:00,capture_daily_monthly_tracking,accumulator,input_number.zone_1f_cycles_month_acc,0.0,2026-09-05T20:35:47.740448+00:00
2026-09-07T00:20:00,capture_daily_monthly_tracking,accumulator,input_number.zone_1f_runtime_month_acc,0.0,2026-09-05T20:35:47.740296+00:00
2026-09-07T00:20:00,capture_daily_monthly_tracking,accumulator,input_number.zone_2f_cool_cycles_month_acc,27.0,2026-09-07T03:56:30.272603+00:00
2026-09-07T00:20:00,capture_daily_monthly_tracking,accumulator,input_number.zone_2f_cool_runtime_month_acc,8.96,2026-09-07T03:56:30.271944+00:00
2026-09-07T00:20:00,capture_daily_monthly_tracking,accumulator,input_number.zone_2f_cycles_month_acc,0.0,2026-09-05T20:35:47.740647+00:00
2026-09-07T00:20:00,capture_daily_monthly_tracking,accumulator,input_number.zone_2f_runtime_month_acc,0.0,2026-09-05T20:35:47.740372+00:00
2026-09-07T00:20:00,capture_daily_monthly_tracking,accumulator,input_datetime.monthly_tracking_capture_last_ok,2026-09-06 23:56:30,2026-09-07T03:56:30.251943+00:00
2026-09-07T00:20:00,capture_daily_runtime_per_cdd,accumulator,input_number.runtime_per_cdd_day_1,41.0,2026-09-06T03:56:45.472984+00:00
2026-09-07T00:20:00,capture_daily_runtime_per_cdd,accumulator,input_number.runtime_per_cdd_day_2,22.1,2026-09-06T03:56:45.471264+00:00
2026-09-07T00:20:00,capture_daily_runtime_per_cdd,accumulator,input_number.runtime_per_cdd_day_3,20.1,2026-09-06T03:56:45.468854+00:00
2026-09-07T00:20:00,capture_daily_runtime_per_cdd,accumulator,input_number.runtime_per_cdd_day_4,14.3,2026-09-06T03:56:45.467006+00:00
2026-09-07T00:20:00,capture_daily_runtime_per_cdd,accumulator,input_number.runtime_per_cdd_day_5,54.8,2026-09-06T03:56:45.462776+00:00
2026-09-07T00:20:00,capture_daily_runtime_per_cdd,accumulator,input_number.runtime_per_cdd_day_6,36.8,2026-09-06T03:56:45.460498+00:00
2026-09-07T00:20:00,capture_daily_runtime_per_cdd,accumulator,input_number.runtime_per_cdd_day_7,29.1,2026-09-06T03:56:45.455688+00:00
2026-09-07T00:20:00,capture_daily_runtime_per_cdd,accumulator,input_datetime.runtime_per_cdd_capture_last_ok,1970-01-01 00:00:00,2026-09-07T03:56:45.453641+00:00
2026-09-07T00:20:00,capture_daily_runtime_per_hdd,accumulator,input_number.runtime_per_hdd_day_1,0.0,2026-09-05T20:35:47.735999+00:00
2026-09-07T00:20:00,capture_daily_runtime_per_hdd,accumulator,input_number.runtime_per_hdd_day_2,0.0,2026-09-05T20:35:47.736077+00:00
2026-09-07T00:20:00,capture_daily_runtime_per_hdd,accumulator,input_number.runtime_per_hdd_day_3,0.0,2026-09-05T20:35:47.736157+00:00
2026-09-07T00:20:00,capture_daily_runtime_per_hdd,accumulator,input_number.runtime_per_hdd_day_4,0.0,2026-09-05T20:35:47.736236+00:00
2026-09-07T00:20:00,capture_daily_runtime_per_hdd,accumulator,input_number.runtime_per_hdd_day_5,0.0,2026-09-05T20:35:47.736317+00:00
2026-09-07T00:20:00,capture_daily_runtime_per_hdd,accumulator,input_number.runtime_per_hdd_day_6,0.0,2026-09-05T20:35:47.736393+00:00
2026-09-07T00:20:00,capture_daily_runtime_per_hdd,accumulator,input_number.runtime_per_hdd_day_7,0.0,2026-09-05T20:35:47.736472+00:00
2026-09-07T00:20:00,capture_daily_runtime_per_hdd,accumulator,input_datetime.runtime_per_hdd_capture_last_ok,2026-09-06 23:56:00,2026-09-07T03:56:00.286489+00:00
2026-09-07T00:20:00,capture_daily_water_overnight,leak,input_number.water_overnight_min_day_1,0.0,2026-09-05T20:35:47.772941+00:00
2026-09-07T00:20:00,capture_daily_water_overnight,leak,input_number.water_overnight_min_day_2,0.0,2026-09-05T20:35:47.773039+00:00
2026-09-07T00:20:00,capture_daily_water_overnight,leak,input_number.water_overnight_min_day_3,0.0,2026-09-05T20:35:47.773133+00:00
2026-09-07T00:20:00,capture_daily_water_overnight,leak,input_number.water_overnight_min_day_4,0.0,2026-09-05T20:35:47.774285+00:00
2026-09-07T00:20:00,capture_daily_water_overnight,leak,input_number.water_overnight_min_day_5,0.0,2026-09-05T20:35:47.774421+00:00
2026-09-07T00:20:00,capture_daily_water_overnight,leak,input_number.water_overnight_min_day_6,0.0,2026-09-05T20:35:47.774531+00:00
2026-09-07T00:20:00,capture_daily_water_overnight,leak,input_number.water_overnight_min_day_7,0.0,2026-09-05T20:35:47.774648+00:00
2026-09-07T00:20:00,capture_daily_water_overnight,leak,input_datetime.water_overnight_capture_last_ok,2026-09-06 05:00:45,2026-09-06T09:00:45.495466+00:00
2026-09-08T00:20:00,archive_monthly_cdd,accumulator,input_datetime.cdd_archive_last_ok,2026-08-31 23:58:30,2026-09-07T22:03:42.326023+00:00
2026-09-08T00:20:00,archive_monthly_gas_heat_cost,accumulator,input_datetime.gas_heat_cost_archive_last_ok,2026-08-27 15:32:37,2026-09-07T22:03:42.326135+00:00
2026-09-08T00:20:00,archive_monthly_hdd,accumulator,input_datetime.hdd_archive_last_ok,2026-08-31 23:58:15,2026-09-07T22:03:42.325916+00:00
2026-09-08T00:20:00,capture_daily_ac_cost,accumulator,input_number.ac_cost_year_acc,186.13,2026-09-07T22:03:42.370260+00:00
2026-09-08T00:20:00,capture_daily_ac_cost,accumulator,input_datetime.ac_cost_capture_last_ok,2026-09-07 23:59:45,2026-09-08T03:59:45.086183+00:00
2026-09-08T00:20:00,capture_daily_ac_min_per_cycle,accumulator,input_number.ac_min_per_cycle_day_1,19.3,2026-09-07T22:03:42.352111+00:00
2026-09-08T00:20:00,capture_daily_ac_min_per_cycle,accumulator,input_number.ac_min_per_cycle_day_2,26.5,2026-09-07T22:03:42.352344+00:00
2026-09-08T00:20:00,capture_daily_ac_min_per_cycle,accumulator,input_number.ac_min_per_cycle_day_3,17.5,2026-09-07T22:03:42.352472+00:00
2026-09-08T00:20:00,capture_daily_ac_min_per_cycle,accumulator,input_number.ac_min_per_cycle_day_4,15.1,2026-09-07T22:03:42.352603+00:00
2026-09-08T00:20:00,capture_daily_ac_min_per_cycle,accumulator,input_number.ac_min_per_cycle_day_5,23.0,2026-09-07T22:03:42.352732+00:00
2026-09-08T00:20:00,capture_daily_ac_min_per_cycle,accumulator,input_number.ac_min_per_cycle_day_6,18.3,2026-09-07T22:03:42.352927+00:00
2026-09-08T00:20:00,capture_daily_ac_min_per_cycle,accumulator,input_number.ac_min_per_cycle_day_7,24.5,2026-09-07T22:03:42.353235+00:00
2026-09-08T00:20:00,capture_daily_ac_min_per_cycle,accumulator,input_datetime.ac_min_per_cycle_capture_last_ok,1970-01-01 00:00:00,2026-09-07T22:03:42.327243+00:00
2026-09-08T00:20:00,capture_daily_ac_watts,spc,input_number.ac_running_watts_day_1,2414.9,2026-09-07T22:03:42.375156+00:00
2026-09-08T00:20:00,capture_daily_ac_watts,spc,input_number.ac_running_watts_day_2,2484.8,2026-09-07T22:03:42.375227+00:00
2026-09-08T00:20:00,capture_daily_ac_watts,spc,input_number.ac_running_watts_day_3,2420.4,2026-09-07T22:03:42.375298+00:00
2026-09-08T00:20:00,capture_daily_ac_watts,spc,input_number.ac_running_watts_day_4,2231.3,2026-09-07T22:03:42.375367+00:00
2026-09-08T00:20:00,capture_daily_ac_watts,spc,input_number.ac_running_watts_day_5,2430.6,2026-09-07T22:03:42.375435+00:00
2026-09-08T00:20:00,capture_daily_ac_watts,spc,input_number.ac_running_watts_day_6,2482.1,2026-09-07T22:03:42.375504+00:00
2026-09-08T00:20:00,capture_daily_ac_watts,spc,input_number.ac_running_watts_day_7,2513.7,2026-09-07T22:03:42.375575+00:00
2026-09-08T00:20:00,capture_daily_ac_watts,spc,input_datetime.ac_spc_last_capture,2026-09-05,2026-09-07T22:03:42.327751+00:00
2026-09-08T00:20:00,capture_daily_ac_watts,spc,input_datetime.ac_spc_last_seed,2026-08-21,2026-09-07T22:03:42.328346+00:00
2026-09-08T00:20:00,capture_daily_cdd,accumulator,input_number.cdd_day_1,0.0,2026-09-07T22:03:42.348573+00:00
2026-09-08T00:20:00,capture_daily_cdd,accumulator,input_number.cdd_day_2,0.0,2026-09-08T03:55:15.125649+00:00
2026-09-08T00:20:00,capture_daily_cdd,accumulator,input_number.cdd_day_3,3.3,2026-09-08T03:55:15.124806+00:00
2026-09-08T00:20:00,capture_daily_cdd,accumulator,input_number.cdd_day_4,8.4,2026-09-08T03:55:15.122297+00:00
2026-09-08T00:20:00,capture_daily_cdd,accumulator,input_number.cdd_day_5,6.1,2026-09-08T03:55:15.121481+00:00
2026-09-08T00:20:00,capture_daily_cdd,accumulator,input_number.cdd_day_6,1.4,2026-09-08T03:55:15.120654+00:00
2026-09-08T00:20:00,capture_daily_cdd,accumulator,input_number.cdd_day_7,1.1,2026-09-08T03:55:15.119700+00:00
2026-09-08T00:20:00,capture_daily_cdd,accumulator,input_datetime.cdd_capture_last_ok,2026-09-07 23:55:15,2026-09-08T03:55:15.126802+00:00
2026-09-08T00:20:00,capture_daily_cooling_kwh_cdd,spc,input_number.cooling_kwh_cdd_day_1,1.66,2026-09-07T22:03:42.377124+00:00
2026-09-08T00:20:00,capture_daily_cooling_kwh_cdd,spc,input_number.cooling_kwh_cdd_day_2,0.92,2026-09-07T22:03:42.377197+00:00
2026-09-08T00:20:00,capture_daily_cooling_kwh_cdd,spc,input_number.cooling_kwh_cdd_day_3,0.81,2026-09-07T22:03:42.377270+00:00
2026-09-08T00:20:00,capture_daily_cooling_kwh_cdd,spc,input_number.cooling_kwh_cdd_day_4,0.55,2026-09-07T22:03:42.377339+00:00
2026-09-08T00:20:00,capture_daily_cooling_kwh_cdd,spc,input_number.cooling_kwh_cdd_day_5,2.04,2026-09-07T22:03:42.377409+00:00
2026-09-08T00:20:00,capture_daily_cooling_kwh_cdd,spc,input_number.cooling_kwh_cdd_day_6,1.49,2026-09-07T22:03:42.377480+00:00
2026-09-08T00:20:00,capture_daily_cooling_kwh_cdd,spc,input_number.cooling_kwh_cdd_day_7,1.21,2026-09-07T22:03:42.377552+00:00
2026-09-08T00:20:00,capture_daily_cooling_kwh_cdd,spc,input_datetime.cooling_kwh_cdd_spc_last_capture,2026-09-05,2026-09-07T22:03:42.328702+00:00
2026-09-08T00:20:00,capture_daily_dehumidifier_cost,accumulator,input_number.dehumidifier_cost_year_acc,53.41,2026-09-08T03:59:30.438894+00:00
2026-09-08T00:20:00,capture_daily_dehumidifier_cost,accumulator,input_datetime.dehumidifier_cost_capture_last_ok,2026-09-07 23:59:30,2026-09-08T03:59:30.440165+00:00
2026-09-08T00:20:00,capture_daily_dehumidifier_duty_kwh,accumulator,input_number.dehumidifier_duty_day_1,6.2,2026-09-08T03:59:30.381631+00:00
2026-09-08T00:20:00,capture_daily_dehumidifier_duty_kwh,accumulator,input_number.dehumidifier_duty_day_2,9.2,2026-09-08T03:59:30.376733+00:00
2026-09-08T00:20:00,capture_daily_dehumidifier_duty_kwh,accumulator,input_number.dehumidifier_duty_day_3,9.1,2026-09-08T03:59:30.375007+00:00
2026-09-08T00:20:00,capture_daily_dehumidifier_duty_kwh,accumulator,input_number.dehumidifier_duty_day_4,9.0,2026-09-08T03:59:30.372987+00:00
2026-09-08T00:20:00,capture_daily_dehumidifier_duty_kwh,accumulator,input_number.dehumidifier_duty_day_5,7.1,2026-09-08T03:59:30.369547+00:00
2026-09-08T00:20:00,capture_daily_dehumidifier_duty_kwh,accumulator,input_number.dehumidifier_duty_day_6,6.9,2026-09-08T03:59:30.368291+00:00
2026-09-08T00:20:00,capture_daily_dehumidifier_duty_kwh,accumulator,input_number.dehumidifier_duty_day_7,8.2,2026-09-08T03:59:30.366992+00:00
2026-09-08T00:20:00,capture_daily_dehumidifier_duty_kwh,accumulator,input_number.dehumidifier_kwh_day_1,0.683,2026-09-08T03:59:30.398791+00:00
2026-09-08T00:20:00,capture_daily_dehumidifier_duty_kwh,accumulator,input_number.dehumidifier_kwh_day_2,1.031,2026-09-08T03:59:30.397753+00:00
2026-09-08T00:20:00,capture_daily_dehumidifier_duty_kwh,accumulator,input_number.dehumidifier_kwh_day_3,1.014,2026-09-08T03:59:30.394610+00:00
2026-09-08T00:20:00,capture_daily_dehumidifier_duty_kwh,accumulator,input_number.dehumidifier_kwh_day_4,1.0,2026-09-08T03:59:30.393408+00:00
2026-09-08T00:20:00,capture_daily_dehumidifier_duty_kwh,accumulator,input_number.dehumidifier_kwh_day_5,0.788,2026-09-08T03:59:30.391954+00:00
2026-09-08T00:20:00,capture_daily_dehumidifier_duty_kwh,accumulator,input_number.dehumidifier_kwh_day_6,0.767,2026-09-08T03:59:30.389795+00:00
2026-09-08T00:20:00,capture_daily_dehumidifier_duty_kwh,accumulator,input_number.dehumidifier_kwh_day_7,0.921,2026-09-08T03:59:30.384233+00:00
2026-09-08T00:20:00,capture_daily_dehumidifier_duty_kwh,accumulator,input_datetime.dehumidifier_duty_kwh_capture_last_ok,2026-09-07 23:59:30,2026-09-08T03:59:30.402994+00:00
2026-09-08T00:20:00,capture_daily_dehumidifier_watts,spc,input_number.dehumidifier_running_watts_day_1,464.4,2026-09-08T03:59:00.329067+00:00
2026-09-08T00:20:00,capture_daily_dehumidifier_watts,spc,input_number.dehumidifier_running_watts_day_2,467.2,2026-09-08T03:59:00.327045+00:00
2026-09-08T00:20:00,capture_daily_dehumidifier_watts,spc,input_number.dehumidifier_running_watts_day_3,465.7,2026-09-08T03:59:00.321808+00:00
2026-09-08T00:20:00,capture_daily_dehumidifier_watts,spc,input_number.dehumidifier_running_watts_day_4,463.3,2026-09-07T22:03:42.376797+00:00
2026-09-08T00:20:00,capture_daily_dehumidifier_watts,spc,input_number.dehumidifier_running_watts_day_5,463.3,2026-09-08T03:59:00.318958+00:00
2026-09-08T00:20:00,capture_daily_dehumidifier_watts,spc,input_number.dehumidifier_running_watts_day_6,465.2,2026-09-08T03:59:00.314562+00:00
2026-09-08T00:20:00,capture_daily_dehumidifier_watts,spc,input_number.dehumidifier_running_watts_day_7,468.2,2026-09-08T03:59:00.307157+00:00
2026-09-08T00:20:00,capture_daily_dehumidifier_watts,spc,input_datetime.dehumidifier_spc_last_capture,2026-09-07,2026-09-08T03:59:00.332229+00:00
2026-09-08T00:20:00,capture_daily_dehumidifier_watts,spc,input_datetime.dehumidifier_spc_last_seed,2026-08-21,2026-09-07T22:03:42.328592+00:00
2026-09-08T00:20:00,capture_daily_fridge_watts,spc,input_number.fridge_running_watts_day_1,116.0,2026-09-08T03:59:00.371493+00:00
2026-09-08T00:20:00,capture_daily_fridge_watts,spc,input_number.fridge_running_watts_day_2,125.1,2026-09-08T03:59:00.370768+00:00
2026-09-08T00:20:00,capture_daily_fridge_watts,spc,input_number.fridge_running_watts_day_3,124.9,2026-09-08T03:59:00.366259+00:00
2026-09-08T00:20:00,capture_daily_fridge_watts,spc,input_number.fridge_running_watts_day_4,112.7,2026-09-08T03:59:00.364872+00:00
2026-09-08T00:20:00,capture_daily_fridge_watts,spc,input_number.fridge_running_watts_day_5,121.6,2026-09-08T03:59:00.363524+00:00
2026-09-08T00:20:00,capture_daily_fridge_watts,spc,input_number.fridge_running_watts_day_6,113.5,2026-09-08T03:59:00.362133+00:00
2026-09-08T00:20:00,capture_daily_fridge_watts,spc,input_number.fridge_running_watts_day_7,112.2,2026-09-08T03:59:00.359880+00:00
2026-09-08T00:20:00,capture_daily_fridge_watts,spc,input_datetime.fridge_spc_last_capture,2026-09-07,2026-09-08T03:59:00.373095+00:00
2026-09-08T00:20:00,capture_daily_fridge_watts,spc,input_datetime.fridge_spc_last_seed,2026-08-21,2026-09-07T22:03:42.328112+00:00
2026-09-08T00:20:00,capture_daily_furnace_min_per_cycle,accumulator,input_number.furnace_min_per_cycle_day_1,0.0,2026-09-07T22:03:42.350467+00:00
2026-09-08T00:20:00,capture_daily_furnace_min_per_cycle,accumulator,input_number.furnace_min_per_cycle_day_2,0.0,2026-09-07T22:03:42.351023+00:00
2026-09-08T00:20:00,capture_daily_furnace_min_per_cycle,accumulator,input_number.furnace_min_per_cycle_day_3,0.0,2026-09-07T22:03:42.351223+00:00
2026-09-08T00:20:00,capture_daily_furnace_min_per_cycle,accumulator,input_number.furnace_min_per_cycle_day_4,0.0,2026-09-07T22:03:42.351509+00:00
2026-09-08T00:20:00,capture_daily_furnace_min_per_cycle,accumulator,input_number.furnace_min_per_cycle_day_5,0.0,2026-09-07T22:03:42.351666+00:00
2026-09-08T00:20:00,capture_daily_furnace_min_per_cycle,accumulator,input_number.furnace_min_per_cycle_day_6,0.0,2026-09-07T22:03:42.351824+00:00
2026-09-08T00:20:00,capture_daily_furnace_min_per_cycle,accumulator,input_number.furnace_min_per_cycle_day_7,0.0,2026-09-07T22:03:42.351968+00:00
2026-09-08T00:20:00,capture_daily_furnace_min_per_cycle,accumulator,input_datetime.furnace_cycle_capture_last_ok,1970-01-01 00:00:00,2026-09-07T22:03:42.326881+00:00
2026-09-08T00:20:00,capture_daily_furnace_watts,spc,input_number.furnace_running_watts_day_1,767.1,2026-09-07T22:03:42.374604+00:00
2026-09-08T00:20:00,capture_daily_furnace_watts,spc,input_number.furnace_running_watts_day_2,767.5,2026-09-07T22:03:42.374678+00:00
2026-09-08T00:20:00,capture_daily_furnace_watts,spc,input_number.furnace_running_watts_day_3,774.1,2026-09-07T22:03:42.374745+00:00
2026-09-08T00:20:00,capture_daily_furnace_watts,spc,input_number.furnace_running_watts_day_4,772.9,2026-09-07T22:03:42.374811+00:00
2026-09-08T00:20:00,capture_daily_furnace_watts,spc,input_number.furnace_running_watts_day_5,774.6,2026-09-07T22:03:42.374876+00:00
2026-09-08T00:20:00,capture_daily_furnace_watts,spc,input_number.furnace_running_watts_day_6,774.5,2026-09-07T22:03:42.374949+00:00
2026-09-08T00:20:00,capture_daily_furnace_watts,spc,input_number.furnace_running_watts_day_7,771.0,2026-09-07T22:03:42.375018+00:00
2026-09-08T00:20:00,capture_daily_furnace_watts,spc,input_datetime.furnace_spc_last_capture,2026-09-05,2026-09-07T22:03:42.327624+00:00
2026-09-08T00:20:00,capture_daily_furnace_watts,spc,input_datetime.furnace_spc_last_seed,2026-08-21,2026-09-07T22:03:42.328229+00:00
2026-09-08T00:20:00,capture_daily_hdd,accumulator,input_number.hdd_day_1,0.7,2026-09-08T03:55:00.246072+00:00
2026-09-08T00:20:00,capture_daily_hdd,accumulator,input_number.hdd_day_2,1.6,2026-09-08T03:55:00.243872+00:00
2026-09-08T00:20:00,capture_daily_hdd,accumulator,input_number.hdd_day_3,0.0,2026-09-07T22:03:42.346550+00:00
2026-09-08T00:20:00,capture_daily_hdd,accumulator,input_number.hdd_day_4,0.0,2026-09-07T22:03:42.346723+00:00
2026-09-08T00:20:00,capture_daily_hdd,accumulator,input_number.hdd_day_5,0.0,2026-09-07T22:03:42.346877+00:00
2026-09-08T00:20:00,capture_daily_hdd,accumulator,input_number.hdd_day_6,0.0,2026-09-07T22:03:42.347032+00:00
2026-09-08T00:20:00,capture_daily_hdd,accumulator,input_number.hdd_day_7,0.0,2026-09-07T22:03:42.347226+00:00
2026-09-08T00:20:00,capture_daily_hdd,accumulator,input_datetime.hdd_capture_last_ok,2026-09-07 23:55:00,2026-09-08T03:55:00.246959+00:00
2026-09-08T00:20:00,capture_daily_hwh_recirc_watts,spc,input_number.hwh_recirc_running_watts_day_1,107.1,2026-09-08T03:59:00.356905+00:00
2026-09-08T00:20:00,capture_daily_hwh_recirc_watts,spc,input_number.hwh_recirc_running_watts_day_2,107.4,2026-09-08T03:59:00.355743+00:00
2026-09-08T00:20:00,capture_daily_hwh_recirc_watts,spc,input_number.hwh_recirc_running_watts_day_3,106.9,2026-09-08T03:59:00.352608+00:00
2026-09-08T00:20:00,capture_daily_hwh_recirc_watts,spc,input_number.hwh_recirc_running_watts_day_4,106.3,2026-09-08T03:59:00.351188+00:00
2026-09-08T00:20:00,capture_daily_hwh_recirc_watts,spc,input_number.hwh_recirc_running_watts_day_5,107.7,2026-09-08T03:59:00.349530+00:00
2026-09-08T00:20:00,capture_daily_hwh_recirc_watts,spc,input_number.hwh_recirc_running_watts_day_6,109.5,2026-09-08T03:59:00.346859+00:00
2026-09-08T00:20:00,capture_daily_hwh_recirc_watts,spc,input_number.hwh_recirc_running_watts_day_7,110.1,2026-09-08T03:59:00.344701+00:00
2026-09-08T00:20:00,capture_daily_hwh_recirc_watts,spc,input_datetime.hwh_recirc_spc_last_capture,2026-09-07,2026-09-08T03:59:00.357854+00:00
2026-09-08T00:20:00,capture_daily_hwh_recirc_watts,spc,input_datetime.hwh_recirc_spc_last_seed,2026-08-21,2026-09-07T22:03:42.328467+00:00
2026-09-08T00:20:00,capture_daily_monthly_tracking,accumulator,input_number.ac_cycles_month_acc,27.0,2026-09-07T22:03:42.354802+00:00
2026-09-08T00:20:00,capture_daily_monthly_tracking,accumulator,input_number.ac_cycles_year_acc,651.0,2026-09-07T22:03:42.355318+00:00
2026-09-08T00:20:00,capture_daily_monthly_tracking,accumulator,input_number.ac_runtime_month_acc,8.96,2026-09-07T22:03:42.354702+00:00
2026-09-08T00:20:00,capture_daily_monthly_tracking,accumulator,input_number.ac_runtime_year_acc,288.64,2026-09-07T22:03:42.355239+00:00
2026-09-08T00:20:00,capture_daily_monthly_tracking,accumulator,input_number.cdd_cumulative_month_auto,20.3,2026-09-07T22:03:42.353598+00:00
2026-09-08T00:20:00,capture_daily_monthly_tracking,accumulator,input_number.cdd_cumulative_year_auto,643.7,2026-09-07T22:03:42.353704+00:00
2026-09-08T00:20:00,capture_daily_monthly_tracking,accumulator,input_number.expected_runtime_sum_month,0.0,2026-09-07T22:03:42.354016+00:00
2026-09-08T00:20:00,capture_daily_monthly_tracking,accumulator,input_number.furnace_cycles_month_acc,0.0,2026-09-07T22:03:42.354220+00:00
2026-09-08T00:20:00,capture_daily_monthly_tracking,accumulator,input_number.furnace_runtime_month_acc,0.0,2026-09-07T22:03:42.354123+00:00
2026-09-08T00:20:00,capture_daily_monthly_tracking,accumulator,input_number.hdd_cumulative_month_auto,2.3,2026-09-08T03:56:30.335379+00:00
2026-09-08T00:20:00,capture_daily_monthly_tracking,accumulator,input_number.hdd_cumulative_year_auto,3729.2,2026-09-08T03:56:30.337857+00:00
2026-09-08T00:20:00,capture_daily_monthly_tracking,accumulator,input_number.outdoor_temp_days_month,7.0,2026-09-08T03:56:30.350565+00:00
2026-09-08T00:20:00,capture_daily_monthly_tracking,accumulator,input_number.outdoor_temp_sum_month,472.4,2026-09-08T03:56:30.349293+00:00
2026-09-08T00:20:00,capture_daily_monthly_tracking,accumulator,input_number.zone_1f_cool_cycles_month_acc,0.0,2026-09-07T22:03:42.355068+00:00
2026-09-08T00:20:00,capture_daily_monthly_tracking,accumulator,input_number.zone_1f_cool_runtime_month_acc,0.0,2026-09-07T22:03:42.354899+00:00
2026-09-08T00:20:00,capture_daily_monthly_tracking,accumulator,input_number.zone_1f_cycles_month_acc,0.0,2026-09-07T22:03:42.354486+00:00
2026-09-08T00:20:00,capture_daily_monthly_tracking,accumulator,input_number.zone_1f_runtime_month_acc,0.0,2026-09-07T22:03:42.354306+00:00
2026-09-08T00:20:00,capture_daily_monthly_tracking,accumulator,input_number.zone_2f_cool_cycles_month_acc,27.0,2026-09-07T22:03:42.355150+00:00
2026-09-08T00:20:00,capture_daily_monthly_tracking,accumulator,input_number.zone_2f_cool_runtime_month_acc,8.96,2026-09-07T22:03:42.354989+00:00
2026-09-08T00:20:00,capture_daily_monthly_tracking,accumulator,input_number.zone_2f_cycles_month_acc,0.0,2026-09-07T22:03:42.354595+00:00
2026-09-08T00:20:00,capture_daily_monthly_tracking,accumulator,input_number.zone_2f_runtime_month_acc,0.0,2026-09-07T22:03:42.354396+00:00
2026-09-08T00:20:00,capture_daily_monthly_tracking,accumulator,input_datetime.monthly_tracking_capture_last_ok,2026-09-07 23:56:30,2026-09-08T03:56:30.330349+00:00
2026-09-08T00:20:00,capture_daily_runtime_per_cdd,accumulator,input_number.runtime_per_cdd_day_1,41.0,2026-09-07T22:03:42.349567+00:00
2026-09-08T00:20:00,capture_daily_runtime_per_cdd,accumulator,input_number.runtime_per_cdd_day_2,22.1,2026-09-07T22:03:42.349693+00:00
2026-09-08T00:20:00,capture_daily_runtime_per_cdd,accumulator,input_number.runtime_per_cdd_day_3,20.1,2026-09-07T22:03:42.349823+00:00
2026-09-08T00:20:00,capture_daily_runtime_per_cdd,accumulator,input_number.runtime_per_cdd_day_4,14.3,2026-09-07T22:03:42.349998+00:00
2026-09-08T00:20:00,capture_daily_runtime_per_cdd,accumulator,input_number.runtime_per_cdd_day_5,54.8,2026-09-07T22:03:42.350115+00:00
2026-09-08T00:20:00,capture_daily_runtime_per_cdd,accumulator,input_number.runtime_per_cdd_day_6,36.8,2026-09-07T22:03:42.350226+00:00
2026-09-08T00:20:00,capture_daily_runtime_per_cdd,accumulator,input_number.runtime_per_cdd_day_7,29.1,2026-09-07T22:03:42.350347+00:00
2026-09-08T00:20:00,capture_daily_runtime_per_cdd,accumulator,input_datetime.runtime_per_cdd_capture_last_ok,1970-01-01 00:00:00,2026-09-07T22:03:42.327135+00:00
2026-09-08T00:20:00,capture_daily_runtime_per_hdd,accumulator,input_number.runtime_per_hdd_day_1,0.0,2026-09-07T22:03:42.347453+00:00
2026-09-08T00:20:00,capture_daily_runtime_per_hdd,accumulator,input_number.runtime_per_hdd_day_2,0.0,2026-09-07T22:03:42.347621+00:00
2026-09-08T00:20:00,capture_daily_runtime_per_hdd,accumulator,input_number.runtime_per_hdd_day_3,0.0,2026-09-07T22:03:42.347769+00:00
2026-09-08T00:20:00,capture_daily_runtime_per_hdd,accumulator,input_number.runtime_per_hdd_day_4,0.0,2026-09-07T22:03:42.347908+00:00
2026-09-08T00:20:00,capture_daily_runtime_per_hdd,accumulator,input_number.runtime_per_hdd_day_5,0.0,2026-09-07T22:03:42.348060+00:00
2026-09-08T00:20:00,capture_daily_runtime_per_hdd,accumulator,input_number.runtime_per_hdd_day_6,0.0,2026-09-07T22:03:42.348264+00:00
2026-09-08T00:20:00,capture_daily_runtime_per_hdd,accumulator,input_number.runtime_per_hdd_day_7,0.0,2026-09-07T22:03:42.348429+00:00
2026-09-08T00:20:00,capture_daily_runtime_per_hdd,accumulator,input_datetime.runtime_per_hdd_capture_last_ok,2026-09-07 23:56:00,2026-09-08T03:56:00.106424+00:00
2026-09-08T00:20:00,capture_daily_water_overnight,leak,input_number.water_overnight_min_day_1,0.1,2026-09-07T22:03:42.378797+00:00
2026-09-08T00:20:00,capture_daily_water_overnight,leak,input_number.water_overnight_min_day_2,0.0,2026-09-07T22:03:42.378878+00:00
2026-09-08T00:20:00,capture_daily_water_overnight,leak,input_number.water_overnight_min_day_3,0.0,2026-09-07T22:03:42.378961+00:00
2026-09-08T00:20:00,capture_daily_water_overnight,leak,input_number.water_overnight_min_day_4,0.0,2026-09-07T22:03:42.379045+00:00
2026-09-08T00:20:00,capture_daily_water_overnight,leak,input_number.water_overnight_min_day_5,0.0,2026-09-07T22:03:42.379127+00:00
2026-09-08T00:20:00,capture_daily_water_overnight,leak,input_number.water_overnight_min_day_6,0.0,2026-09-07T22:03:42.379209+00:00
2026-09-08T00:20:00,capture_daily_water_overnight,leak,input_number.water_overnight_min_day_7,0.0,2026-09-07T22:03:42.379294+00:00
2026-09-08T00:20:00,capture_daily_water_overnight,leak,input_datetime.water_overnight_capture_last_ok,2026-09-07 05:00:45,2026-09-07T22:03:42.328804+00:00
2026-09-09T00:20:00,archive_monthly_cdd,accumulator,input_datetime.cdd_archive_last_ok,2026-08-31 23:58:30,2026-09-07T22:03:42.326023+00:00
2026-09-09T00:20:00,archive_monthly_gas_heat_cost,accumulator,input_datetime.gas_heat_cost_archive_last_ok,2026-08-27 15:32:37,2026-09-07T22:03:42.326135+00:00
2026-09-09T00:20:00,archive_monthly_hdd,accumulator,input_datetime.hdd_archive_last_ok,2026-08-31 23:58:15,2026-09-07T22:03:42.325916+00:00
2026-09-09T00:20:00,capture_daily_ac_cost,accumulator,input_number.ac_cost_year_acc,186.66,2026-09-09T03:59:45.084172+00:00
2026-09-09T00:20:00,capture_daily_ac_cost,accumulator,input_datetime.ac_cost_capture_last_ok,2026-09-08 23:59:45,2026-09-09T03:59:45.086362+00:00
2026-09-09T00:20:00,capture_daily_ac_min_per_cycle,accumulator,input_number.ac_min_per_cycle_day_1,26.1,2026-09-09T03:55:30.308319+00:00
2026-09-09T00:20:00,capture_daily_ac_min_per_cycle,accumulator,input_number.ac_min_per_cycle_day_2,19.3,2026-09-09T03:55:30.305583+00:00
2026-09-09T00:20:00,capture_daily_ac_min_per_cycle,accumulator,input_number.ac_min_per_cycle_day_3,26.5,2026-09-09T03:55:30.299681+00:00
2026-09-09T00:20:00,capture_daily_ac_min_per_cycle,accumulator,input_number.ac_min_per_cycle_day_4,17.5,2026-09-09T03:55:30.291566+00:00
2026-09-09T00:20:00,capture_daily_ac_min_per_cycle,accumulator,input_number.ac_min_per_cycle_day_5,15.1,2026-09-09T03:55:30.290282+00:00
2026-09-09T00:20:00,capture_daily_ac_min_per_cycle,accumulator,input_number.ac_min_per_cycle_day_6,23.0,2026-09-09T03:55:30.288856+00:00
2026-09-09T00:20:00,capture_daily_ac_min_per_cycle,accumulator,input_number.ac_min_per_cycle_day_7,18.3,2026-09-09T03:55:30.285458+00:00
2026-09-09T00:20:00,capture_daily_ac_min_per_cycle,accumulator,input_datetime.ac_min_per_cycle_capture_last_ok,2026-09-08 23:55:30,2026-09-09T03:55:30.311382+00:00
2026-09-09T00:20:00,capture_daily_ac_watts,spc,input_number.ac_running_watts_day_1,2289.5,2026-09-09T03:59:00.264169+00:00
2026-09-09T00:20:00,capture_daily_ac_watts,spc,input_number.ac_running_watts_day_2,2414.9,2026-09-09T03:59:00.260338+00:00
2026-09-09T00:20:00,capture_daily_ac_watts,spc,input_number.ac_running_watts_day_3,2484.8,2026-09-09T03:59:00.256403+00:00
2026-09-09T00:20:00,capture_daily_ac_watts,spc,input_number.ac_running_watts_day_4,2420.4,2026-09-09T03:59:00.254116+00:00
2026-09-09T00:20:00,capture_daily_ac_watts,spc,input_number.ac_running_watts_day_5,2231.3,2026-09-09T03:59:00.248969+00:00
2026-09-09T00:20:00,capture_daily_ac_watts,spc,input_number.ac_running_watts_day_6,2430.6,2026-09-09T03:59:00.241755+00:00
2026-09-09T00:20:00,capture_daily_ac_watts,spc,input_number.ac_running_watts_day_7,2482.1,2026-09-09T03:59:00.227771+00:00
2026-09-09T00:20:00,capture_daily_ac_watts,spc,input_datetime.ac_spc_last_capture,2026-09-08,2026-09-09T03:59:00.267968+00:00
2026-09-09T00:20:00,capture_daily_ac_watts,spc,input_datetime.ac_spc_last_seed,2026-08-21,2026-09-07T22:03:42.328346+00:00
2026-09-09T00:20:00,capture_daily_cdd,accumulator,input_number.cdd_day_1,0.6,2026-09-09T03:55:15.150221+00:00
2026-09-09T00:20:00,capture_daily_cdd,accumulator,input_number.cdd_day_2,0.0,2026-09-08T03:55:15.125649+00:00
2026-09-09T00:20:00,capture_daily_cdd,accumulator,input_number.cdd_day_3,0.0,2026-09-09T03:55:15.144493+00:00
2026-09-09T00:20:00,capture_daily_cdd,accumulator,input_number.cdd_day_4,3.3,2026-09-09T03:55:15.138516+00:00
2026-09-09T00:20:00,capture_daily_cdd,accumulator,input_number.cdd_day_5,8.4,2026-09-09T03:55:15.135066+00:00
2026-09-09T00:20:00,capture_daily_cdd,accumulator,input_number.cdd_day_6,6.1,2026-09-09T03:55:15.129851+00:00
2026-09-09T00:20:00,capture_daily_cdd,accumulator,input_number.cdd_day_7,1.4,2026-09-09T03:55:15.123247+00:00
2026-09-09T00:20:00,capture_daily_cdd,accumulator,input_datetime.cdd_capture_last_ok,2026-09-08 23:55:15,2026-09-09T03:55:15.152443+00:00
2026-09-09T00:20:00,capture_daily_cooling_kwh_cdd,spc,input_number.cooling_kwh_cdd_day_1,3.33,2026-09-09T03:59:00.375162+00:00
2026-09-09T00:20:00,capture_daily_cooling_kwh_cdd,spc,input_number.cooling_kwh_cdd_day_2,1.66,2026-09-09T03:59:00.373727+00:00
2026-09-09T00:20:00,capture_daily_cooling_kwh_cdd,spc,input_number.cooling_kwh_cdd_day_3,0.92,2026-09-09T03:59:00.371557+00:00
2026-09-09T00:20:00,capture_daily_cooling_kwh_cdd,spc,input_number.cooling_kwh_cdd_day_4,0.81,2026-09-09T03:59:00.369908+00:00
2026-09-09T00:20:00,capture_daily_cooling_kwh_cdd,spc,input_number.cooling_kwh_cdd_day_5,0.55,2026-09-09T03:59:00.368119+00:00
2026-09-09T00:20:00,capture_daily_cooling_kwh_cdd,spc,input_number.cooling_kwh_cdd_day_6,2.04,2026-09-09T03:59:00.362752+00:00
2026-09-09T00:20:00,capture_daily_cooling_kwh_cdd,spc,input_number.cooling_kwh_cdd_day_7,1.49,2026-09-09T03:59:00.361277+00:00
2026-09-09T00:20:00,capture_daily_cooling_kwh_cdd,spc,input_datetime.cooling_kwh_cdd_spc_last_capture,2026-09-08,2026-09-09T03:59:00.376706+00:00
2026-09-09T00:20:00,capture_daily_dehumidifier_cost,accumulator,input_number.dehumidifier_cost_year_acc,53.61,2026-09-09T03:59:30.438709+00:00
2026-09-09T00:20:00,capture_daily_dehumidifier_cost,accumulator,input_datetime.dehumidifier_cost_capture_last_ok,2026-09-08 23:59:30,2026-09-09T03:59:30.439355+00:00
2026-09-09T00:20:00,capture_daily_dehumidifier_duty_kwh,accumulator,input_number.dehumidifier_duty_day_1,7.5,2026-09-09T03:59:30.394516+00:00
2026-09-09T00:20:00,capture_daily_dehumidifier_duty_kwh,accumulator,input_number.dehumidifier_duty_day_2,6.2,2026-09-09T03:59:30.390642+00:00
2026-09-09T00:20:00,capture_daily_dehumidifier_duty_kwh,accumulator,input_number.dehumidifier_duty_day_3,9.2,2026-09-09T03:59:30.388154+00:00
2026-09-09T00:20:00,capture_daily_dehumidifier_duty_kwh,accumulator,input_number.dehumidifier_duty_day_4,9.1,2026-09-09T03:59:30.378586+00:00
2026-09-09T00:20:00,capture_daily_dehumidifier_duty_kwh,accumulator,input_number.dehumidifier_duty_day_5,9.0,2026-09-09T03:59:30.376389+00:00
2026-09-09T00:20:00,capture_daily_dehumidifier_duty_kwh,accumulator,input_number.dehumidifier_duty_day_6,7.1,2026-09-09T03:59:30.371223+00:00
2026-09-09T00:20:00,capture_daily_dehumidifier_duty_kwh,accumulator,input_number.dehumidifier_duty_day_7,6.9,2026-09-09T03:59:30.368984+00:00
2026-09-09T00:20:00,capture_daily_dehumidifier_duty_kwh,accumulator,input_number.dehumidifier_kwh_day_1,0.834,2026-09-09T03:59:30.413217+00:00
2026-09-09T00:20:00,capture_daily_dehumidifier_duty_kwh,accumulator,input_number.dehumidifier_kwh_day_2,0.683,2026-09-09T03:59:30.411388+00:00
2026-09-09T00:20:00,capture_daily_dehumidifier_duty_kwh,accumulator,input_number.dehumidifier_kwh_day_3,1.031,2026-09-09T03:59:30.409698+00:00
2026-09-09T00:20:00,capture_daily_dehumidifier_duty_kwh,accumulator,input_number.dehumidifier_kwh_day_4,1.014,2026-09-09T03:59:30.405818+00:00
2026-09-09T00:20:00,capture_daily_dehumidifier_duty_kwh,accumulator,input_number.dehumidifier_kwh_day_5,1.0,2026-09-09T03:59:30.404368+00:00
2026-09-09T00:20:00,capture_daily_dehumidifier_duty_kwh,accumulator,input_number.dehumidifier_kwh_day_6,0.788,2026-09-09T03:59:30.402667+00:00
2026-09-09T00:20:00,capture_daily_dehumidifier_duty_kwh,accumulator,input_number.dehumidifier_kwh_day_7,0.767,2026-09-09T03:59:30.397706+00:00
2026-09-09T00:20:00,capture_daily_dehumidifier_duty_kwh,accumulator,input_datetime.dehumidifier_duty_kwh_capture_last_ok,2026-09-08 23:59:30,2026-09-09T03:59:30.422172+00:00
2026-09-09T00:20:00,capture_daily_dehumidifier_watts,spc,input_number.dehumidifier_running_watts_day_1,464.2,2026-09-09T03:59:00.347932+00:00
2026-09-09T00:20:00,capture_daily_dehumidifier_watts,spc,input_number.dehumidifier_running_watts_day_2,464.4,2026-09-09T03:59:00.345378+00:00
2026-09-09T00:20:00,capture_daily_dehumidifier_watts,spc,input_number.dehumidifier_running_watts_day_3,467.2,2026-09-09T03:59:00.339742+00:00
2026-09-09T00:20:00,capture_daily_dehumidifier_watts,spc,input_number.dehumidifier_running_watts_day_4,465.7,2026-09-09T03:59:00.333618+00:00
2026-09-09T00:20:00,capture_daily_dehumidifier_watts,spc,input_number.dehumidifier_running_watts_day_5,463.3,2026-09-08T03:59:00.318958+00:00
2026-09-09T00:20:00,capture_daily_dehumidifier_watts,spc,input_number.dehumidifier_running_watts_day_6,463.3,2026-09-09T03:59:00.324138+00:00
2026-09-09T00:20:00,capture_daily_dehumidifier_watts,spc,input_number.dehumidifier_running_watts_day_7,465.2,2026-09-09T03:59:00.309305+00:00
2026-09-09T00:20:00,capture_daily_dehumidifier_watts,spc,input_datetime.dehumidifier_spc_last_capture,2026-09-08,2026-09-09T03:59:00.358059+00:00
2026-09-09T00:20:00,capture_daily_dehumidifier_watts,spc,input_datetime.dehumidifier_spc_last_seed,2026-08-21,2026-09-07T22:03:42.328592+00:00
2026-09-09T00:20:00,capture_daily_fridge_watts,spc,input_number.fridge_running_watts_day_1,120.5,2026-09-09T03:59:00.407405+00:00
2026-09-09T00:20:00,capture_daily_fridge_watts,spc,input_number.fridge_running_watts_day_2,116.0,2026-09-09T03:59:00.405996+00:00
2026-09-09T00:20:00,capture_daily_fridge_watts,spc,input_number.fridge_running_watts_day_3,125.1,2026-09-09T03:59:00.405263+00:00
2026-09-09T00:20:00,capture_daily_fridge_watts,spc,input_number.fridge_running_watts_day_4,124.9,2026-09-09T03:59:00.404058+00:00
2026-09-09T00:20:00,capture_daily_fridge_watts,spc,input_number.fridge_running_watts_day_5,112.7,2026-09-09T03:59:00.397310+00:00
2026-09-09T00:20:00,capture_daily_fridge_watts,spc,input_number.fridge_running_watts_day_6,121.6,2026-09-09T03:59:00.395713+00:00
2026-09-09T00:20:00,capture_daily_fridge_watts,spc,input_number.fridge_running_watts_day_7,113.5,2026-09-09T03:59:00.393989+00:00
2026-09-09T00:20:00,capture_daily_fridge_watts,spc,input_datetime.fridge_spc_last_capture,2026-09-08,2026-09-09T03:59:00.412451+00:00
2026-09-09T00:20:00,capture_daily_fridge_watts,spc,input_datetime.fridge_spc_last_seed,2026-08-21,2026-09-07T22:03:42.328112+00:00
2026-09-09T00:20:00,capture_daily_furnace_min_per_cycle,accumulator,input_number.furnace_min_per_cycle_day_1,0.0,2026-09-07T22:03:42.350467+00:00
2026-09-09T00:20:00,capture_daily_furnace_min_per_cycle,accumulator,input_number.furnace_min_per_cycle_day_2,0.0,2026-09-07T22:03:42.351023+00:00
2026-09-09T00:20:00,capture_daily_furnace_min_per_cycle,accumulator,input_number.furnace_min_per_cycle_day_3,0.0,2026-09-07T22:03:42.351223+00:00
2026-09-09T00:20:00,capture_daily_furnace_min_per_cycle,accumulator,input_number.furnace_min_per_cycle_day_4,0.0,2026-09-07T22:03:42.351509+00:00
2026-09-09T00:20:00,capture_daily_furnace_min_per_cycle,accumulator,input_number.furnace_min_per_cycle_day_5,0.0,2026-09-07T22:03:42.351666+00:00
2026-09-09T00:20:00,capture_daily_furnace_min_per_cycle,accumulator,input_number.furnace_min_per_cycle_day_6,0.0,2026-09-07T22:03:42.351824+00:00
2026-09-09T00:20:00,capture_daily_furnace_min_per_cycle,accumulator,input_number.furnace_min_per_cycle_day_7,0.0,2026-09-07T22:03:42.351968+00:00
2026-09-09T00:20:00,capture_daily_furnace_min_per_cycle,accumulator,input_datetime.furnace_cycle_capture_last_ok,1970-01-01 00:00:00,2026-09-07T22:03:42.326881+00:00
2026-09-09T00:20:00,capture_daily_furnace_watts,spc,input_number.furnace_running_watts_day_1,767.1,2026-09-07T22:03:42.374604+00:00
2026-09-09T00:20:00,capture_daily_furnace_watts,spc,input_number.furnace_running_watts_day_2,767.5,2026-09-07T22:03:42.374678+00:00
2026-09-09T00:20:00,capture_daily_furnace_watts,spc,input_number.furnace_running_watts_day_3,774.1,2026-09-07T22:03:42.374745+00:00
2026-09-09T00:20:00,capture_daily_furnace_watts,spc,input_number.furnace_running_watts_day_4,772.9,2026-09-07T22:03:42.374811+00:00
2026-09-09T00:20:00,capture_daily_furnace_watts,spc,input_number.furnace_running_watts_day_5,774.6,2026-09-07T22:03:42.374876+00:00
2026-09-09T00:20:00,capture_daily_furnace_watts,spc,input_number.furnace_running_watts_day_6,774.5,2026-09-07T22:03:42.374949+00:00
2026-09-09T00:20:00,capture_daily_furnace_watts,spc,input_number.furnace_running_watts_day_7,771.0,2026-09-07T22:03:42.375018+00:00
2026-09-09T00:20:00,capture_daily_furnace_watts,spc,input_datetime.furnace_spc_last_capture,2026-09-05,2026-09-07T22:03:42.327624+00:00
2026-09-09T00:20:00,capture_daily_furnace_watts,spc,input_datetime.furnace_spc_last_seed,2026-08-21,2026-09-07T22:03:42.328229+00:00
2026-09-09T00:20:00,capture_daily_hdd,accumulator,input_number.hdd_day_1,0.0,2026-09-09T03:55:00.250938+00:00
2026-09-09T00:20:00,capture_daily_hdd,accumulator,input_number.hdd_day_2,0.7,2026-09-09T03:55:00.249531+00:00
2026-09-09T00:20:00,capture_daily_hdd,accumulator,input_number.hdd_day_3,1.6,2026-09-09T03:55:00.248405+00:00
2026-09-09T00:20:00,capture_daily_hdd,accumulator,input_number.hdd_day_4,0.0,2026-09-07T22:03:42.346723+00:00
2026-09-09T00:20:00,capture_daily_hdd,accumulator,input_number.hdd_day_5,0.0,2026-09-07T22:03:42.346877+00:00
2026-09-09T00:20:00,capture_daily_hdd,accumulator,input_number.hdd_day_6,0.0,2026-09-07T22:03:42.347032+00:00
2026-09-09T00:20:00,capture_daily_hdd,accumulator,input_number.hdd_day_7,0.0,2026-09-07T22:03:42.347226+00:00
2026-09-09T00:20:00,capture_daily_hdd,accumulator,input_datetime.hdd_capture_last_ok,2026-09-08 23:55:00,2026-09-09T03:55:00.251721+00:00
2026-09-09T00:20:00,capture_daily_hwh_recirc_watts,spc,input_number.hwh_recirc_running_watts_day_1,106.5,2026-09-09T03:59:00.389896+00:00
2026-09-09T00:20:00,capture_daily_hwh_recirc_watts,spc,input_number.hwh_recirc_running_watts_day_2,107.1,2026-09-09T03:59:00.388318+00:00
2026-09-09T00:20:00,capture_daily_hwh_recirc_watts,spc,input_number.hwh_recirc_running_watts_day_3,107.4,2026-09-09T03:59:00.386911+00:00
2026-09-09T00:20:00,capture_daily_hwh_recirc_watts,spc,input_number.hwh_recirc_running_watts_day_4,106.9,2026-09-09T03:59:00.384913+00:00
2026-09-09T00:20:00,capture_daily_hwh_recirc_watts,spc,input_number.hwh_recirc_running_watts_day_5,106.3,2026-09-09T03:59:00.382341+00:00
2026-09-09T00:20:00,capture_daily_hwh_recirc_watts,spc,input_number.hwh_recirc_running_watts_day_6,107.7,2026-09-09T03:59:00.380935+00:00
2026-09-09T00:20:00,capture_daily_hwh_recirc_watts,spc,input_number.hwh_recirc_running_watts_day_7,109.5,2026-09-09T03:59:00.379431+00:00
2026-09-09T00:20:00,capture_daily_hwh_recirc_watts,spc,input_datetime.hwh_recirc_spc_last_capture,2026-09-08,2026-09-09T03:59:00.391801+00:00
2026-09-09T00:20:00,capture_daily_hwh_recirc_watts,spc,input_datetime.hwh_recirc_spc_last_seed,2026-08-21,2026-09-07T22:03:42.328467+00:00
2026-09-09T00:20:00,capture_daily_monthly_tracking,accumulator,input_number.ac_cycles_month_acc,29.0,2026-09-09T03:56:30.362214+00:00
2026-09-09T00:20:00,capture_daily_monthly_tracking,accumulator,input_number.ac_cycles_year_acc,653.0,2026-09-09T03:56:30.364515+00:00
2026-09-09T00:20:00,capture_daily_monthly_tracking,accumulator,input_number.ac_runtime_month_acc,9.83,2026-09-09T03:56:30.361390+00:00
2026-09-09T00:20:00,capture_daily_monthly_tracking,accumulator,input_number.ac_runtime_year_acc,289.51,2026-09-09T03:56:30.364241+00:00
2026-09-09T00:20:00,capture_daily_monthly_tracking,accumulator,input_number.cdd_cumulative_month_auto,20.9,2026-09-09T03:56:30.347163+00:00
2026-09-09T00:20:00,capture_daily_monthly_tracking,accumulator,input_number.cdd_cumulative_year_auto,644.3,2026-09-09T03:56:30.351565+00:00
2026-09-09T00:20:00,capture_daily_monthly_tracking,accumulator,input_number.expected_runtime_sum_month,0.0,2026-09-07T22:03:42.354016+00:00
2026-09-09T00:20:00,capture_daily_monthly_tracking,accumulator,input_number.furnace_cycles_month_acc,0.0,2026-09-07T22:03:42.354220+00:00
2026-09-09T00:20:00,capture_daily_monthly_tracking,accumulator,input_number.furnace_runtime_month_acc,0.0,2026-09-07T22:03:42.354123+00:00
2026-09-09T00:20:00,capture_daily_monthly_tracking,accumulator,input_number.hdd_cumulative_month_auto,2.3,2026-09-08T03:56:30.335379+00:00
2026-09-09T00:20:00,capture_daily_monthly_tracking,accumulator,input_number.hdd_cumulative_year_auto,3729.2,2026-09-08T03:56:30.337857+00:00
2026-09-09T00:20:00,capture_daily_monthly_tracking,accumulator,input_number.outdoor_temp_days_month,8.0,2026-09-09T03:56:30.353854+00:00
2026-09-09T00:20:00,capture_daily_monthly_tracking,accumulator,input_number.outdoor_temp_sum_month,538.5,2026-09-09T03:56:30.352492+00:00
2026-09-09T00:20:00,capture_daily_monthly_tracking,accumulator,input_number.zone_1f_cool_cycles_month_acc,0.0,2026-09-07T22:03:42.355068+00:00
2026-09-09T00:20:00,capture_daily_monthly_tracking,accumulator,input_number.zone_1f_cool_runtime_month_acc,0.0,2026-09-07T22:03:42.354899+00:00
2026-09-09T00:20:00,capture_daily_monthly_tracking,accumulator,input_number.zone_1f_cycles_month_acc,0.0,2026-09-07T22:03:42.354486+00:00
2026-09-09T00:20:00,capture_daily_monthly_tracking,accumulator,input_number.zone_1f_runtime_month_acc,0.0,2026-09-07T22:03:42.354306+00:00
2026-09-09T00:20:00,capture_daily_monthly_tracking,accumulator,input_number.zone_2f_cool_cycles_month_acc,29.0,2026-09-09T03:56:30.363771+00:00
2026-09-09T00:20:00,capture_daily_monthly_tracking,accumulator,input_number.zone_2f_cool_runtime_month_acc,9.83,2026-09-09T03:56:30.363013+00:00
2026-09-09T00:20:00,capture_daily_monthly_tracking,accumulator,input_number.zone_2f_cycles_month_acc,0.0,2026-09-07T22:03:42.354595+00:00
2026-09-09T00:20:00,capture_daily_monthly_tracking,accumulator,input_number.zone_2f_runtime_month_acc,0.0,2026-09-07T22:03:42.354396+00:00
2026-09-09T00:20:00,capture_daily_monthly_tracking,accumulator,input_datetime.monthly_tracking_capture_last_ok,2026-09-08 23:56:30,2026-09-09T03:56:30.333092+00:00
2026-09-09T00:20:00,capture_daily_runtime_per_cdd,accumulator,input_number.runtime_per_cdd_day_1,87.2,2026-09-09T03:56:45.222949+00:00
2026-09-09T00:20:00,capture_daily_runtime_per_cdd,accumulator,input_number.runtime_per_cdd_day_2,41.0,2026-09-09T03:56:45.219135+00:00
2026-09-09T00:20:00,capture_daily_runtime_per_cdd,accumulator,input_number.runtime_per_cdd_day_3,22.1,2026-09-09T03:56:45.211189+00:00
2026-09-09T00:20:00,capture_daily_runtime_per_cdd,accumulator,input_number.runtime_per_cdd_day_4,20.1,2026-09-09T03:56:45.199114+00:00
2026-09-09T00:20:00,capture_daily_runtime_per_cdd,accumulator,input_number.runtime_per_cdd_day_5,14.3,2026-09-09T03:56:45.194245+00:00
2026-09-09T00:20:00,capture_daily_runtime_per_cdd,accumulator,input_number.runtime_per_cdd_day_6,54.8,2026-09-09T03:56:45.184135+00:00
2026-09-09T00:20:00,capture_daily_runtime_per_cdd,accumulator,input_number.runtime_per_cdd_day_7,36.8,2026-09-09T03:56:45.181181+00:00
2026-09-09T00:20:00,capture_daily_runtime_per_cdd,accumulator,input_datetime.runtime_per_cdd_capture_last_ok,2026-09-08 23:56:45,2026-09-09T03:56:45.228928+00:00
2026-09-09T00:20:00,capture_daily_runtime_per_hdd,accumulator,input_number.runtime_per_hdd_day_1,0.0,2026-09-07T22:03:42.347453+00:00
2026-09-09T00:20:00,capture_daily_runtime_per_hdd,accumulator,input_number.runtime_per_hdd_day_2,0.0,2026-09-07T22:03:42.347621+00:00
2026-09-09T00:20:00,capture_daily_runtime_per_hdd,accumulator,input_number.runtime_per_hdd_day_3,0.0,2026-09-07T22:03:42.347769+00:00
2026-09-09T00:20:00,capture_daily_runtime_per_hdd,accumulator,input_number.runtime_per_hdd_day_4,0.0,2026-09-07T22:03:42.347908+00:00
2026-09-09T00:20:00,capture_daily_runtime_per_hdd,accumulator,input_number.runtime_per_hdd_day_5,0.0,2026-09-07T22:03:42.348060+00:00
2026-09-09T00:20:00,capture_daily_runtime_per_hdd,accumulator,input_number.runtime_per_hdd_day_6,0.0,2026-09-07T22:03:42.348264+00:00
2026-09-09T00:20:00,capture_daily_runtime_per_hdd,accumulator,input_number.runtime_per_hdd_day_7,0.0,2026-09-07T22:03:42.348429+00:00
2026-09-09T00:20:00,capture_daily_runtime_per_hdd,accumulator,input_datetime.runtime_per_hdd_capture_last_ok,2026-09-08 23:56:00,2026-09-09T03:56:00.101638+00:00
2026-09-09T00:20:00,capture_daily_water_overnight,leak,input_number.water_overnight_min_day_1,0.0,2026-09-08T09:00:45.267081+00:00
2026-09-09T00:20:00,capture_daily_water_overnight,leak,input_number.water_overnight_min_day_2,0.1,2026-09-08T09:00:45.266016+00:00
2026-09-09T00:20:00,capture_daily_water_overnight,leak,input_number.water_overnight_min_day_3,0.0,2026-09-07T22:03:42.378961+00:00
2026-09-09T00:20:00,capture_daily_water_overnight,leak,input_number.water_overnight_min_day_4,0.0,2026-09-07T22:03:42.379045+00:00
2026-09-09T00:20:00,capture_daily_water_overnight,leak,input_number.water_overnight_min_day_5,0.0,2026-09-07T22:03:42.379127+00:00
2026-09-09T00:20:00,capture_daily_water_overnight,leak,input_number.water_overnight_min_day_6,0.0,2026-09-07T22:03:42.379209+00:00
2026-09-09T00:20:00,capture_daily_water_overnight,leak,input_number.water_overnight_min_day_7,0.0,2026-09-07T22:03:42.379294+00:00
2026-09-09T00:20:00,capture_daily_water_overnight,leak,input_datetime.water_overnight_capture_last_ok,2026-09-08 05:00:45,2026-09-08T09:00:45.271213+00:00
2026-09-10T00:20:00,archive_monthly_cdd,accumulator,input_datetime.cdd_archive_last_ok,2026-08-31 23:58:30,2026-09-07T22:03:42.326023+00:00
2026-09-10T00:20:00,archive_monthly_gas_heat_cost,accumulator,input_datetime.gas_heat_cost_archive_last_ok,2026-08-27 15:32:37,2026-09-07T22:03:42.326135+00:00
2026-09-10T00:20:00,archive_monthly_hdd,accumulator,input_datetime.hdd_archive_last_ok,2026-08-31 23:58:15,2026-09-07T22:03:42.325916+00:00
2026-09-10T00:20:00,capture_daily_ac_cost,accumulator,input_number.ac_cost_year_acc,187.62,2026-09-10T03:59:45.084424+00:00
2026-09-10T00:20:00,capture_daily_ac_cost,accumulator,input_datetime.ac_cost_capture_last_ok,2026-09-09 23:59:45,2026-09-10T03:59:45.090313+00:00
2026-09-10T00:20:00,capture_daily_ac_min_per_cycle,accumulator,input_number.ac_min_per_cycle_day_1,14.7,2026-09-10T03:55:30.318256+00:00
2026-09-10T00:20:00,capture_daily_ac_min_per_cycle,accumulator,input_number.ac_min_per_cycle_day_2,26.1,2026-09-10T03:55:30.312109+00:00
2026-09-10T00:20:00,capture_daily_ac_min_per_cycle,accumulator,input_number.ac_min_per_cycle_day_3,19.3,2026-09-10T03:55:30.308963+00:00
2026-09-10T00:20:00,capture_daily_ac_min_per_cycle,accumulator,input_number.ac_min_per_cycle_day_4,26.5,2026-09-10T03:55:30.302927+00:00
2026-09-10T00:20:00,capture_daily_ac_min_per_cycle,accumulator,input_number.ac_min_per_cycle_day_5,17.5,2026-09-10T03:55:30.290259+00:00
2026-09-10T00:20:00,capture_daily_ac_min_per_cycle,accumulator,input_number.ac_min_per_cycle_day_6,15.1,2026-09-10T03:55:30.288502+00:00
2026-09-10T00:20:00,capture_daily_ac_min_per_cycle,accumulator,input_number.ac_min_per_cycle_day_7,23.0,2026-09-10T03:55:30.284872+00:00
2026-09-10T00:20:00,capture_daily_ac_min_per_cycle,accumulator,input_datetime.ac_min_per_cycle_capture_last_ok,2026-09-09 23:55:30,2026-09-10T03:55:30.320414+00:00
2026-09-10T00:20:00,capture_daily_ac_watts,spc,input_number.ac_running_watts_day_1,2479.9,2026-09-10T03:59:00.268088+00:00
2026-09-10T00:20:00,capture_daily_ac_watts,spc,input_number.ac_running_watts_day_2,2289.5,2026-09-10T03:59:00.266512+00:00
2026-09-10T00:20:00,capture_daily_ac_watts,spc,input_number.ac_running_watts_day_3,2414.9,2026-09-10T03:59:00.258040+00:00
2026-09-10T00:20:00,capture_daily_ac_watts,spc,input_number.ac_running_watts_day_4,2484.8,2026-09-10T03:59:00.252795+00:00
2026-09-10T00:20:00,capture_daily_ac_watts,spc,input_number.ac_running_watts_day_5,2420.4,2026-09-10T03:59:00.240113+00:00
2026-09-10T00:20:00,capture_daily_ac_watts,spc,input_number.ac_running_watts_day_6,2231.3,2026-09-10T03:59:00.232203+00:00
2026-09-10T00:20:00,capture_daily_ac_watts,spc,input_number.ac_running_watts_day_7,2430.6,2026-09-10T03:59:00.226290+00:00
2026-09-10T00:20:00,capture_daily_ac_watts,spc,input_datetime.ac_spc_last_capture,2026-09-09,2026-09-10T03:59:00.272203+00:00
2026-09-10T00:20:00,capture_daily_ac_watts,spc,input_datetime.ac_spc_last_seed,2026-08-21,2026-09-07T22:03:42.328346+00:00
2026-09-10T00:20:00,capture_daily_cdd,accumulator,input_number.cdd_day_1,4.0,2026-09-10T03:55:15.142809+00:00
2026-09-10T00:20:00,capture_daily_cdd,accumulator,input_number.cdd_day_2,0.6,2026-09-10T03:55:15.142009+00:00
2026-09-10T00:20:00,capture_daily_cdd,accumulator,input_number.cdd_day_3,0.0,2026-09-09T03:55:15.144493+00:00
2026-09-10T00:20:00,capture_daily_cdd,accumulator,input_number.cdd_day_4,0.0,2026-09-10T03:55:15.140588+00:00
2026-09-10T00:20:00,capture_daily_cdd,accumulator,input_number.cdd_day_5,3.3,2026-09-10T03:55:15.137531+00:00
2026-09-10T00:20:00,capture_daily_cdd,accumulator,input_number.cdd_day_6,8.4,2026-09-10T03:55:15.131385+00:00
2026-09-10T00:20:00,capture_daily_cdd,accumulator,input_number.cdd_day_7,6.1,2026-09-10T03:55:15.124518+00:00
2026-09-10T00:20:00,capture_daily_cdd,accumulator,input_datetime.cdd_capture_last_ok,2026-09-09 23:55:15,2026-09-10T03:55:15.143741+00:00
2026-09-10T00:20:00,capture_daily_cooling_kwh_cdd,spc,input_number.cooling_kwh_cdd_day_1,0.91,2026-09-10T03:59:00.356094+00:00
2026-09-10T00:20:00,capture_daily_cooling_kwh_cdd,spc,input_number.cooling_kwh_cdd_day_2,3.33,2026-09-10T03:59:00.351372+00:00
2026-09-10T00:20:00,capture_daily_cooling_kwh_cdd,spc,input_number.cooling_kwh_cdd_day_3,1.66,2026-09-10T03:59:00.349427+00:00
2026-09-10T00:20:00,capture_daily_cooling_kwh_cdd,spc,input_number.cooling_kwh_cdd_day_4,0.92,2026-09-10T03:59:00.347059+00:00
2026-09-10T00:20:00,capture_daily_cooling_kwh_cdd,spc,input_number.cooling_kwh_cdd_day_5,0.81,2026-09-10T03:59:00.344885+00:00
2026-09-10T00:20:00,capture_daily_cooling_kwh_cdd,spc,input_number.cooling_kwh_cdd_day_6,0.55,2026-09-10T03:59:00.343603+00:00
2026-09-10T00:20:00,capture_daily_cooling_kwh_cdd,spc,input_number.cooling_kwh_cdd_day_7,2.04,2026-09-10T03:59:00.342187+00:00
2026-09-10T00:20:00,capture_daily_cooling_kwh_cdd,spc,input_datetime.cooling_kwh_cdd_spc_last_capture,2026-09-09,2026-09-10T03:59:00.358409+00:00
2026-09-10T00:20:00,capture_daily_dehumidifier_cost,accumulator,input_number.dehumidifier_cost_year_acc,53.85,2026-09-10T03:59:30.440401+00:00
2026-09-10T00:20:00,capture_daily_dehumidifier_cost,accumulator,input_datetime.dehumidifier_cost_capture_last_ok,2026-09-09 23:59:30,2026-09-10T03:59:30.442374+00:00
2026-09-10T00:20:00,capture_daily_dehumidifier_duty_kwh,accumulator,input_number.dehumidifier_duty_day_1,9.0,2026-09-10T03:59:30.380689+00:00
2026-09-10T00:20:00,capture_daily_dehumidifier_duty_kwh,accumulator,input_number.dehumidifier_duty_day_2,7.5,2026-09-10T03:59:30.378433+00:00
2026-09-10T00:20:00,capture_daily_dehumidifier_duty_kwh,accumulator,input_number.dehumidifier_duty_day_3,6.2,2026-09-10T03:59:30.377805+00:00
2026-09-10T00:20:00,capture_daily_dehumidifier_duty_kwh,accumulator,input_number.dehumidifier_duty_day_4,9.2,2026-09-10T03:59:30.370900+00:00
2026-09-10T00:20:00,capture_daily_dehumidifier_duty_kwh,accumulator,input_number.dehumidifier_duty_day_5,9.1,2026-09-10T03:59:30.370553+00:00
2026-09-10T00:20:00,capture_daily_dehumidifier_duty_kwh,accumulator,input_number.dehumidifier_duty_day_6,9.0,2026-09-10T03:59:30.370128+00:00
2026-09-10T00:20:00,capture_daily_dehumidifier_duty_kwh,accumulator,input_number.dehumidifier_duty_day_7,7.1,2026-09-10T03:59:30.368651+00:00
2026-09-10T00:20:00,capture_daily_dehumidifier_duty_kwh,accumulator,input_number.dehumidifier_kwh_day_1,1.002,2026-09-10T03:59:30.403553+00:00
2026-09-10T00:20:00,capture_daily_dehumidifier_duty_kwh,accumulator,input_number.dehumidifier_kwh_day_2,0.834,2026-09-10T03:59:30.399139+00:00
2026-09-10T00:20:00,capture_daily_dehumidifier_duty_kwh,accumulator,input_number.dehumidifier_kwh_day_3,0.683,2026-09-10T03:59:30.398093+00:00
2026-09-10T00:20:00,capture_daily_dehumidifier_duty_kwh,accumulator,input_number.dehumidifier_kwh_day_4,1.031,2026-09-10T03:59:30.396784+00:00
2026-09-10T00:20:00,capture_daily_dehumidifier_duty_kwh,accumulator,input_number.dehumidifier_kwh_day_5,1.014,2026-09-10T03:59:30.394753+00:00
2026-09-10T00:20:00,capture_daily_dehumidifier_duty_kwh,accumulator,input_number.dehumidifier_kwh_day_6,1.0,2026-09-10T03:59:30.389390+00:00
2026-09-10T00:20:00,capture_daily_dehumidifier_duty_kwh,accumulator,input_number.dehumidifier_kwh_day_7,0.788,2026-09-10T03:59:30.387073+00:00
2026-09-10T00:20:00,capture_daily_dehumidifier_duty_kwh,accumulator,input_datetime.dehumidifier_duty_kwh_capture_last_ok,2026-09-09 23:59:30,2026-09-10T03:59:30.405287+00:00
2026-09-10T00:20:00,capture_daily_dehumidifier_watts,spc,input_number.dehumidifier_running_watts_day_1,463.6,2026-09-10T03:59:00.315231+00:00
2026-09-10T00:20:00,capture_daily_dehumidifier_watts,spc,input_number.dehumidifier_running_watts_day_2,464.2,2026-09-10T03:59:00.314404+00:00
2026-09-10T00:20:00,capture_daily_dehumidifier_watts,spc,input_number.dehumidifier_running_watts_day_3,464.4,2026-09-10T03:59:00.312434+00:00
2026-09-10T00:20:00,capture_daily_dehumidifier_watts,spc,input_number.dehumidifier_running_watts_day_4,467.2,2026-09-10T03:59:00.309414+00:00
2026-09-10T00:20:00,capture_daily_dehumidifier_watts,spc,input_number.dehumidifier_running_watts_day_5,465.7,2026-09-10T03:59:00.307848+00:00
2026-09-10T00:20:00,capture_daily_dehumidifier_watts,spc,input_number.dehumidifier_running_watts_day_6,463.3,2026-09-09T03:59:00.324138+00:00
2026-09-10T00:20:00,capture_daily_dehumidifier_watts,spc,input_number.dehumidifier_running_watts_day_7,463.3,2026-09-10T03:59:00.305596+00:00
2026-09-10T00:20:00,capture_daily_dehumidifier_watts,spc,input_datetime.dehumidifier_spc_last_capture,2026-09-09,2026-09-10T03:59:00.318619+00:00
2026-09-10T00:20:00,capture_daily_dehumidifier_watts,spc,input_datetime.dehumidifier_spc_last_seed,2026-08-21,2026-09-07T22:03:42.328592+00:00
2026-09-10T00:20:00,capture_daily_fridge_watts,spc,input_number.fridge_running_watts_day_1,113.5,2026-09-10T03:59:00.827070+00:00
2026-09-10T00:20:00,capture_daily_fridge_watts,spc,input_number.fridge_running_watts_day_2,120.5,2026-09-10T03:59:00.825764+00:00
2026-09-10T00:20:00,capture_daily_fridge_watts,spc,input_number.fridge_running_watts_day_3,116.0,2026-09-10T03:59:00.824364+00:00
2026-09-10T00:20:00,capture_daily_fridge_watts,spc,input_number.fridge_running_watts_day_4,125.1,2026-09-10T03:59:00.823611+00:00
2026-09-10T00:20:00,capture_daily_fridge_watts,spc,input_number.fridge_running_watts_day_5,124.9,2026-09-10T03:59:00.821302+00:00
2026-09-10T00:20:00,capture_daily_fridge_watts,spc,input_number.fridge_running_watts_day_6,112.7,2026-09-10T03:59:00.819968+00:00
2026-09-10T00:20:00,capture_daily_fridge_watts,spc,input_number.fridge_running_watts_day_7,121.6,2026-09-10T03:59:00.818545+00:00
2026-09-10T00:20:00,capture_daily_fridge_watts,spc,input_datetime.fridge_spc_last_capture,2026-09-09,2026-09-10T03:59:00.829743+00:00
2026-09-10T00:20:00,capture_daily_fridge_watts,spc,input_datetime.fridge_spc_last_seed,2026-08-21,2026-09-07T22:03:42.328112+00:00
2026-09-10T00:20:00,capture_daily_furnace_min_per_cycle,accumulator,input_number.furnace_min_per_cycle_day_1,0.0,2026-09-07T22:03:42.350467+00:00
2026-09-10T00:20:00,capture_daily_furnace_min_per_cycle,accumulator,input_number.furnace_min_per_cycle_day_2,0.0,2026-09-07T22:03:42.351023+00:00
2026-09-10T00:20:00,capture_daily_furnace_min_per_cycle,accumulator,input_number.furnace_min_per_cycle_day_3,0.0,2026-09-07T22:03:42.351223+00:00
2026-09-10T00:20:00,capture_daily_furnace_min_per_cycle,accumulator,input_number.furnace_min_per_cycle_day_4,0.0,2026-09-07T22:03:42.351509+00:00
2026-09-10T00:20:00,capture_daily_furnace_min_per_cycle,accumulator,input_number.furnace_min_per_cycle_day_5,0.0,2026-09-07T22:03:42.351666+00:00
2026-09-10T00:20:00,capture_daily_furnace_min_per_cycle,accumulator,input_number.furnace_min_per_cycle_day_6,0.0,2026-09-07T22:03:42.351824+00:00
2026-09-10T00:20:00,capture_daily_furnace_min_per_cycle,accumulator,input_number.furnace_min_per_cycle_day_7,0.0,2026-09-07T22:03:42.351968+00:00
2026-09-10T00:20:00,capture_daily_furnace_min_per_cycle,accumulator,input_datetime.furnace_cycle_capture_last_ok,1970-01-01 00:00:00,2026-09-07T22:03:42.326881+00:00
2026-09-10T00:20:00,capture_daily_furnace_watts,spc,input_number.furnace_running_watts_day_1,770.7,2026-09-10T03:59:00.862457+00:00
2026-09-10T00:20:00,capture_daily_furnace_watts,spc,input_number.furnace_running_watts_day_2,767.1,2026-09-10T03:59:00.860964+00:00
2026-09-10T00:20:00,capture_daily_furnace_watts,spc,input_number.furnace_running_watts_day_3,767.5,2026-09-10T03:59:00.858889+00:00
2026-09-10T00:20:00,capture_daily_furnace_watts,spc,input_number.furnace_running_watts_day_4,774.1,2026-09-10T03:59:00.857511+00:00
2026-09-10T00:20:00,capture_daily_furnace_watts,spc,input_number.furnace_running_watts_day_5,772.9,2026-09-10T03:59:00.855967+00:00
2026-09-10T00:20:00,capture_daily_furnace_watts,spc,input_number.furnace_running_watts_day_6,774.6,2026-09-10T03:59:00.855026+00:00
2026-09-10T00:20:00,capture_daily_furnace_watts,spc,input_number.furnace_running_watts_day_7,774.5,2026-09-10T03:59:00.851917+00:00
2026-09-10T00:20:00,capture_daily_furnace_watts,spc,input_datetime.furnace_spc_last_capture,2026-09-09,2026-09-10T03:59:00.864729+00:00
2026-09-10T00:20:00,capture_daily_furnace_watts,spc,input_datetime.furnace_spc_last_seed,2026-08-21,2026-09-07T22:03:42.328229+00:00
2026-09-10T00:20:00,capture_daily_hdd,accumulator,input_number.hdd_day_1,0.0,2026-09-09T03:55:00.250938+00:00
2026-09-10T00:20:00,capture_daily_hdd,accumulator,input_number.hdd_day_2,0.0,2026-09-10T03:55:00.260064+00:00
2026-09-10T00:20:00,capture_daily_hdd,accumulator,input_number.hdd_day_3,0.7,2026-09-10T03:55:00.256341+00:00
2026-09-10T00:20:00,capture_daily_hdd,accumulator,input_number.hdd_day_4,1.6,2026-09-10T03:55:00.249624+00:00
2026-09-10T00:20:00,capture_daily_hdd,accumulator,input_number.hdd_day_5,0.0,2026-09-07T22:03:42.346877+00:00
2026-09-10T00:20:00,capture_daily_hdd,accumulator,input_number.hdd_day_6,0.0,2026-09-07T22:03:42.347032+00:00
2026-09-10T00:20:00,capture_daily_hdd,accumulator,input_number.hdd_day_7,0.0,2026-09-07T22:03:42.347226+00:00
2026-09-10T00:20:00,capture_daily_hdd,accumulator,input_datetime.hdd_capture_last_ok,2026-09-09 23:55:00,2026-09-10T03:55:00.267798+00:00
2026-09-10T00:20:00,capture_daily_hwh_recirc_watts,spc,input_number.hwh_recirc_running_watts_day_1,107.6,2026-09-10T03:59:00.814460+00:00
2026-09-10T00:20:00,capture_daily_hwh_recirc_watts,spc,input_number.hwh_recirc_running_watts_day_2,106.5,2026-09-10T03:59:00.813170+00:00
2026-09-10T00:20:00,capture_daily_hwh_recirc_watts,spc,input_number.hwh_recirc_running_watts_day_3,107.1,2026-09-10T03:59:00.812305+00:00
2026-09-10T00:20:00,capture_daily_hwh_recirc_watts,spc,input_number.hwh_recirc_running_watts_day_4,107.4,2026-09-10T03:59:00.811340+00:00
2026-09-10T00:20:00,capture_daily_hwh_recirc_watts,spc,input_number.hwh_recirc_running_watts_day_5,106.9,2026-09-10T03:59:00.368254+00:00
2026-09-10T00:20:00,capture_daily_hwh_recirc_watts,spc,input_number.hwh_recirc_running_watts_day_6,106.3,2026-09-10T03:59:00.365699+00:00
2026-09-10T00:20:00,capture_daily_hwh_recirc_watts,spc,input_number.hwh_recirc_running_watts_day_7,107.7,2026-09-10T03:59:00.364109+00:00
2026-09-10T00:20:00,capture_daily_hwh_recirc_watts,spc,input_datetime.hwh_recirc_spc_last_capture,2026-09-09,2026-09-10T03:59:00.815951+00:00
2026-09-10T00:20:00,capture_daily_hwh_recirc_watts,spc,input_datetime.hwh_recirc_spc_last_seed,2026-08-21,2026-09-07T22:03:42.328467+00:00
2026-09-10T00:20:00,capture_daily_monthly_tracking,accumulator,input_number.ac_cycles_month_acc,35.0,2026-09-10T03:56:30.365995+00:00
2026-09-10T00:20:00,capture_daily_monthly_tracking,accumulator,input_number.ac_cycles_year_acc,659.0,2026-09-10T03:56:30.381043+00:00
2026-09-10T00:20:00,capture_daily_monthly_tracking,accumulator,input_number.ac_runtime_month_acc,11.3,2026-09-10T03:56:30.364879+00:00
2026-09-10T00:20:00,capture_daily_monthly_tracking,accumulator,input_number.ac_runtime_year_acc,290.98,2026-09-10T03:56:30.368440+00:00
2026-09-10T00:20:00,capture_daily_monthly_tracking,accumulator,input_number.cdd_cumulative_month_auto,24.9,2026-09-10T03:56:30.350365+00:00
2026-09-10T00:20:00,capture_daily_monthly_tracking,accumulator,input_number.cdd_cumulative_year_auto,648.3,2026-09-10T03:56:30.353873+00:00
2026-09-10T00:20:00,capture_daily_monthly_tracking,accumulator,input_number.expected_runtime_sum_month,0.0,2026-09-07T22:03:42.354016+00:00
2026-09-10T00:20:00,capture_daily_monthly_tracking,accumulator,input_number.furnace_cycles_month_acc,0.0,2026-09-07T22:03:42.354220+00:00
2026-09-10T00:20:00,capture_daily_monthly_tracking,accumulator,input_number.furnace_runtime_month_acc,0.0,2026-09-07T22:03:42.354123+00:00
2026-09-10T00:20:00,capture_daily_monthly_tracking,accumulator,input_number.hdd_cumulative_month_auto,2.3,2026-09-08T03:56:30.335379+00:00
2026-09-10T00:20:00,capture_daily_monthly_tracking,accumulator,input_number.hdd_cumulative_year_auto,3729.2,2026-09-08T03:56:30.337857+00:00
2026-09-10T00:20:00,capture_daily_monthly_tracking,accumulator,input_number.outdoor_temp_days_month,9.0,2026-09-10T03:56:30.359370+00:00
2026-09-10T00:20:00,capture_daily_monthly_tracking,accumulator,input_number.outdoor_temp_sum_month,608.4,2026-09-10T03:56:30.357999+00:00
2026-09-10T00:20:00,capture_daily_monthly_tracking,accumulator,input_number.zone_1f_cool_cycles_month_acc,0.0,2026-09-07T22:03:42.355068+00:00
2026-09-10T00:20:00,capture_daily_monthly_tracking,accumulator,input_number.zone_1f_cool_runtime_month_acc,0.0,2026-09-07T22:03:42.354899+00:00
2026-09-10T00:20:00,capture_daily_monthly_tracking,accumulator,input_number.zone_1f_cycles_month_acc,0.0,2026-09-07T22:03:42.354486+00:00
2026-09-10T00:20:00,capture_daily_monthly_tracking,accumulator,input_number.zone_1f_runtime_month_acc,0.0,2026-09-07T22:03:42.354306+00:00
2026-09-10T00:20:00,capture_daily_monthly_tracking,accumulator,input_number.zone_2f_cool_cycles_month_acc,35.0,2026-09-10T03:56:30.367910+00:00
2026-09-10T00:20:00,capture_daily_monthly_tracking,accumulator,input_number.zone_2f_cool_runtime_month_acc,11.3,2026-09-10T03:56:30.367029+00:00
2026-09-10T00:20:00,capture_daily_monthly_tracking,accumulator,input_number.zone_2f_cycles_month_acc,0.0,2026-09-07T22:03:42.354595+00:00
2026-09-10T00:20:00,capture_daily_monthly_tracking,accumulator,input_number.zone_2f_runtime_month_acc,0.0,2026-09-07T22:03:42.354396+00:00
2026-09-10T00:20:00,capture_daily_monthly_tracking,accumulator,input_datetime.monthly_tracking_capture_last_ok,2026-09-09 23:56:30,2026-09-10T03:56:30.333313+00:00
2026-09-10T00:20:00,capture_daily_runtime_per_cdd,accumulator,input_number.runtime_per_cdd_day_1,22.0,2026-09-10T03:56:45.228186+00:00
2026-09-10T00:20:00,capture_daily_runtime_per_cdd,accumulator,input_number.runtime_per_cdd_day_2,87.2,2026-09-10T03:56:45.218261+00:00
2026-09-10T00:20:00,capture_daily_runtime_per_cdd,accumulator,input_number.runtime_per_cdd_day_3,41.0,2026-09-10T03:56:45.216144+00:00
2026-09-10T00:20:00,capture_daily_runtime_per_cdd,accumulator,input_number.runtime_per_cdd_day_4,22.1,2026-09-10T03:56:45.209901+00:00
2026-09-10T00:20:00,capture_daily_runtime_per_cdd,accumulator,input_number.runtime_per_cdd_day_5,20.1,2026-09-10T03:56:45.200817+00:00
2026-09-10T00:20:00,capture_daily_runtime_per_cdd,accumulator,input_number.runtime_per_cdd_day_6,14.3,2026-09-10T03:56:45.191841+00:00
2026-09-10T00:20:00,capture_daily_runtime_per_cdd,accumulator,input_number.runtime_per_cdd_day_7,54.8,2026-09-10T03:56:45.184699+00:00
2026-09-10T00:20:00,capture_daily_runtime_per_cdd,accumulator,input_datetime.runtime_per_cdd_capture_last_ok,2026-09-09 23:56:45,2026-09-10T03:56:45.237116+00:00
2026-09-10T00:20:00,capture_daily_runtime_per_hdd,accumulator,input_number.runtime_per_hdd_day_1,0.0,2026-09-07T22:03:42.347453+00:00
2026-09-10T00:20:00,capture_daily_runtime_per_hdd,accumulator,input_number.runtime_per_hdd_day_2,0.0,2026-09-07T22:03:42.347621+00:00
2026-09-10T00:20:00,capture_daily_runtime_per_hdd,accumulator,input_number.runtime_per_hdd_day_3,0.0,2026-09-07T22:03:42.347769+00:00
2026-09-10T00:20:00,capture_daily_runtime_per_hdd,accumulator,input_number.runtime_per_hdd_day_4,0.0,2026-09-07T22:03:42.347908+00:00
2026-09-10T00:20:00,capture_daily_runtime_per_hdd,accumulator,input_number.runtime_per_hdd_day_5,0.0,2026-09-07T22:03:42.348060+00:00
2026-09-10T00:20:00,capture_daily_runtime_per_hdd,accumulator,input_number.runtime_per_hdd_day_6,0.0,2026-09-07T22:03:42.348264+00:00
2026-09-10T00:20:00,capture_daily_runtime_per_hdd,accumulator,input_number.runtime_per_hdd_day_7,0.0,2026-09-07T22:03:42.348429+00:00
2026-09-10T00:20:00,capture_daily_runtime_per_hdd,accumulator,input_datetime.runtime_per_hdd_capture_last_ok,2026-09-09 23:56:00,2026-09-10T03:56:00.095211+00:00
2026-09-10T00:20:00,capture_daily_water_overnight,leak,input_number.water_overnight_min_day_1,0.0,2026-09-08T09:00:45.267081+00:00
2026-09-10T00:20:00,capture_daily_water_overnight,leak,input_number.water_overnight_min_day_2,0.0,2026-09-09T09:00:45.259855+00:00
2026-09-10T00:20:00,capture_daily_water_overnight,leak,input_number.water_overnight_min_day_3,0.1,2026-09-09T09:00:45.259254+00:00
2026-09-10T00:20:00,capture_daily_water_overnight,leak,input_number.water_overnight_min_day_4,0.0,2026-09-07T22:03:42.379045+00:00
2026-09-10T00:20:00,capture_daily_water_overnight,leak,input_number.water_overnight_min_day_5,0.0,2026-09-07T22:03:42.379127+00:00
2026-09-10T00:20:00,capture_daily_water_overnight,leak,input_number.water_overnight_min_day_6,0.0,2026-09-07T22:03:42.379209+00:00
2026-09-10T00:20:00,capture_daily_water_overnight,leak,input_number.water_overnight_min_day_7,0.0,2026-09-07T22:03:42.379294+00:00
2026-09-10T00:20:00,capture_daily_water_overnight,leak,input_datetime.water_overnight_capture_last_ok,2026-09-09 05:00:45,2026-09-09T09:00:45.261771+00:00
